"gene_id","n_LRonly_isoforms","gene_name"
"ENSG00000145362",14,"ANK2"
"ENSG00000127990",12,"SGCE"
"ENSG00000145216",11,"FIP1L1"
"ENSG00000109654",10,"TRIM2"
"ENSG00000198300",9,"PEG3"
"ENSG00000156113",8,"KCNMA1"
"ENSG00000068400",7,"GRIPAP1"
"ENSG00000101333",7,"PLCB4"
"ENSG00000118473",7,"SGIP1"
"ENSG00000141510",7,"TP53"
"ENSG00000165119",7,"HNRNPK"
"ENSG00000114354",6,"TFG"
"ENSG00000147642",6,"SYBU"
"ENSG00000149781",6,"FERMT3"
"ENSG00000172748",6,"ZNF596"
"ENSG00000182923",6,"CEP63"
"ENSG00000187045",6,"TMPRSS6"
"ENSG00000080503",5,"SMARCA2"
"ENSG00000100385",5,"IL2RB"
"ENSG00000104218",5,"CSPP1"
"ENSG00000109339",5,"MAPK10"
"ENSG00000111732",5,"AICDA"
"ENSG00000130294",5,"KIF1A"
"ENSG00000135317",5,"SNX14"
"ENSG00000164334",5,"FAM170A"
"ENSG00000187908",5,"DMBT1"
"ENSG00000188321",5,"ZNF559"
"ENSG00000203485",5,"INF2"
"ENSG00000204296",5,"TSBP1"
"ENSG00000205336",5,"ADGRG1"
"ENSG00000034053",4,"APBA2"
"ENSG00000070756",4,"PABPC1"
"ENSG00000100968",4,"NFATC4"
"ENSG00000112715",4,"VEGFA"
"ENSG00000115355",4,"CCDC88A"
"ENSG00000121940",4,"CLCC1"
"ENSG00000122367",4,"LDB3"
"ENSG00000135316",4,"SYNCRIP"
"ENSG00000138068",4,"SULT6B1"
"ENSG00000138757",4,"G3BP2"
"ENSG00000145349",4,"CAMK2D"
"ENSG00000145907",4,"G3BP1"
"ENSG00000150045",4,"KLRF1"
"ENSG00000150275",4,"PCDH15"
"ENSG00000153113",4,"CAST"
"ENSG00000154743",4,"TSEN2"
"ENSG00000154845",4,"PPP4R1"
"ENSG00000156650",4,"KAT6B"
"ENSG00000157540",4,"DYRK1A"
"ENSG00000157551",4,"KCNJ15"
"ENSG00000159023",4,"EPB41"
"ENSG00000162782",4,"TDRD5"
"ENSG00000163913",4,"IFT122"
"ENSG00000166069",4,"TMCO5A"
"ENSG00000166928",4,"MS4A14"
"ENSG00000166947",4,"EPB42"
"ENSG00000168216",4,"LMBRD1"
"ENSG00000168610",4,"STAT3"
"ENSG00000169224",4,"GCSAML"
"ENSG00000169344",4,"UMOD"
"ENSG00000170180",4,"GYPA"
"ENSG00000175857",4,"GAPT"
"ENSG00000176083",4,"ZNF683"
"ENSG00000188992",4,"LIPI"
"ENSG00000189013",4,"KIR2DL4"
"ENSG00000189023",4,"MAGEB16"
"ENSG00000196090",4,"PTPRT"
"ENSG00000196628",4,"TCF4"
"ENSG00000197430",4,"OPALIN"
"ENSG00000204580",4,"DDR1"
"ENSG00000205809",4,"KLRC2"
"ENSG00000269699",4,"ZIM2"
"ENSG00000003393",3,"ALS2"
"ENSG00000050405",3,"LIMA1"
"ENSG00000061273",3,"HDAC7"
"ENSG00000061938",3,"TNK2"
"ENSG00000065809",3,"FAM107B"
"ENSG00000075043",3,"KCNQ2"
"ENSG00000075413",3,"MARK3"
"ENSG00000075711",3,"DLG1"
"ENSG00000079277",3,"MKNK1"
"ENSG00000080815",3,"PSEN1"
"ENSG00000081059",3,"TCF7"
"ENSG00000081189",3,"MEF2C"
"ENSG00000081665",3,"ZNF506"
"ENSG00000082074",3,"FYB1"
"ENSG00000083067",3,"TRPM3"
"ENSG00000091592",3,"NLRP1"
"ENSG00000095110",3,"NXPE1"
"ENSG00000100055",3,"CYTH4"
"ENSG00000100665",3,"SERPINA4"
"ENSG00000103034",3,"NDRG4"
"ENSG00000104408",3,"EIF3E"
"ENSG00000104760",3,"FGL1"
"ENSG00000105176",3,"URI1"
"ENSG00000106278",3,"PTPRZ1"
"ENSG00000115170",3,"ACVR1"
"ENSG00000115414",3,"FN1"
"ENSG00000122224",3,"LY9"
"ENSG00000122390",3,"NAA60"
"ENSG00000122566",3,"HNRNPA2B1"
"ENSG00000124092",3,"CTCFL"
"ENSG00000124356",3,"STAMBP"
"ENSG00000124490",3,"CRISP2"
"ENSG00000125900",3,"SIRPD"
"ENSG00000127955",3,"GNAI1"
"ENSG00000128242",3,"GAL3ST1"
"ENSG00000130226",3,"DPP6"
"ENSG00000130234",3,"ACE2"
"ENSG00000130396",3,"AFDN"
"ENSG00000130592",3,"LSP1"
"ENSG00000131355",3,"ADGRE3"
"ENSG00000133742",3,"CA1"
"ENSG00000134339",3,"SAA2"
"ENSG00000134769",3,"DTNA"
"ENSG00000135100",3,"HNF1A"
"ENSG00000137948",3,"BRDT"
"ENSG00000139144",3,"PIK3C2G"
"ENSG00000139151",3,"PLCZ1"
"ENSG00000143452",3,"HORMAD1"
"ENSG00000143614",3,"GATAD2B"
"ENSG00000146039",3,"SLC17A4"
"ENSG00000147533",3,"GOLGA7"
"ENSG00000148053",3,"NTRK2"
"ENSG00000148584",3,"A1CF"
"ENSG00000151067",3,"CACNA1C"
"ENSG00000151883",3,"PARP8"
"ENSG00000151948",3,"GLT1D1"
"ENSG00000152942",3,"RAD17"
"ENSG00000153498",3,"SPACA7"
"ENSG00000155249",3,"OR4K1"
"ENSG00000157103",3,"SLC6A1"
"ENSG00000157193",3,"LRP8"
"ENSG00000158887",3,"MPZ"
"ENSG00000159398",3,"CES5A"
"ENSG00000160255",3,"ITGB2"
"ENSG00000160882",3,"CYP11B1"
"ENSG00000160948",3,"VPS28"
"ENSG00000162891",3,"IL20"
"ENSG00000163681",3,"SLMAP"
"ENSG00000163746",3,"PLSCR2"
"ENSG00000167210",3,"LOXHD1"
"ENSG00000168280",3,"KIF5C"
"ENSG00000168314",3,"MOBP"
"ENSG00000168594",3,"ADAM29"
"ENSG00000169255",3,"B3GALNT1"
"ENSG00000169347",3,"GP2"
"ENSG00000169562",3,"GJB1"
"ENSG00000170848",3,"PSG6"
"ENSG00000172354",3,"GNB2"
"ENSG00000172995",3,"ARPP21"
"ENSG00000173262",3,"SLC2A14"
"ENSG00000173699",3,"SPATA3"
"ENSG00000174837",3,"ADGRE1"
"ENSG00000176884",3,"GRIN1"
"ENSG00000177374",3,"HIC1"
"ENSG00000177426",3,"TGIF1"
"ENSG00000178209",3,"PLEC"
"ENSG00000179626",3,"OR6C4"
"ENSG00000181027",3,"FKRP"
"ENSG00000182389",3,"CACNB4"
"ENSG00000182732",3,"RGS6"
"ENSG00000182901",3,"RGS7"
"ENSG00000186652",3,"PRG2"
"ENSG00000188385",3,"JAKMIP3"
"ENSG00000196344",3,"ADH7"
"ENSG00000197360",3,"ZNF98"
"ENSG00000197641",3,"SERPINB13"
"ENSG00000197658",3,"SLC22A24"
"ENSG00000197694",3,"SPTAN1"
"ENSG00000197928",3,"ZNF677"
"ENSG00000198561",3,"CTNND1"
"ENSG00000204536",3,"CCHCR1"
"ENSG00000204669",3,"C9orf57"
"ENSG00000204979",3,"MS4A13"
"ENSG00000215301",3,"DDX3X"
"ENSG00000227124",3,"ZNF717"
"ENSG00000239998",3,"LILRA2"
"ENSG00000266173",3,"STRADA"
"ENSG00000001631",2,"KRIT1"
"ENSG00000004487",2,"KDM1A"
"ENSG00000005302",2,"MSL3"
"ENSG00000006283",2,"CACNA1G"
"ENSG00000007372",2,"PAX6"
"ENSG00000008283",2,"CYB561"
"ENSG00000009307",2,"CSDE1"
"ENSG00000011332",2,"DPF1"
"ENSG00000020633",2,"RUNX3"
"ENSG00000047936",2,"ROS1"
"ENSG00000049759",2,"NEDD4L"
"ENSG00000050820",2,"BCAR1"
"ENSG00000054523",2,"KIF1B"
"ENSG00000054654",2,"SYNE2"
"ENSG00000058272",2,"PPP1R12A"
"ENSG00000058404",2,"CAMK2B"
"ENSG00000062524",2,"LTK"
"ENSG00000064012",2,"CASP8"
"ENSG00000065371",2,"ROPN1"
"ENSG00000066468",2,"FGFR2"
"ENSG00000066813",2,"ACSM2B"
"ENSG00000067715",2,"SYT1"
"ENSG00000068305",2,"MEF2A"
"ENSG00000069020",2,"MAST4"
"ENSG00000069206",2,"ADAM7"
"ENSG00000070831",2,"CDC42"
"ENSG00000073584",2,"SMARCE1"
"ENSG00000073734",2,"ABCB11"
"ENSG00000073849",2,"ST6GAL1"
"ENSG00000077264",2,"PAK3"
"ENSG00000077782",2,"FGFR1"
"ENSG00000078328",2,"RBFOX1"
"ENSG00000078369",2,"GNB1"
"ENSG00000081237",2,"PTPRC"
"ENSG00000082641",2,"NFE2L1"
"ENSG00000086666",2,"ZFAND6"
"ENSG00000089127",2,"OAS1"
"ENSG00000090512",2,"FETUB"
"ENSG00000090621",2,"PABPC4"
"ENSG00000092108",2,"SCFD1"
"ENSG00000094631",2,"HDAC6"
"ENSG00000095794",2,"CREM"
"ENSG00000099917",2,"MED15"
"ENSG00000100350",2,"FOXRED2"
"ENSG00000100364",2,"KIAA0930"
"ENSG00000100721",2,"TCL1A"
"ENSG00000101076",2,"HNF4A"
"ENSG00000101160",2,"CTSZ"
"ENSG00000101871",2,"MID1"
"ENSG00000101916",2,"TLR8"
"ENSG00000102145",2,"GATA1"
"ENSG00000103415",2,"HMOX2"
"ENSG00000103569",2,"AQP9"
"ENSG00000104324",2,"CPQ"
"ENSG00000104381",2,"GDAP1"
"ENSG00000104419",2,"NDRG1"
"ENSG00000104447",2,"TRPS1"
"ENSG00000104499",2,"GML"
"ENSG00000104755",2,"ADAM2"
"ENSG00000104918",2,"RETN"
"ENSG00000104972",2,"LILRB1"
"ENSG00000105198",2,"LGALS13"
"ENSG00000106410",2,"NOBOX"
"ENSG00000106628",2,"POLD2"
"ENSG00000106852",2,"LHX6"
"ENSG00000107147",2,"KCNT1"
"ENSG00000107521",2,"HPS1"
"ENSG00000107897",2,"ACBD5"
"ENSG00000108433",2,"GOSR2"
"ENSG00000108946",2,"PRKAR1A"
"ENSG00000109099",2,"PMP22"
"ENSG00000109181",2,"UGT2B10"
"ENSG00000109576",2,"AADAT"
"ENSG00000109689",2,"STIM2"
"ENSG00000110076",2,"NRXN2"
"ENSG00000110436",2,"SLC1A2"
"ENSG00000110888",2,"CAPRIN2"
"ENSG00000111700",2,"SLCO1B3"
"ENSG00000112038",2,"OPRM1"
"ENSG00000112077",2,"RHAG"
"ENSG00000112337",2,"SLC17A2"
"ENSG00000112964",2,"GHR"
"ENSG00000112983",2,"BRD8"
"ENSG00000113580",2,"NR3C1"
"ENSG00000114861",2,"FOXP1"
"ENSG00000115540",2,"MOB4"
"ENSG00000115607",2,"IL18RAP"
"ENSG00000116690",2,"PRG4"
"ENSG00000116701",2,"NCF2"
"ENSG00000116852",2,"KIF21B"
"ENSG00000117407",2,"ARTN"
"ENSG00000118308",2,"IRAG2"
"ENSG00000120563",2,"LYZL1"
"ENSG00000120913",2,"PDLIM2"
"ENSG00000121057",2,"AKAP1"
"ENSG00000121335",2,"PRB2"
"ENSG00000121380",2,"BCL2L14"
"ENSG00000121742",2,"GJB6"
"ENSG00000122133",2,"PAEP"
"ENSG00000122304",2,"PRM2"
"ENSG00000123106",2,"CCDC91"
"ENSG00000123983",2,"ACSL3"
"ENSG00000124313",2,"IQSEC2"
"ENSG00000124486",2,"USP9X"
"ENSG00000125375",2,"DMAC2L"
"ENSG00000125815",2,"CST8"
"ENSG00000125823",2,"CSTL1"
"ENSG00000125952",2,"MAX"
"ENSG00000126091",2,"ST3GAL3"
"ENSG00000126251",2,"GPR42"
"ENSG00000127616",2,"SMARCA4"
"ENSG00000129993",2,"CBFA2T3"
"ENSG00000130475",2,"FCHO1"
"ENSG00000130844",2,"ZNF331"
"ENSG00000131018",2,"SYNE1"
"ENSG00000131196",2,"NFATC1"
"ENSG00000131323",2,"TRAF3"
"ENSG00000131374",2,"TBC1D5"
"ENSG00000131808",2,"FSHB"
"ENSG00000132639",2,"SNAP25"
"ENSG00000133943",2,"DGLUCY"
"ENSG00000133961",2,"NUMB"
"ENSG00000133962",2,"CATSPERB"
"ENSG00000134028",2,"ADAMDEC1"
"ENSG00000134184",2,"GSTM1"
"ENSG00000134365",2,"CFHR4"
"ENSG00000134470",2,"IL15RA"
"ENSG00000134545",2,"KLRC1"
"ENSG00000135426",2,"TESPA1"
"ENSG00000135541",2,"AHI1"
"ENSG00000136002",2,"ARHGEF4"
"ENSG00000136155",2,"SCEL"
"ENSG00000136574",2,"GATA4"
"ENSG00000136689",2,"IL1RN"
"ENSG00000136696",2,"IL36B"
"ENSG00000136931",2,"NR5A1"
"ENSG00000136944",2,"LMX1B"
"ENSG00000137204",2,"SLC22A7"
"ENSG00000137251",2,"TINAG"
"ENSG00000137496",2,"IL18BP"
"ENSG00000138190",2,"EXOC6"
"ENSG00000138674",2,"SEC31A"
"ENSG00000139182",2,"CLSTN3"
"ENSG00000140403",2,"DNAJA4"
"ENSG00000140798",2,"ABCC12"
"ENSG00000140931",2,"CMTM3"
"ENSG00000141252",2,"VPS53"
"ENSG00000141376",2,"BCAS3"
"ENSG00000141527",2,"CARD14"
"ENSG00000141837",2,"CACNA1A"
"ENSG00000143153",2,"ATP1B1"
"ENSG00000143226",2,"FCGR2A"
"ENSG00000143278",2,"F13B"
"ENSG00000143442",2,"POGZ"
"ENSG00000143870",2,"PDIA6"
"ENSG00000144426",2,"NBEAL1"
"ENSG00000144674",2,"GOLGA4"
"ENSG00000144891",2,"AGTR1"
"ENSG00000145826",2,"LECT2"
"ENSG00000145901",2,"TNIP1"
"ENSG00000146378",2,"TAAR2"
"ENSG00000146910",2,"CNPY1"
"ENSG00000146926",2,"ASB10"
"ENSG00000147010",2,"SH3KBP1"
"ENSG00000147044",2,"CASK"
"ENSG00000147381",2,"MAGEA4"
"ENSG00000147408",2,"CSGALNACT1"
"ENSG00000147526",2,"TACC1"
"ENSG00000147654",2,"EBAG9"
"ENSG00000148513",2,"ANKRD30A"
"ENSG00000148541",2,"FAM13C"
"ENSG00000148735",2,"PLEKHS1"
"ENSG00000149043",2,"SYT8"
"ENSG00000149182",2,"ARFGAP2"
"ENSG00000149231",2,"CCDC82"
"ENSG00000149483",2,"TMEM138"
"ENSG00000149532",2,"CPSF7"
"ENSG00000149970",2,"CNKSR2"
"ENSG00000150093",2,"ITGB1"
"ENSG00000150471",2,"ADGRL3"
"ENSG00000150527",2,"MIA2"
"ENSG00000150672",2,"DLG2"
"ENSG00000151033",2,"LYZL2"
"ENSG00000151490",2,"PTPRO"
"ENSG00000151491",2,"EPS8"
"ENSG00000151702",2,"FLI1"
"ENSG00000151952",2,"TMEM132D"
"ENSG00000152430",2,"BOLL"
"ENSG00000152467",2,"ZSCAN1"
"ENSG00000153048",2,"CARHSP1"
"ENSG00000153822",2,"KCNJ16"
"ENSG00000154310",2,"TNIK"
"ENSG00000154438",2,"ASZ1"
"ENSG00000154556",2,"SORBS2"
"ENSG00000154978",2,"VOPP1"
"ENSG00000155465",2,"SLC7A7"
"ENSG00000155833",2,"CYLC2"
"ENSG00000156222",2,"SLC28A1"
"ENSG00000156265",2,"MAP3K7CL"
"ENSG00000156504",2,"PABIR2"
"ENSG00000156738",2,"MS4A1"
"ENSG00000157106",2,"SMG1"
"ENSG00000157388",2,"CACNA1D"
"ENSG00000157601",2,"MX1"
"ENSG00000158485",2,"CD1B"
"ENSG00000158806",2,"NPM2"
"ENSG00000159063",2,"ALG8"
"ENSG00000159140",2,"SON"
"ENSG00000159261",2,"CLDN14"
"ENSG00000160321",2,"ZNF208"
"ENSG00000160868",2,"CYP3A4"
"ENSG00000160991",2,"ORAI2"
"ENSG00000161031",2,"PGLYRP2"
"ENSG00000161634",2,"DCD"
"ENSG00000161911",2,"TREML1"
"ENSG00000161944",2,"ASGR2"
"ENSG00000162078",2,"ZG16B"
"ENSG00000162365",2,"CYP4A22"
"ENSG00000162571",2,"TTLL10"
"ENSG00000162676",2,"GFI1"
"ENSG00000162779",2,"AXDND1"
"ENSG00000162892",2,"IL24"
"ENSG00000162897",2,"FCAMR"
"ENSG00000162910",2,"MRPL55"
"ENSG00000162946",2,"DISC1"
"ENSG00000163072",2,"NOSTRIN"
"ENSG00000163092",2,"XIRP2"
"ENSG00000163218",2,"PGLYRP4"
"ENSG00000163349",2,"HIPK1"
"ENSG00000163412",2,"EIF4E3"
"ENSG00000163534",2,"FCRL1"
"ENSG00000163564",2,"PYHIN1"
"ENSG00000163600",2,"ICOS"
"ENSG00000163701",2,"IL17RE"
"ENSG00000163749",2,"CCDC158"
"ENSG00000164270",2,"HTR4"
"ENSG00000164485",2,"IL22RA2"
"ENSG00000164828",2,"SUN1"
"ENSG00000164893",2,"SLC7A13"
"ENSG00000165457",2,"FOLR2"
"ENSG00000166452",2,"AKIP1"
"ENSG00000166669",2,"ATF7IP2"
"ENSG00000166948",2,"TGM6"
"ENSG00000167261",2,"DPEP2"
"ENSG00000167323",2,"STIM1"
"ENSG00000167371",2,"PRRT2"
"ENSG00000167522",2,"ANKRD11"
"ENSG00000167633",2,"KIR3DL1"
"ENSG00000167822",2,"OR8J3"
"ENSG00000168036",2,"CTNNB1"
"ENSG00000168329",2,"CX3CR1"
"ENSG00000168589",2,"DYNLRB2"
"ENSG00000168619",2,"ADAM18"
"ENSG00000168883",2,"USP39"
"ENSG00000169208",2,"OR10G3"
"ENSG00000169214",2,"OR6F1"
"ENSG00000169379",2,"ARL13B"
"ENSG00000169436",2,"COL22A1"
"ENSG00000169554",2,"ZEB2"
"ENSG00000169814",2,"BTD"
"ENSG00000170160",2,"CCDC144A"
"ENSG00000170178",2,"HOXD12"
"ENSG00000170236",2,"USP50"
"ENSG00000170255",2,"MRGPRX1"
"ENSG00000170484",2,"KRT74"
"ENSG00000170615",2,"SLC26A5"
"ENSG00000170777",2,"TPD52L3"
"ENSG00000171045",2,"TSNARE1"
"ENSG00000171049",2,"FPR2"
"ENSG00000171195",2,"MUC7"
"ENSG00000171557",2,"FGG"
"ENSG00000171561",2,"OR2AT4"
"ENSG00000171680",2,"PLEKHG5"
"ENSG00000172046",2,"USP19"
"ENSG00000172349",2,"IL16"
"ENSG00000172457",2,"OR9G4"
"ENSG00000172487",2,"OR8J1"
"ENSG00000172673",2,"THEMIS"
"ENSG00000172915",2,"NBEA"
"ENSG00000172967",2,"XKR3"
"ENSG00000173011",2,"TADA2B"
"ENSG00000173166",2,"RAPH1"
"ENSG00000173230",2,"GOLGB1"
"ENSG00000173253",2,"DMRT2"
"ENSG00000173391",2,"OLR1"
"ENSG00000173597",2,"SULT1B1"
"ENSG00000174099",2,"MSRB3"
"ENSG00000174891",2,"RSRC1"
"ENSG00000175065",2,"DSG4"
"ENSG00000176294",2,"OR4N2"
"ENSG00000176299",2,"OR4M1"
"ENSG00000176406",2,"RIMS2"
"ENSG00000176895",2,"OR51A7"
"ENSG00000176979",2,"TRIM60"
"ENSG00000177138",2,"FAM9B"
"ENSG00000177542",2,"SLC25A22"
"ENSG00000177675",2,"CD163L1"
"ENSG00000177752",2,"YIPF7"
"ENSG00000177830",2,"CHID1"
"ENSG00000178104",2,"PDE4DIP"
"ENSG00000179088",2,"C12orf42"
"ENSG00000179213",2,"SIGLECL1"
"ENSG00000179348",2,"GATA2"
"ENSG00000179776",2,"CDH5"
"ENSG00000179915",2,"NRXN1"
"ENSG00000180116",2,"C12orf40"
"ENSG00000181767",2,"OR8H2"
"ENSG00000182271",2,"TMIGD1"
"ENSG00000182346",2,"DAOA"
"ENSG00000182667",2,"NTM"
"ENSG00000183117",2,"CSMD1"
"ENSG00000183206",2,"POTEC"
"ENSG00000183389",2,"OR56A4"
"ENSG00000183735",2,"TBK1"
"ENSG00000184012",2,"TMPRSS2"
"ENSG00000184330",2,"S100A7A"
"ENSG00000184613",2,"NELL2"
"ENSG00000184887",2,"BTBD6"
"ENSG00000185038",2,"MROH2A"
"ENSG00000185640",2,"KRT79"
"ENSG00000185686",2,"PRAME"
"ENSG00000185760",2,"KCNQ5"
"ENSG00000185803",2,"SLC52A2"
"ENSG00000185811",2,"IKZF1"
"ENSG00000186081",2,"KRT5"
"ENSG00000186318",2,"BACE1"
"ENSG00000186487",2,"MYT1L"
"ENSG00000186818",2,"LILRB4"
"ENSG00000187510",2,"PLEKHG7"
"ENSG00000187555",2,"USP7"
"ENSG00000188191",2,"PRKAR1B"
"ENSG00000188629",2,"ZNF177"
"ENSG00000188766",2,"SPRED3"
"ENSG00000188779",2,"SKOR1"
"ENSG00000188958",2,"UTS2B"
"ENSG00000196498",2,"NCOR2"
"ENSG00000196735",2,"HLA-DQA1"
"ENSG00000197272",2,"IL27"
"ENSG00000197614",2,"MFAP5"
"ENSG00000197971",2,"MBP"
"ENSG00000198000",2,"NOL8"
"ENSG00000198453",2,"ZNF568"
"ENSG00000198569",2,"SLC34A3"
"ENSG00000198673",2,"TAFA2"
"ENSG00000198794",2,"SCAMP5"
"ENSG00000198910",2,"L1CAM"
"ENSG00000198947",2,"DMD"
"ENSG00000203710",2,"CR1"
"ENSG00000203963",2,"C1orf141"
"ENSG00000204120",2,"GIGYF2"
"ENSG00000204179",2,"PTPN20"
"ENSG00000204193",2,"TXNDC8"
"ENSG00000204463",2,"BAG6"
"ENSG00000204694",2,"OR11A1"
"ENSG00000204842",2,"ATXN2"
"ENSG00000204889",2,"KRT40"
"ENSG00000205221",2,"VIT"
"ENSG00000205707",2,"ETFRF1"
"ENSG00000213265",2,"TSGA13"
"ENSG00000221888",2,"OR1C1"
"ENSG00000223609",2,"HBD"
"ENSG00000226490",2,"C8orf90"
"ENSG00000227059",2,"ANHX"
"ENSG00000234068",2,"PAGE2"
"ENSG00000234444",2,"ZNF736"
"ENSG00000242265",2,"PEG10"
"ENSG00000244057",2,"LCE3C"
"ENSG00000250803",2,"ENSG00000250803"
"ENSG00000251692",2,"PTX4"
"ENSG00000255298",2,"OR8G5"
"ENSG00000263639",2,"MSMB"
"ENSG00000268480",2,"NFILZ"
"ENSG00000273111",2,"LYPD4"
"ENSG00000275722",2,"LYZL6"
"ENSG00000280314",2,"OR8K3"
"ENSG00000283154",2,"IQCJ-SCHIP1"
"ENSG00000284732",2,"ENSG00000284732"
"ENSG00000289724",2,"ENSG00000289724"
"ENSG00000000971",1,"CFH"
"ENSG00000001084",1,"GCLC"
"ENSG00000001626",1,"CFTR"
"ENSG00000002726",1,"AOC1"
"ENSG00000003096",1,"KLHL13"
"ENSG00000003249",1,"DBNDD1"
"ENSG00000003989",1,"SLC7A2"
"ENSG00000004399",1,"PLXND1"
"ENSG00000004478",1,"FKBP4"
"ENSG00000004776",1,"HSPB6"
"ENSG00000004848",1,"ARX"
"ENSG00000005100",1,"DHX33"
"ENSG00000005194",1,"CIAPIN1"
"ENSG00000005471",1,"ABCB4"
"ENSG00000005810",1,"MYCBP2"
"ENSG00000005844",1,"ITGAL"
"ENSG00000005882",1,"PDK2"
"ENSG00000006607",1,"FARP2"
"ENSG00000006611",1,"USH1C"
"ENSG00000006744",1,"ELAC2"
"ENSG00000006788",1,"MYH13"
"ENSG00000007047",1,"MARK4"
"ENSG00000007168",1,"PAFAH1B1"
"ENSG00000007174",1,"DNAH9"
"ENSG00000007237",1,"GAS7"
"ENSG00000007264",1,"MATK"
"ENSG00000007306",1,"CEACAM7"
"ENSG00000007545",1,"CRAMP1"
"ENSG00000007908",1,"SELE"
"ENSG00000007952",1,"NOX1"
"ENSG00000008086",1,"CDKL5"
"ENSG00000008382",1,"MPND"
"ENSG00000008513",1,"ST3GAL1"
"ENSG00000008838",1,"MED24"
"ENSG00000009724",1,"MASP2"
"ENSG00000009790",1,"TRAF3IP3"
"ENSG00000009844",1,"VTA1"
"ENSG00000010404",1,"IDS"
"ENSG00000010539",1,"ZNF200"
"ENSG00000010610",1,"CD4"
"ENSG00000010671",1,"BTK"
"ENSG00000010818",1,"HIVEP2"
"ENSG00000011304",1,"PTBP1"
"ENSG00000011405",1,"PIK3C2A"
"ENSG00000011523",1,"CEP68"
"ENSG00000011600",1,"TYROBP"
"ENSG00000012232",1,"EXTL3"
"ENSG00000013374",1,"NUB1"
"ENSG00000013375",1,"PGM3"
"ENSG00000014216",1,"CAPN1"
"ENSG00000014641",1,"MDH1"
"ENSG00000015413",1,"DPEP1"
"ENSG00000015520",1,"NPC1L1"
"ENSG00000016490",1,"CLCA1"
"ENSG00000017483",1,"SLC38A5"
"ENSG00000019169",1,"MARCO"
"ENSG00000021300",1,"PLEKHB1"
"ENSG00000021461",1,"CYP3A43"
"ENSG00000021645",1,"NRXN3"
"ENSG00000021762",1,"OSBPL5"
"ENSG00000021826",1,"CPS1"
"ENSG00000022277",1,"RTF2"
"ENSG00000022355",1,"GABRA1"
"ENSG00000022556",1,"NLRP2"
"ENSG00000022976",1,"ZNF839"
"ENSG00000023171",1,"GRAMD1B"
"ENSG00000025434",1,"NR1H3"
"ENSG00000026103",1,"FAS"
"ENSG00000028116",1,"VRK2"
"ENSG00000028277",1,"POU2F2"
"ENSG00000028310",1,"BRD9"
"ENSG00000028839",1,"TBPL1"
"ENSG00000033627",1,"ATP6V0A1"
"ENSG00000036054",1,"TBC1D23"
"ENSG00000036565",1,"SLC18A1"
"ENSG00000038945",1,"MSR1"
"ENSG00000039560",1,"RAI14"
"ENSG00000040531",1,"CTNS"
"ENSG00000040633",1,"PHF23"
"ENSG00000042317",1,"SPATA7"
"ENSG00000042980",1,"ADAM28"
"ENSG00000043093",1,"DCUN1D1"
"ENSG00000044115",1,"CTNNA1"
"ENSG00000047579",1,"DTNBP1"
"ENSG00000048052",1,"HDAC9"
"ENSG00000048740",1,"CELF2"
"ENSG00000049283",1,"EPN3"
"ENSG00000049540",1,"ELN"
"ENSG00000049618",1,"ARID1B"
"ENSG00000049768",1,"FOXP3"
"ENSG00000050438",1,"SLC4A8"
"ENSG00000050748",1,"MAPK9"
"ENSG00000051128",1,"HOMER3"
"ENSG00000051382",1,"PIK3CB"
"ENSG00000051523",1,"CYBA"
"ENSG00000053747",1,"LAMA3"
"ENSG00000054356",1,"PTPRN"
"ENSG00000054938",1,"CHRDL2"
"ENSG00000054967",1,"RELT"
"ENSG00000055118",1,"KCNH2"
"ENSG00000055208",1,"TAB2"
"ENSG00000055609",1,"KMT2C"
"ENSG00000055957",1,"ITIH1"
"ENSG00000056487",1,"PHF21B"
"ENSG00000057593",1,"F7"
"ENSG00000058056",1,"USP13"
"ENSG00000058091",1,"CDK14"
"ENSG00000059145",1,"UNKL"
"ENSG00000060140",1,"STYK1"
"ENSG00000060642",1,"PIGV"
"ENSG00000062096",1,"ARSF"
"ENSG00000063438",1,"AHRR"
"ENSG00000063587",1,"ZNF275"
"ENSG00000064042",1,"LIMCH1"
"ENSG00000064225",1,"ST3GAL6"
"ENSG00000064651",1,"SLC12A2"
"ENSG00000064787",1,"BCAS1"
"ENSG00000064835",1,"POU1F1"
"ENSG00000064933",1,"PMS1"
"ENSG00000065268",1,"WDR18"
"ENSG00000065534",1,"MYLK"
"ENSG00000065618",1,"COL17A1"
"ENSG00000065717",1,"TLE2"
"ENSG00000065911",1,"MTHFD2"
"ENSG00000065989",1,"PDE4A"
"ENSG00000066032",1,"CTNNA2"
"ENSG00000066136",1,"NFYC"
"ENSG00000066248",1,"NGEF"
"ENSG00000066294",1,"CD84"
"ENSG00000066629",1,"EML1"
"ENSG00000067066",1,"SP100"
"ENSG00000067182",1,"TNFRSF1A"
"ENSG00000067208",1,"EVI5"
"ENSG00000067221",1,"STOML1"
"ENSG00000067445",1,"TRO"
"ENSG00000067646",1,"ZFY"
"ENSG00000068028",1,"RASSF1"
"ENSG00000068912",1,"ERLEC1"
"ENSG00000068971",1,"PPP2R5B"
"ENSG00000068985",1,"PAGE1"
"ENSG00000069018",1,"TRPC7"
"ENSG00000069431",1,"ABCC9"
"ENSG00000069702",1,"TGFBR3"
"ENSG00000069812",1,"HES2"
"ENSG00000069849",1,"ATP1B3"
"ENSG00000070010",1,"UFD1"
"ENSG00000070087",1,"PFN2"
"ENSG00000070190",1,"DAPP1"
"ENSG00000070269",1,"TMEM260"
"ENSG00000070669",1,"ASNS"
"ENSG00000070729",1,"CNGB1"
"ENSG00000070748",1,"CHAT"
"ENSG00000070915",1,"SLC12A3"
"ENSG00000070985",1,"TRPM5"
"ENSG00000071677",1,"PRLH"
"ENSG00000072062",1,"PRKACA"
"ENSG00000072110",1,"ACTN1"
"ENSG00000072163",1,"LIMS2"
"ENSG00000072201",1,"LNX1"
"ENSG00000072518",1,"MARK2"
"ENSG00000072682",1,"P4HA2"
"ENSG00000072694",1,"FCGR2B"
"ENSG00000072736",1,"NFATC3"
"ENSG00000073060",1,"SCARB1"
"ENSG00000073282",1,"TP63"
"ENSG00000073670",1,"ADAM11"
"ENSG00000073737",1,"DHRS9"
"ENSG00000073754",1,"CD5L"
"ENSG00000074047",1,"GLI2"
"ENSG00000074621",1,"SLC24A1"
"ENSG00000074803",1,"SLC12A1"
"ENSG00000075234",1,"TTC38"
"ENSG00000075292",1,"ZNF638"
"ENSG00000075539",1,"FRYL"
"ENSG00000075891",1,"PAX2"
"ENSG00000076928",1,"ARHGEF1"
"ENSG00000077080",1,"ACTL6B"
"ENSG00000077238",1,"IL4R"
"ENSG00000077254",1,"USP33"
"ENSG00000077380",1,"DYNC1I2"
"ENSG00000078124",1,"ACER3"
"ENSG00000078687",1,"TNRC6C"
"ENSG00000078898",1,"BPIFB2"
"ENSG00000079102",1,"RUNX1T1"
"ENSG00000079335",1,"CDC14A"
"ENSG00000079393",1,"DUSP13"
"ENSG00000079557",1,"AFM"
"ENSG00000079785",1,"DDX1"
"ENSG00000079841",1,"RIMS1"
"ENSG00000080298",1,"RFX3"
"ENSG00000080802",1,"CNOT4"
"ENSG00000080823",1,"MOK"
"ENSG00000080910",1,"CFHR2"
"ENSG00000082175",1,"PGR"
"ENSG00000082556",1,"OPRK1"
"ENSG00000082805",1,"ERC1"
"ENSG00000084093",1,"REST"
"ENSG00000084710",1,"EFR3B"
"ENSG00000085063",1,"CD59"
"ENSG00000085117",1,"CD82"
"ENSG00000085978",1,"ATG16L1"
"ENSG00000086288",1,"NME8"
"ENSG00000086300",1,"SNX10"
"ENSG00000086548",1,"CEACAM6"
"ENSG00000086717",1,"PPEF1"
"ENSG00000086730",1,"LAT2"
"ENSG00000087206",1,"UIMC1"
"ENSG00000087237",1,"CETP"
"ENSG00000087266",1,"SH3BP2"
"ENSG00000087460",1,"GNAS"
"ENSG00000087470",1,"DNM1L"
"ENSG00000087586",1,"AURKA"
"ENSG00000088247",1,"KHSRP"
"ENSG00000088387",1,"DOCK9"
"ENSG00000088726",1,"TMEM40"
"ENSG00000088782",1,"DEFB127"
"ENSG00000088826",1,"SMOX"
"ENSG00000088881",1,"EBF4"
"ENSG00000088899",1,"LZTS3"
"ENSG00000089012",1,"SIRPG"
"ENSG00000089053",1,"ANAPC5"
"ENSG00000089169",1,"RPH3A"
"ENSG00000089225",1,"TBX5"
"ENSG00000089250",1,"NOS1"
"ENSG00000089356",1,"FXYD3"
"ENSG00000089486",1,"CDIP1"
"ENSG00000089505",1,"CMTM1"
"ENSG00000089847",1,"ANKRD24"
"ENSG00000089916",1,"GPATCH2L"
"ENSG00000090006",1,"LTBP4"
"ENSG00000090238",1,"YPEL3"
"ENSG00000090402",1,"SI"
"ENSG00000090565",1,"RAB11FIP3"
"ENSG00000090615",1,"GOLGA3"
"ENSG00000090659",1,"CD209"
"ENSG00000090924",1,"PLEKHG2"
"ENSG00000091073",1,"DTX2"
"ENSG00000091106",1,"NLRC4"
"ENSG00000091128",1,"LAMB4"
"ENSG00000091129",1,"NRCAM"
"ENSG00000091181",1,"IL5RA"
"ENSG00000091844",1,"RGS17"
"ENSG00000092009",1,"CMA1"
"ENSG00000092098",1,"RNF31"
"ENSG00000092140",1,"G2E3"
"ENSG00000092199",1,"HNRNPC"
"ENSG00000092295",1,"TGM1"
"ENSG00000092529",1,"CAPN3"
"ENSG00000092847",1,"AGO1"
"ENSG00000092929",1,"UNC13D"
"ENSG00000093000",1,"NUP50"
"ENSG00000093072",1,"ADA2"
"ENSG00000093183",1,"SEC22C"
"ENSG00000095321",1,"CRAT"
"ENSG00000095539",1,"SEMA4G"
"ENSG00000095637",1,"SORBS1"
"ENSG00000095787",1,"WAC"
"ENSG00000095917",1,"TPSD1"
"ENSG00000095970",1,"TREM2"
"ENSG00000096006",1,"CRISP3"
"ENSG00000096063",1,"SRPK1"
"ENSG00000096088",1,"PGC"
"ENSG00000096264",1,"NCR2"
"ENSG00000096996",1,"IL12RB1"
"ENSG00000099331",1,"MYO9B"
"ENSG00000099625",1,"CBARP"
"ENSG00000099834",1,"CDHR5"
"ENSG00000099864",1,"PALM"
"ENSG00000099968",1,"BCL2L13"
"ENSG00000100012",1,"SEC14L3"
"ENSG00000100023",1,"PPIL2"
"ENSG00000100034",1,"PPM1F"
"ENSG00000100060",1,"MFNG"
"ENSG00000100099",1,"HPS4"
"ENSG00000100146",1,"SOX10"
"ENSG00000100207",1,"TCF20"
"ENSG00000100241",1,"SBF1"
"ENSG00000100242",1,"SUN2"
"ENSG00000100280",1,"AP1B1"
"ENSG00000100312",1,"ACR"
"ENSG00000100320",1,"RBFOX2"
"ENSG00000100345",1,"MYH9"
"ENSG00000100346",1,"CACNA1I"
"ENSG00000100365",1,"NCF4"
"ENSG00000100412",1,"ACO2"
"ENSG00000100448",1,"CTSG"
"ENSG00000100462",1,"PRMT5"
"ENSG00000100600",1,"LGMN"
"ENSG00000100612",1,"DHRS7"
"ENSG00000100678",1,"SLC8A3"
"ENSG00000100697",1,"DICER1"
"ENSG00000100796",1,"PPP4R3A"
"ENSG00000100802",1,"C14orf93"
"ENSG00000100884",1,"CPNE6"
"ENSG00000100897",1,"DCAF11"
"ENSG00000100902",1,"PSMA6"
"ENSG00000100926",1,"TM9SF1"
"ENSG00000100934",1,"SEC23A"
"ENSG00000101040",1,"ZMYND8"
"ENSG00000101180",1,"HRH3"
"ENSG00000101199",1,"ARFGAP1"
"ENSG00000101251",1,"SEL1L2"
"ENSG00000101307",1,"SIRPB1"
"ENSG00000101323",1,"HAO1"
"ENSG00000101336",1,"HCK"
"ENSG00000101446",1,"SPINT3"
"ENSG00000101448",1,"EPPIN"
"ENSG00000101608",1,"MYL12A"
"ENSG00000101981",1,"F9"
"ENSG00000102021",1,"LUZP4"
"ENSG00000102024",1,"PLS3"
"ENSG00000102030",1,"NAA10"
"ENSG00000102078",1,"SLC25A14"
"ENSG00000102096",1,"PIM2"
"ENSG00000102100",1,"SLC35A2"
"ENSG00000102221",1,"JADE3"
"ENSG00000102225",1,"CDK16"
"ENSG00000102290",1,"PCDH11X"
"ENSG00000102309",1,"PIN4"
"ENSG00000102471",1,"NDFIP2"
"ENSG00000102710",1,"SUPT20H"
"ENSG00000102743",1,"SLC25A15"
"ENSG00000102786",1,"INTS6"
"ENSG00000102794",1,"ACOD1"
"ENSG00000102854",1,"MSLN"
"ENSG00000102882",1,"MAPK3"
"ENSG00000102886",1,"GDPD3"
"ENSG00000102890",1,"ELMO3"
"ENSG00000102891",1,"MT4"
"ENSG00000102898",1,"NUTF2"
"ENSG00000103023",1,"PRSS54"
"ENSG00000103051",1,"COG4"
"ENSG00000103154",1,"NECAB2"
"ENSG00000103187",1,"COTL1"
"ENSG00000103222",1,"ABCC1"
"ENSG00000103266",1,"STUB1"
"ENSG00000103313",1,"MEFV"
"ENSG00000103353",1,"UBFD1"
"ENSG00000103546",1,"SLC6A2"
"ENSG00000103811",1,"CTSH"
"ENSG00000104043",1,"ATP8B4"
"ENSG00000104055",1,"TGM5"
"ENSG00000104213",1,"PDGFRL"
"ENSG00000104320",1,"NBN"
"ENSG00000104331",1,"BPNT2"
"ENSG00000104341",1,"LAPTM4B"
"ENSG00000104343",1,"UBE2W"
"ENSG00000104432",1,"IL7"
"ENSG00000104497",1,"SNX16"
"ENSG00000104537",1,"ANXA13"
"ENSG00000104679",1,"R3HCC1"
"ENSG00000104756",1,"KCTD9"
"ENSG00000104763",1,"ASAH1"
"ENSG00000104881",1,"PPP1R13L"
"ENSG00000104892",1,"KLC3"
"ENSG00000104894",1,"CD37"
"ENSG00000104936",1,"DMPK"
"ENSG00000104964",1,"TLE5"
"ENSG00000104974",1,"LILRA1"
"ENSG00000105085",1,"MED26"
"ENSG00000105143",1,"SLC1A6"
"ENSG00000105220",1,"GPI"
"ENSG00000105221",1,"AKT2"
"ENSG00000105227",1,"PRX"
"ENSG00000105245",1,"NUMBL"
"ENSG00000105278",1,"ZFR2"
"ENSG00000105287",1,"PRKD2"
"ENSG00000105289",1,"TJP3"
"ENSG00000105298",1,"CACTIN"
"ENSG00000105357",1,"MYH14"
"ENSG00000105366",1,"SIGLEC8"
"ENSG00000105374",1,"NKG7"
"ENSG00000105383",1,"CD33"
"ENSG00000105388",1,"CEACAM5"
"ENSG00000105409",1,"ATP1A3"
"ENSG00000105443",1,"CYTH2"
"ENSG00000105483",1,"CARD8"
"ENSG00000105609",1,"LILRB5"
"ENSG00000105642",1,"KCNN1"
"ENSG00000105664",1,"COMP"
"ENSG00000105697",1,"HAMP"
"ENSG00000105701",1,"FKBP8"
"ENSG00000105723",1,"GSK3A"
"ENSG00000105792",1,"CFAP69"
"ENSG00000105926",1,"PALS2"
"ENSG00000105963",1,"ADAP1"
"ENSG00000106031",1,"HOXA13"
"ENSG00000106066",1,"CPVL"
"ENSG00000106105",1,"GARS1"
"ENSG00000106123",1,"EPHB6"
"ENSG00000106261",1,"ZKSCAN1"
"ENSG00000106290",1,"TAF6"
"ENSG00000106302",1,"HYAL4"
"ENSG00000106304",1,"SPAM1"
"ENSG00000106331",1,"PAX4"
"ENSG00000106404",1,"CLDN15"
"ENSG00000106459",1,"NRF1"
"ENSG00000106460",1,"TMEM106B"
"ENSG00000106477",1,"CEP41"
"ENSG00000106484",1,"MEST"
"ENSG00000106524",1,"ANKMY2"
"ENSG00000106541",1,"AGR2"
"ENSG00000106617",1,"PRKAG2"
"ENSG00000106633",1,"GCK"
"ENSG00000106648",1,"GALNTL5"
"ENSG00000106952",1,"TNFSF8"
"ENSG00000107105",1,"ELAVL2"
"ENSG00000107187",1,"LHX3"
"ENSG00000107249",1,"GLIS3"
"ENSG00000107643",1,"MAPK8"
"ENSG00000107669",1,"ATE1"
"ENSG00000107679",1,"PLEKHA1"
"ENSG00000107736",1,"CDH23"
"ENSG00000107745",1,"MICU1"
"ENSG00000107771",1,"CCSER2"
"ENSG00000107854",1,"TNKS2"
"ENSG00000107862",1,"GBF1"
"ENSG00000107863",1,"ARHGAP21"
"ENSG00000107954",1,"NEURL1"
"ENSG00000108061",1,"SHOC2"
"ENSG00000108306",1,"FBXL20"
"ENSG00000108342",1,"CSF3"
"ENSG00000108352",1,"RAPGEFL1"
"ENSG00000108381",1,"ASPA"
"ENSG00000108387",1,"SEPTIN4"
"ENSG00000108395",1,"TRIM37"
"ENSG00000108423",1,"TUBD1"
"ENSG00000108622",1,"ICAM2"
"ENSG00000108639",1,"SYNGR2"
"ENSG00000108784",1,"NAGLU"
"ENSG00000108852",1,"MPP2"
"ENSG00000108963",1,"DPH1"
"ENSG00000109046",1,"WSB1"
"ENSG00000109171",1,"SLAIN2"
"ENSG00000109180",1,"OCIAD1"
"ENSG00000109184",1,"DCUN1D4"
"ENSG00000109208",1,"SMR3A"
"ENSG00000109332",1,"UBE2D3"
"ENSG00000109452",1,"INPP4B"
"ENSG00000109466",1,"KLHL2"
"ENSG00000109471",1,"IL2"
"ENSG00000109814",1,"UGDH"
"ENSG00000109906",1,"ZBTB16"
"ENSG00000109911",1,"ELP4"
"ENSG00000110047",1,"EHD1"
"ENSG00000110077",1,"MS4A6A"
"ENSG00000110079",1,"MS4A4A"
"ENSG00000110080",1,"ST3GAL4"
"ENSG00000110107",1,"PRPF19"
"ENSG00000110171",1,"TRIM3"
"ENSG00000110218",1,"PANX1"
"ENSG00000110245",1,"APOC3"
"ENSG00000110422",1,"HIPK3"
"ENSG00000110484",1,"SCGB2A2"
"ENSG00000110514",1,"MADD"
"ENSG00000110887",1,"DAO"
"ENSG00000110911",1,"SLC11A2"
"ENSG00000110931",1,"CAMKK2"
"ENSG00000111144",1,"LTA4H"
"ENSG00000111181",1,"SLC6A12"
"ENSG00000111196",1,"MAGOHB"
"ENSG00000111348",1,"ARHGDIB"
"ENSG00000111371",1,"SLC38A1"
"ENSG00000111405",1,"ENDOU"
"ENSG00000111432",1,"FZD10"
"ENSG00000111537",1,"IFNG"
"ENSG00000111711",1,"GOLT1B"
"ENSG00000111713",1,"GYS2"
"ENSG00000111716",1,"LDHB"
"ENSG00000111731",1,"C2CD5"
"ENSG00000111860",1,"CEP85L"
"ENSG00000111863",1,"ADTRP"
"ENSG00000111879",1,"FAM184A"
"ENSG00000111912",1,"NCOA7"
"ENSG00000112053",1,"SLC26A8"
"ENSG00000112115",1,"IL17A"
"ENSG00000112137",1,"PHACTR1"
"ENSG00000112276",1,"BVES"
"ENSG00000112339",1,"HBS1L"
"ENSG00000112367",1,"FIG4"
"ENSG00000112419",1,"PHACTR2"
"ENSG00000112425",1,"EPM2A"
"ENSG00000112486",1,"CCR6"
"ENSG00000112514",1,"CUTA"
"ENSG00000112561",1,"TFEB"
"ENSG00000112742",1,"TTK"
"ENSG00000112763",1,"BTN2A1"
"ENSG00000112769",1,"LAMA4"
"ENSG00000112818",1,"MEP1A"
"ENSG00000112851",1,"ERBIN"
"ENSG00000112852",1,"PCDHB2"
"ENSG00000113048",1,"MRPS27"
"ENSG00000113262",1,"GRM6"
"ENSG00000113263",1,"ITK"
"ENSG00000113302",1,"IL12B"
"ENSG00000113303",1,"BTNL8"
"ENSG00000113312",1,"TTC1"
"ENSG00000113360",1,"DROSHA"
"ENSG00000113407",1,"TARS1"
"ENSG00000113448",1,"PDE4D"
"ENSG00000113520",1,"IL4"
"ENSG00000113578",1,"FGF1"
"ENSG00000113600",1,"C9"
"ENSG00000113643",1,"RARS1"
"ENSG00000113657",1,"DPYSL3"
"ENSG00000113889",1,"KNG1"
"ENSG00000114115",1,"RBP1"
"ENSG00000114279",1,"FGF12"
"ENSG00000114331",1,"ACAP2"
"ENSG00000114416",1,"FXR1"
"ENSG00000114455",1,"HHLA2"
"ENSG00000114544",1,"SLC41A3"
"ENSG00000114656",1,"CFAP92"
"ENSG00000114771",1,"AADAC"
"ENSG00000114805",1,"PLCH1"
"ENSG00000114867",1,"EIF4G1"
"ENSG00000115155",1,"OTOF"
"ENSG00000115165",1,"CYTIP"
"ENSG00000115194",1,"SLC30A3"
"ENSG00000115263",1,"GCG"
"ENSG00000115295",1,"CLIP4"
"ENSG00000115368",1,"WDR75"
"ENSG00000115392",1,"FANCL"
"ENSG00000115415",1,"STAT1"
"ENSG00000115548",1,"KDM3A"
"ENSG00000115594",1,"IL1R1"
"ENSG00000115598",1,"IL1RL2"
"ENSG00000115705",1,"TPO"
"ENSG00000115919",1,"KYNU"
"ENSG00000115935",1,"WIPF1"
"ENSG00000116044",1,"NFE2L2"
"ENSG00000116171",1,"SCP2"
"ENSG00000116584",1,"ARHGEF2"
"ENSG00000116670",1,"MAD2L2"
"ENSG00000116748",1,"AMPD1"
"ENSG00000116996",1,"ZP4"
"ENSG00000117020",1,"AKT3"
"ENSG00000117090",1,"SLAMF1"
"ENSG00000117114",1,"ADGRL2"
"ENSG00000117153",1,"KLHL12"
"ENSG00000117226",1,"GBP3"
"ENSG00000117322",1,"CR2"
"ENSG00000117523",1,"PRRC2C"
"ENSG00000117560",1,"FASLG"
"ENSG00000117602",1,"RCAN3"
"ENSG00000117834",1,"SLC5A9"
"ENSG00000118004",1,"COLEC11"
"ENSG00000118094",1,"TREH"
"ENSG00000118113",1,"MMP8"
"ENSG00000118245",1,"TNP1"
"ENSG00000118271",1,"TTR"
"ENSG00000118434",1,"SPACA1"
"ENSG00000118491",1,"ZC2HC1B"
"ENSG00000118492",1,"ADGB"
"ENSG00000118513",1,"MYB"
"ENSG00000118596",1,"SLC16A7"
"ENSG00000118733",1,"OLFM3"
"ENSG00000118855",1,"MFSD1"
"ENSG00000118961",1,"LDAH"
"ENSG00000119042",1,"SATB2"
"ENSG00000119383",1,"PTPA"
"ENSG00000119396",1,"RAB14"
"ENSG00000119408",1,"NEK6"
"ENSG00000119487",1,"MAPKAP1"
"ENSG00000119535",1,"CSF3R"
"ENSG00000119537",1,"KDSR"
"ENSG00000119686",1,"FLVCR2"
"ENSG00000119689",1,"DLST"
"ENSG00000119714",1,"GPR68"
"ENSG00000119725",1,"ZNF410"
"ENSG00000119760",1,"SUPT7L"
"ENSG00000119844",1,"AFTPH"
"ENSG00000119922",1,"IFIT2"
"ENSG00000119950",1,"MXI1"
"ENSG00000120071",1,"KANSL1"
"ENSG00000120158",1,"RCL1"
"ENSG00000120251",1,"GRIA2"
"ENSG00000120254",1,"MTHFD1L"
"ENSG00000120708",1,"TGFBI"
"ENSG00000120868",1,"APAF1"
"ENSG00000120903",1,"CHRNA2"
"ENSG00000121101",1,"TEX14"
"ENSG00000121104",1,"FAM117A"
"ENSG00000121270",1,"ABCC11"
"ENSG00000121351",1,"IAPP"
"ENSG00000121381",1,"TAS2R9"
"ENSG00000121413",1,"ZSCAN18"
"ENSG00000121446",1,"RGSL1"
"ENSG00000121671",1,"CRY2"
"ENSG00000121753",1,"ADGRB2"
"ENSG00000121764",1,"HCRTR1"
"ENSG00000121797",1,"CCRL2"
"ENSG00000121864",1,"ZNF639"
"ENSG00000121879",1,"PIK3CA"
"ENSG00000121933",1,"TMIGD3"
"ENSG00000121957",1,"GPSM2"
"ENSG00000121989",1,"ACVR2A"
"ENSG00000122136",1,"OBP2A"
"ENSG00000122194",1,"PLG"
"ENSG00000122223",1,"CD244"
"ENSG00000122512",1,"PMS2"
"ENSG00000122545",1,"SEPTIN7"
"ENSG00000122679",1,"RAMP3"
"ENSG00000122824",1,"NUDT10"
"ENSG00000122952",1,"ZWINT"
"ENSG00000123066",1,"MED13L"
"ENSG00000123094",1,"RASSF8"
"ENSG00000123143",1,"PKN1"
"ENSG00000123219",1,"CENPK"
"ENSG00000123473",1,"STIL"
"ENSG00000123485",1,"HJURP"
"ENSG00000123561",1,"SERPINA7"
"ENSG00000123594",1,"ATXN3L"
"ENSG00000123815",1,"COQ8B"
"ENSG00000123843",1,"C4BPB"
"ENSG00000123977",1,"DAW1"
"ENSG00000124159",1,"MATN4"
"ENSG00000124215",1,"CDH26"
"ENSG00000124256",1,"ZBP1"
"ENSG00000124260",1,"MAGEA10"
"ENSG00000124507",1,"PACSIN1"
"ENSG00000124564",1,"SLC17A3"
"ENSG00000124568",1,"SLC17A1"
"ENSG00000124574",1,"ABCC10"
"ENSG00000124678",1,"TCP11"
"ENSG00000124721",1,"DNAH8"
"ENSG00000124731",1,"TREM1"
"ENSG00000124733",1,"MEA1"
"ENSG00000124812",1,"CRISP1"
"ENSG00000125124",1,"BBS2"
"ENSG00000125170",1,"DOK4"
"ENSG00000125207",1,"PIWIL1"
"ENSG00000125347",1,"IRF1"
"ENSG00000125386",1,"FAM193A"
"ENSG00000125454",1,"SLC25A19"
"ENSG00000125498",1,"KIR2DL1"
"ENSG00000125510",1,"OPRL1"
"ENSG00000125531",1,"FNDC11"
"ENSG00000125533",1,"BHLHE23"
"ENSG00000125630",1,"POLR1B"
"ENSG00000125637",1,"PSD4"
"ENSG00000125648",1,"SLC25A23"
"ENSG00000125676",1,"THOC2"
"ENSG00000125730",1,"C3"
"ENSG00000125735",1,"TNFSF14"
"ENSG00000125740",1,"FOSB"
"ENSG00000125746",1,"EML2"
"ENSG00000125787",1,"GNRH2"
"ENSG00000125812",1,"GZF1"
"ENSG00000125846",1,"ZNF133"
"ENSG00000125861",1,"GFRA4"
"ENSG00000125864",1,"BFSP1"
"ENSG00000125888",1,"BANF2"
"ENSG00000125903",1,"DEFB129"
"ENSG00000125944",1,"HNRNPR"
"ENSG00000125967",1,"NECAB3"
"ENSG00000125999",1,"BPIFB1"
"ENSG00000126067",1,"PSMB2"
"ENSG00000126088",1,"UROD"
"ENSG00000126217",1,"MCF2L"
"ENSG00000126226",1,"PCID2"
"ENSG00000126233",1,"SLURP1"
"ENSG00000126247",1,"CAPNS1"
"ENSG00000126262",1,"FFAR2"
"ENSG00000126653",1,"NSRP1"
"ENSG00000126746",1,"ZNF384"
"ENSG00000126777",1,"KTN1"
"ENSG00000126883",1,"NUP214"
"ENSG00000127054",1,"INTS11"
"ENSG00000127074",1,"RGS13"
"ENSG00000127463",1,"EMC1"
"ENSG00000127515",1,"OR7A10"
"ENSG00000127529",1,"OR7C2"
"ENSG00000127554",1,"GFER"
"ENSG00000127561",1,"SYNGR3"
"ENSG00000127780",1,"OR1E2"
"ENSG00000128271",1,"ADORA2A"
"ENSG00000128272",1,"ATF4"
"ENSG00000128283",1,"CDC42EP1"
"ENSG00000128284",1,"APOL3"
"ENSG00000128482",1,"RNF112"
"ENSG00000128519",1,"TAS2R16"
"ENSG00000128594",1,"LRRC4"
"ENSG00000128596",1,"CCDC136"
"ENSG00000128607",1,"KLHDC10"
"ENSG00000128713",1,"HOXD11"
"ENSG00000128918",1,"ALDH1A2"
"ENSG00000129003",1,"VPS13C"
"ENSG00000129007",1,"CALML4"
"ENSG00000129116",1,"PALLD"
"ENSG00000129159",1,"KCNC1"
"ENSG00000129167",1,"TPH1"
"ENSG00000129245",1,"FXR2"
"ENSG00000129255",1,"MPDU1"
"ENSG00000129292",1,"PHF20L1"
"ENSG00000129347",1,"KRI1"
"ENSG00000129450",1,"SIGLEC9"
"ENSG00000129465",1,"RIPK3"
"ENSG00000129473",1,"BCL2L2"
"ENSG00000129657",1,"SEC14L1"
"ENSG00000129682",1,"FGF13"
"ENSG00000129968",1,"ABHD17A"
"ENSG00000130159",1,"ECSIT"
"ENSG00000130177",1,"CDC16"
"ENSG00000130204",1,"TOMM40"
"ENSG00000130402",1,"ACTN4"
"ENSG00000130675",1,"MNX1"
"ENSG00000130695",1,"CEP85"
"ENSG00000130703",1,"OSBPL2"
"ENSG00000130813",1,"SHFL"
"ENSG00000130881",1,"LRP3"
"ENSG00000131050",1,"BPIFA2"
"ENSG00000131068",1,"DEFB118"
"ENSG00000131089",1,"ARHGEF9"
"ENSG00000131378",1,"RFTN1"
"ENSG00000131379",1,"C3orf20"
"ENSG00000131409",1,"LRRC4B"
"ENSG00000131446",1,"MGAT1"
"ENSG00000131459",1,"GFPT2"
"ENSG00000131737",1,"KRT34"
"ENSG00000131748",1,"STARD3"
"ENSG00000131773",1,"KHDRBS3"
"ENSG00000131864",1,"USP29"
"ENSG00000132024",1,"CC2D1A"
"ENSG00000132274",1,"TRIM22"
"ENSG00000132359",1,"RAP1GAP2"
"ENSG00000132361",1,"CLUH"
"ENSG00000132405",1,"TBC1D14"
"ENSG00000132424",1,"PNISR"
"ENSG00000132446",1,"FTHL17"
"ENSG00000132465",1,"JCHAIN"
"ENSG00000132514",1,"CLEC10A"
"ENSG00000132530",1,"XAF1"
"ENSG00000132535",1,"DLG4"
"ENSG00000132554",1,"RGS22"
"ENSG00000132600",1,"PRMT7"
"ENSG00000132640",1,"BTBD3"
"ENSG00000132670",1,"PTPRA"
"ENSG00000132692",1,"BCAN"
"ENSG00000132704",1,"FCRL2"
"ENSG00000132746",1,"ALDH3B2"
"ENSG00000132780",1,"NASP"
"ENSG00000132819",1,"RBM38"
"ENSG00000132842",1,"AP3B1"
"ENSG00000132958",1,"TPTE2"
"ENSG00000132972",1,"RNF17"
"ENSG00000133067",1,"LGR6"
"ENSG00000133069",1,"TMCC2"
"ENSG00000133103",1,"COG6"
"ENSG00000133107",1,"TRPC4"
"ENSG00000133112",1,"TPT1"
"ENSG00000133119",1,"RFC3"
"ENSG00000133121",1,"STARD13"
"ENSG00000133135",1,"RNF128"
"ENSG00000133250",1,"ZNF414"
"ENSG00000133256",1,"PDE6B"
"ENSG00000133313",1,"CNDP2"
"ENSG00000133401",1,"PDZD2"
"ENSG00000133561",1,"GIMAP6"
"ENSG00000133606",1,"MKRN1"
"ENSG00000133706",1,"LARS1"
"ENSG00000133710",1,"SPINK5"
"ENSG00000133794",1,"BMAL1"
"ENSG00000133818",1,"RRAS2"
"ENSG00000133895",1,"MEN1"
"ENSG00000133980",1,"VRTN"
"ENSG00000134013",1,"LOXL2"
"ENSG00000134014",1,"ELP3"
"ENSG00000134056",1,"MRPS36"
"ENSG00000134216",1,"CHIA"
"ENSG00000134248",1,"LAMTOR5"
"ENSG00000134255",1,"CEPT1"
"ENSG00000134258",1,"VTCN1"
"ENSG00000134324",1,"LPIN1"
"ENSG00000134343",1,"ANO3"
"ENSG00000134389",1,"CFHR5"
"ENSG00000134460",1,"IL2RA"
"ENSG00000134571",1,"MYBPC3"
"ENSG00000134575",1,"ACP2"
"ENSG00000134755",1,"DSC2"
"ENSG00000134802",1,"SLC43A3"
"ENSG00000134954",1,"ETS1"
"ENSG00000135047",1,"CTSL"
"ENSG00000135114",1,"OASL"
"ENSG00000135175",1,"OCM2"
"ENSG00000135218",1,"CD36"
"ENSG00000135226",1,"UGT2B28"
"ENSG00000135272",1,"MDFIC"
"ENSG00000135297",1,"MTO1"
"ENSG00000135346",1,"CGA"
"ENSG00000135363",1,"LMO2"
"ENSG00000135374",1,"ELF5"
"ENSG00000135424",1,"ITGA7"
"ENSG00000135720",1,"DYNC1LI2"
"ENSG00000135722",1,"FBXL8"
"ENSG00000135773",1,"CAPN9"
"ENSG00000135898",1,"GPR55"
"ENSG00000135905",1,"DOCK10"
"ENSG00000135924",1,"DNAJB2"
"ENSG00000135960",1,"EDAR"
"ENSG00000136098",1,"NEK3"
"ENSG00000136104",1,"RNASEH2B"
"ENSG00000136122",1,"BORA"
"ENSG00000136144",1,"RCBTB1"
"ENSG00000136169",1,"SETDB2"
"ENSG00000136193",1,"SCRN1"
"ENSG00000136250",1,"AOAH"
"ENSG00000136279",1,"DBNL"
"ENSG00000136448",1,"NMT1"
"ENSG00000136457",1,"CHAD"
"ENSG00000136504",1,"KAT7"
"ENSG00000136521",1,"NDUFB5"
"ENSG00000136531",1,"SCN2A"
"ENSG00000136541",1,"ERMN"
"ENSG00000136634",1,"IL10"
"ENSG00000136694",1,"IL36A"
"ENSG00000136697",1,"IL1F10"
"ENSG00000136717",1,"BIN1"
"ENSG00000136811",1,"ODF2"
"ENSG00000136854",1,"STXBP1"
"ENSG00000136861",1,"CDK5RAP2"
"ENSG00000136877",1,"FPGS"
"ENSG00000136986",1,"DERL1"
"ENSG00000136997",1,"MYC"
"ENSG00000137075",1,"RNF38"
"ENSG00000137080",1,"IFNA21"
"ENSG00000137225",1,"CAPN11"
"ENSG00000137343",1,"ATAT1"
"ENSG00000137409",1,"MTCH1"
"ENSG00000137474",1,"MYO7A"
"ENSG00000137491",1,"SLCO2B1"
"ENSG00000137497",1,"NUMA1"
"ENSG00000137501",1,"SYTL2"
"ENSG00000137575",1,"SDCBP"
"ENSG00000137634",1,"NXPE4"
"ENSG00000137648",1,"TMPRSS4"
"ENSG00000137675",1,"MMP27"
"ENSG00000137699",1,"TRIM29"
"ENSG00000137726",1,"FXYD6"
"ENSG00000137745",1,"MMP13"
"ENSG00000137747",1,"TMPRSS13"
"ENSG00000137752",1,"CASP1"
"ENSG00000137757",1,"CASP5"
"ENSG00000137807",1,"KIF23"
"ENSG00000137809",1,"ITGA11"
"ENSG00000137817",1,"PARP6"
"ENSG00000137869",1,"CYP19A1"
"ENSG00000138031",1,"ADCY3"
"ENSG00000138075",1,"ABCG5"
"ENSG00000138109",1,"CYP2C9"
"ENSG00000138115",1,"CYP2C8"
"ENSG00000138160",1,"KIF11"
"ENSG00000138347",1,"MYPN"
"ENSG00000138375",1,"SMARCAL1"
"ENSG00000138398",1,"PPIG"
"ENSG00000138448",1,"ITGAV"
"ENSG00000138688",1,"BLTP1"
"ENSG00000138735",1,"PDE5A"
"ENSG00000138823",1,"MTTP"
"ENSG00000138835",1,"RGS3"
"ENSG00000138892",1,"TTLL8"
"ENSG00000138964",1,"PARVG"
"ENSG00000139117",1,"CPNE8"
"ENSG00000139154",1,"AEBP2"
"ENSG00000139194",1,"RBP5"
"ENSG00000139200",1,"PIANP"
"ENSG00000139223",1,"ANP32D"
"ENSG00000139289",1,"PHLDA1"
"ENSG00000139546",1,"TARBP2"
"ENSG00000139567",1,"ACVRL1"
"ENSG00000139626",1,"ITGB7"
"ENSG00000139697",1,"SBNO1"
"ENSG00000139718",1,"SETD1B"
"ENSG00000139737",1,"SLAIN1"
"ENSG00000139946",1,"PELI2"
"ENSG00000140199",1,"SLC12A6"
"ENSG00000140262",1,"TCF12"
"ENSG00000140287",1,"HDC"
"ENSG00000140297",1,"GCNT3"
"ENSG00000140332",1,"TLE3"
"ENSG00000140374",1,"ETFA"
"ENSG00000140382",1,"HMG20A"
"ENSG00000140386",1,"SCAPER"
"ENSG00000140398",1,"NEIL1"
"ENSG00000140416",1,"TPM1"
"ENSG00000140451",1,"PIF1"
"ENSG00000140459",1,"CYP11A1"
"ENSG00000140479",1,"PCSK6"
"ENSG00000140521",1,"POLG"
"ENSG00000140564",1,"FURIN"
"ENSG00000140675",1,"SLC5A2"
"ENSG00000140694",1,"PARN"
"ENSG00000140750",1,"ARHGAP17"
"ENSG00000140943",1,"MBTPS1"
"ENSG00000140983",1,"RHOT2"
"ENSG00000140986",1,"RPL3L"
"ENSG00000140993",1,"TIGD7"
"ENSG00000141002",1,"TCF25"
"ENSG00000141027",1,"NCOR1"
"ENSG00000141076",1,"UTP4"
"ENSG00000141194",1,"OR4D1"
"ENSG00000141200",1,"KIF2B"
"ENSG00000141255",1,"SPATA22"
"ENSG00000141371",1,"CHCT1"
"ENSG00000141404",1,"GNAL"
"ENSG00000141469",1,"SLC14A1"
"ENSG00000141480",1,"ARRB2"
"ENSG00000141556",1,"TBCD"
"ENSG00000141560",1,"FN3KRP"
"ENSG00000141564",1,"RPTOR"
"ENSG00000141577",1,"CEP131"
"ENSG00000141582",1,"CBX4"
"ENSG00000141977",1,"CIB3"
"ENSG00000142002",1,"DPP9"
"ENSG00000142025",1,"DMRTC2"
"ENSG00000142182",1,"DNMT3L"
"ENSG00000142185",1,"TRPM2"
"ENSG00000142235",1,"LMTK3"
"ENSG00000142453",1,"CARM1"
"ENSG00000142512",1,"SIGLEC10"
"ENSG00000142515",1,"KLK3"
"ENSG00000142552",1,"RCN3"
"ENSG00000142794",1,"NBPF3"
"ENSG00000143190",1,"POU2F1"
"ENSG00000143194",1,"MAEL"
"ENSG00000143198",1,"MGST3"
"ENSG00000143199",1,"ADCY10"
"ENSG00000143322",1,"ABL2"
"ENSG00000143365",1,"RORC"
"ENSG00000143379",1,"SETDB1"
"ENSG00000143382",1,"ADAMTSL4"
"ENSG00000143387",1,"CTSK"
"ENSG00000143390",1,"RFX5"
"ENSG00000143401",1,"ANP32E"
"ENSG00000143469",1,"SYT14"
"ENSG00000143556",1,"S100A7"
"ENSG00000143569",1,"UBAP2L"
"ENSG00000143669",1,"LYST"
"ENSG00000143740",1,"SNAP47"
"ENSG00000143748",1,"NVL"
"ENSG00000143921",1,"ABCG8"
"ENSG00000144057",1,"ST6GAL2"
"ENSG00000144118",1,"RALB"
"ENSG00000144357",1,"UBR3"
"ENSG00000144488",1,"ESPNL"
"ENSG00000144560",1,"VGLL4"
"ENSG00000144579",1,"CTDSP1"
"ENSG00000144591",1,"GMPPA"
"ENSG00000144645",1,"OSBPL10"
"ENSG00000144659",1,"SLC25A38"
"ENSG00000144671",1,"SLC22A14"
"ENSG00000144712",1,"CAND2"
"ENSG00000144730",1,"IL17RD"
"ENSG00000144736",1,"SHQ1"
"ENSG00000144744",1,"UBA3"
"ENSG00000144815",1,"NXPE3"
"ENSG00000144821",1,"MYH15"
"ENSG00000144824",1,"PHLDB2"
"ENSG00000144837",1,"PLA1A"
"ENSG00000144847",1,"IGSF11"
"ENSG00000144852",1,"NR1I2"
"ENSG00000144935",1,"TRPC1"
"ENSG00000145087",1,"STXBP5L"
"ENSG00000145107",1,"TM4SF19"
"ENSG00000145220",1,"LYAR"
"ENSG00000145321",1,"GC"
"ENSG00000145348",1,"TBCK"
"ENSG00000145675",1,"PIK3R1"
"ENSG00000145725",1,"PPIP5K2"
"ENSG00000145730",1,"PAM"
"ENSG00000145777",1,"TSLP"
"ENSG00000145839",1,"IL9"
"ENSG00000145879",1,"SPINK7"
"ENSG00000145908",1,"ZNF300"
"ENSG00000146054",1,"TRIM7"
"ENSG00000146112",1,"PPP1R18"
"ENSG00000146147",1,"MLIP"
"ENSG00000146247",1,"PHIP"
"ENSG00000146383",1,"TAAR6"
"ENSG00000146385",1,"TAAR8"
"ENSG00000146399",1,"TAAR1"
"ENSG00000146453",1,"PNLDC1"
"ENSG00000146576",1,"INTS15"
"ENSG00000146809",1,"ASB15"
"ENSG00000146839",1,"ZAN"
"ENSG00000147082",1,"CCNB3"
"ENSG00000147099",1,"HDAC8"
"ENSG00000147183",1,"CPXCR1"
"ENSG00000147231",1,"RADX"
"ENSG00000147255",1,"IGSF1"
"ENSG00000147256",1,"ARHGAP36"
"ENSG00000147394",1,"ZNF185"
"ENSG00000147689",1,"FAM83A"
"ENSG00000147724",1,"FAM135B"
"ENSG00000147873",1,"IFNA5"
"ENSG00000147885",1,"IFNA16"
"ENSG00000147889",1,"CDKN2A"
"ENSG00000148019",1,"CEP78"
"ENSG00000148136",1,"OR13C4"
"ENSG00000148158",1,"SNX30"
"ENSG00000148180",1,"GSN"
"ENSG00000148337",1,"CIZ1"
"ENSG00000148356",1,"LRSAM1"
"ENSG00000148484",1,"RSU1"
"ENSG00000148702",1,"HABP2"
"ENSG00000149115",1,"TNKS1BP1"
"ENSG00000149124",1,"GLYAT"
"ENSG00000149292",1,"TTC12"
"ENSG00000149428",1,"HYOU1"
"ENSG00000149435",1,"GGTLC1"
"ENSG00000149499",1,"EML3"
"ENSG00000149507",1,"OOSP2"
"ENSG00000149534",1,"MS4A2"
"ENSG00000149577",1,"SIDT2"
"ENSG00000149742",1,"SLC22A9"
"ENSG00000149743",1,"TRPT1"
"ENSG00000149922",1,"TBX6"
"ENSG00000150048",1,"CLEC1A"
"ENSG00000150054",1,"MPP7"
"ENSG00000150261",1,"OR8K1"
"ENSG00000150459",1,"SAP18"
"ENSG00000150750",1,"POU2AF2"
"ENSG00000150779",1,"TIMM8B"
"ENSG00000150867",1,"PIP4K2A"
"ENSG00000151240",1,"DIP2C"
"ENSG00000151287",1,"TEX30"
"ENSG00000151376",1,"ME3"
"ENSG00000151413",1,"NUBPL"
"ENSG00000151414",1,"NEK7"
"ENSG00000151474",1,"FRMD4A"
"ENSG00000151503",1,"NCAPD3"
"ENSG00000151553",1,"FHIP2A"
"ENSG00000151572",1,"ANO4"
"ENSG00000151632",1,"AKR1C2"
"ENSG00000151687",1,"ANKAR"
"ENSG00000151726",1,"ACSL1"
"ENSG00000151834",1,"GABRA2"
"ENSG00000151835",1,"SACS"
"ENSG00000151846",1,"PABPC3"
"ENSG00000151914",1,"DST"
"ENSG00000152034",1,"MCHR2"
"ENSG00000152056",1,"AP1S3"
"ENSG00000152127",1,"MGAT5"
"ENSG00000152137",1,"HSPB8"
"ENSG00000152413",1,"HOMER1"
"ENSG00000152463",1,"OLAH"
"ENSG00000152578",1,"GRIA4"
"ENSG00000152592",1,"DMP1"
"ENSG00000152595",1,"MEPE"
"ENSG00000152642",1,"GPD1L"
"ENSG00000152670",1,"DDX4"
"ENSG00000152904",1,"GGPS1"
"ENSG00000152936",1,"LMNTD1"
"ENSG00000152990",1,"ADGRA3"
"ENSG00000153002",1,"CPB1"
"ENSG00000153015",1,"CWC27"
"ENSG00000153130",1,"SCOC"
"ENSG00000153187",1,"HNRNPU"
"ENSG00000153294",1,"ADGRF4"
"ENSG00000153303",1,"FRMD1"
"ENSG00000153443",1,"UBALD1"
"ENSG00000153560",1,"UBP1"
"ENSG00000153779",1,"TGIF2LX"
"ENSG00000153814",1,"JAZF1"
"ENSG00000153815",1,"CMIP"
"ENSG00000154040",1,"CABYR"
"ENSG00000154099",1,"DNAAF1"
"ENSG00000154175",1,"ABI3BP"
"ENSG00000154227",1,"CERS3"
"ENSG00000154237",1,"LRRK1"
"ENSG00000154258",1,"ABCA9"
"ENSG00000154319",1,"FAM167A"
"ENSG00000154832",1,"CXXC1"
"ENSG00000154920",1,"EME1"
"ENSG00000155096",1,"AZIN1"
"ENSG00000155100",1,"OTUD6B"
"ENSG00000155313",1,"USP25"
"ENSG00000155545",1,"MIER3"
"ENSG00000155657",1,"TTN"
"ENSG00000155926",1,"SLA"
"ENSG00000156009",1,"MAGEA8"
"ENSG00000156026",1,"MCU"
"ENSG00000156030",1,"MIDEAS"
"ENSG00000156219",1,"ART3"
"ENSG00000156273",1,"BACH1"
"ENSG00000156282",1,"CLDN17"
"ENSG00000156284",1,"CLDN8"
"ENSG00000156413",1,"FUT6"
"ENSG00000156531",1,"PHF6"
"ENSG00000156958",1,"GALK2"
"ENSG00000157017",1,"GHRL"
"ENSG00000157060",1,"SHCBP1L"
"ENSG00000157087",1,"ATP2B2"
"ENSG00000157214",1,"STEAP2"
"ENSG00000157423",1,"HYDIN"
"ENSG00000157450",1,"RNF111"
"ENSG00000157470",1,"FAM81A"
"ENSG00000157625",1,"TAB3"
"ENSG00000157851",1,"DPYSL5"
"ENSG00000157873",1,"TNFRSF14"
"ENSG00000157895",1,"C12orf43"
"ENSG00000157985",1,"AGAP1"
"ENSG00000157992",1,"KRTCAP3"
"ENSG00000158321",1,"AUTS2"
"ENSG00000158486",1,"DNAH3"
"ENSG00000158488",1,"CD1E"
"ENSG00000158578",1,"ALAS2"
"ENSG00000158717",1,"RNF166"
"ENSG00000158747",1,"NBL1"
"ENSG00000158796",1,"DEDD"
"ENSG00000158856",1,"DMTN"
"ENSG00000158987",1,"RAPGEF6"
"ENSG00000159110",1,"IFNAR2"
"ENSG00000159166",1,"LAD1"
"ENSG00000159189",1,"C1QC"
"ENSG00000159216",1,"RUNX1"
"ENSG00000159455",1,"LCE2B"
"ENSG00000159516",1,"SPRR2G"
"ENSG00000159527",1,"PGLYRP3"
"ENSG00000159658",1,"EFCAB14"
"ENSG00000159674",1,"SPON2"
"ENSG00000159753",1,"CARMIL2"
"ENSG00000159840",1,"ZYX"
"ENSG00000159842",1,"ABR"
"ENSG00000159871",1,"LYPD5"
"ENSG00000159905",1,"ZNF221"
"ENSG00000159915",1,"ZNF233"
"ENSG00000159921",1,"GNE"
"ENSG00000160183",1,"TMPRSS3"
"ENSG00000160185",1,"UBASH3A"
"ENSG00000160339",1,"FCN2"
"ENSG00000160345",1,"PIERCE1"
"ENSG00000160349",1,"LCN1"
"ENSG00000160551",1,"TAOK1"
"ENSG00000160679",1,"CHTOP"
"ENSG00000160710",1,"ADAR"
"ENSG00000160789",1,"LMNA"
"ENSG00000161036",1,"LRWD1"
"ENSG00000161267",1,"BDH1"
"ENSG00000161405",1,"IKZF3"
"ENSG00000161544",1,"CYGB"
"ENSG00000161649",1,"CD300LG"
"ENSG00000161652",1,"IZUMO2"
"ENSG00000161807",1,"OR7G1"
"ENSG00000161835",1,"TAMALIN"
"ENSG00000161958",1,"FGF11"
"ENSG00000161960",1,"EIF4A1"
"ENSG00000161973",1,"CCDC42"
"ENSG00000161981",1,"SNRNP25"
"ENSG00000162006",1,"MSLNL"
"ENSG00000162032",1,"SPSB3"
"ENSG00000162069",1,"BICDL2"
"ENSG00000162105",1,"SHANK2"
"ENSG00000162366",1,"PDZK1IP1"
"ENSG00000162367",1,"TAL1"
"ENSG00000162368",1,"CMPK1"
"ENSG00000162434",1,"JAK1"
"ENSG00000162591",1,"MEGF6"
"ENSG00000162594",1,"IL23R"
"ENSG00000162613",1,"FUBP1"
"ENSG00000162618",1,"ADGRL4"
"ENSG00000162620",1,"LRRIQ3"
"ENSG00000162636",1,"EEIG2"
"ENSG00000162641",1,"AKNAD1"
"ENSG00000162711",1,"NLRP3"
"ENSG00000162727",1,"OR2M5"
"ENSG00000162738",1,"VANGL2"
"ENSG00000162739",1,"SLAMF6"
"ENSG00000162747",1,"FCGR3B"
"ENSG00000162772",1,"ATF3"
"ENSG00000162804",1,"SNED1"
"ENSG00000162873",1,"KLHDC8A"
"ENSG00000162923",1,"WDR26"
"ENSG00000162929",1,"SANBR"
"ENSG00000162931",1,"TRIM17"
"ENSG00000163002",1,"NUP35"
"ENSG00000163017",1,"ACTG2"
"ENSG00000163046",1,"ANKRD30BL"
"ENSG00000163110",1,"PDLIM5"
"ENSG00000163114",1,"PDHA2"
"ENSG00000163121",1,"NEURL3"
"ENSG00000163145",1,"C1QTNF7"
"ENSG00000163171",1,"CDC42EP3"
"ENSG00000163221",1,"S100A12"
"ENSG00000163380",1,"LMOD3"
"ENSG00000163382",1,"NAXE"
"ENSG00000163424",1,"TEX55"
"ENSG00000163462",1,"TRIM46"
"ENSG00000163507",1,"CIP2A"
"ENSG00000163517",1,"HDAC11"
"ENSG00000163519",1,"TRAT1"
"ENSG00000163554",1,"SPTA1"
"ENSG00000163581",1,"SLC2A2"
"ENSG00000163586",1,"FABP1"
"ENSG00000163599",1,"CTLA4"
"ENSG00000163605",1,"PPP4R2"
"ENSG00000163625",1,"WDFY3"
"ENSG00000163645",1,"ERICH6"
"ENSG00000163659",1,"TIPARP"
"ENSG00000163703",1,"CRELD1"
"ENSG00000163705",1,"FANCD2OS"
"ENSG00000163751",1,"CPA3"
"ENSG00000163754",1,"GYG1"
"ENSG00000163793",1,"DNAJC5G"
"ENSG00000163808",1,"KIF15"
"ENSG00000163939",1,"PBRM1"
"ENSG00000163946",1,"TASOR"
"ENSG00000164022",1,"AIMP1"
"ENSG00000164073",1,"MFSD8"
"ENSG00000164116",1,"GUCY1A1"
"ENSG00000164117",1,"FBXO8"
"ENSG00000164118",1,"CEP44"
"ENSG00000164124",1,"TMEM144"
"ENSG00000164125",1,"GASK1B"
"ENSG00000164253",1,"WDR41"
"ENSG00000164304",1,"CAGE1"
"ENSG00000164325",1,"TMEM174"
"ENSG00000164346",1,"NSA2"
"ENSG00000164399",1,"IL3"
"ENSG00000164400",1,"CSF2"
"ENSG00000164402",1,"SEPTIN8"
"ENSG00000164418",1,"GRIK2"
"ENSG00000164430",1,"CGAS"
"ENSG00000164542",1,"MATCAP2"
"ENSG00000164588",1,"HCN1"
"ENSG00000164690",1,"SHH"
"ENSG00000164733",1,"CTSB"
"ENSG00000164744",1,"SUN3"
"ENSG00000164749",1,"HNF4G"
"ENSG00000164751",1,"PEX2"
"ENSG00000164756",1,"SLC30A8"
"ENSG00000164818",1,"DNAAF5"
"ENSG00000164822",1,"DEFA6"
"ENSG00000164830",1,"OXR1"
"ENSG00000164919",1,"COX6C"
"ENSG00000164924",1,"YWHAZ"
"ENSG00000164933",1,"SLC25A32"
"ENSG00000164970",1,"FAM219A"
"ENSG00000165071",1,"TMEM71"
"ENSG00000165084",1,"C8orf34"
"ENSG00000165091",1,"TMC1"
"ENSG00000165102",1,"HGSNAT"
"ENSG00000165181",1,"SHOC1"
"ENSG00000165192",1,"ASB11"
"ENSG00000165240",1,"ATP7A"
"ENSG00000165304",1,"MELK"
"ENSG00000165325",1,"DEUP1"
"ENSG00000165338",1,"HECTD2"
"ENSG00000165462",1,"PHOX2A"
"ENSG00000165471",1,"MBL2"
"ENSG00000165474",1,"GJB2"
"ENSG00000165494",1,"PCF11"
"ENSG00000165509",1,"MAGEC3"
"ENSG00000165643",1,"SOHLH1"
"ENSG00000165675",1,"ENOX2"
"ENSG00000165689",1,"ENTR1"
"ENSG00000165699",1,"TSC1"
"ENSG00000165702",1,"GFI1B"
"ENSG00000165795",1,"NDRG2"
"ENSG00000165821",1,"SALL2"
"ENSG00000165905",1,"LARGE2"
"ENSG00000166024",1,"R3HCC1L"
"ENSG00000166037",1,"CEP57"
"ENSG00000166090",1,"IL25"
"ENSG00000166140",1,"ZFYVE19"
"ENSG00000166159",1,"LRTM2"
"ENSG00000166164",1,"BRD7"
"ENSG00000166197",1,"NOLC1"
"ENSG00000166340",1,"TPP1"
"ENSG00000166352",1,"IFTAP"
"ENSG00000166396",1,"SERPINB7"
"ENSG00000166435",1,"XRRA1"
"ENSG00000166444",1,"DENND2B"
"ENSG00000166501",1,"PRKCB"
"ENSG00000166548",1,"TK2"
"ENSG00000166558",1,"SLC38A8"
"ENSG00000166589",1,"CDH16"
"ENSG00000166676",1,"TVP23A"
"ENSG00000166736",1,"HTR3A"
"ENSG00000166762",1,"CATSPER2"
"ENSG00000166888",1,"STAT6"
"ENSG00000166926",1,"MS4A6E"
"ENSG00000166930",1,"MS4A5"
"ENSG00000166960",1,"CCDC178"
"ENSG00000166971",1,"AKTIP"
"ENSG00000166986",1,"MARS1"
"ENSG00000166987",1,"MBD6"
"ENSG00000167014",1,"TERB2"
"ENSG00000167098",1,"SUN5"
"ENSG00000167104",1,"BPIFB6"
"ENSG00000167139",1,"TBC1D21"
"ENSG00000167165",1,"UGT1A6"
"ENSG00000167173",1,"C15orf39"
"ENSG00000167191",1,"GPRC5B"
"ENSG00000167194",1,"C16orf92"
"ENSG00000167202",1,"TBC1D2B"
"ENSG00000167207",1,"NOD2"
"ENSG00000167208",1,"SNX20"
"ENSG00000167384",1,"ZNF180"
"ENSG00000167460",1,"TPM4"
"ENSG00000167468",1,"GPX4"
"ENSG00000167483",1,"NIBAN3"
"ENSG00000167528",1,"ZNF641"
"ENSG00000167548",1,"KMT2D"
"ENSG00000167595",1,"PROSER3"
"ENSG00000167645",1,"YIF1B"
"ENSG00000167646",1,"DNAAF3"
"ENSG00000167674",1,"HDGFL2"
"ENSG00000167716",1,"WDR81"
"ENSG00000167720",1,"SRR"
"ENSG00000167741",1,"GGT6"
"ENSG00000167768",1,"KRT1"
"ENSG00000167825",1,"OR5I1"
"ENSG00000167904",1,"TMEM68"
"ENSG00000167914",1,"GSDMA"
"ENSG00000168003",1,"SLC3A2"
"ENSG00000168066",1,"SF1"
"ENSG00000168070",1,"MAJIN"
"ENSG00000168096",1,"ANKS3"
"ENSG00000168214",1,"RBPJ"
"ENSG00000168267",1,"PTF1A"
"ENSG00000168310",1,"IRF2"
"ENSG00000168333",1,"PPDPFL"
"ENSG00000168385",1,"SEPTIN2"
"ENSG00000168386",1,"FILIP1L"
"ENSG00000168481",1,"LGI3"
"ENSG00000168487",1,"BMP1"
"ENSG00000168488",1,"ATXN2L"
"ENSG00000168502",1,"MTCL1"
"ENSG00000168621",1,"GDNF"
"ENSG00000168661",1,"ZNF30"
"ENSG00000168685",1,"IL7R"
"ENSG00000168724",1,"DNAJC21"
"ENSG00000168743",1,"NPNT"
"ENSG00000168769",1,"TET2"
"ENSG00000168803",1,"ADAL"
"ENSG00000168811",1,"IL12A"
"ENSG00000168955",1,"TM4SF20"
"ENSG00000168993",1,"CPLX1"
"ENSG00000168995",1,"SIGLEC7"
"ENSG00000169064",1,"ZBBX"
"ENSG00000169154",1,"GOT1L1"
"ENSG00000169169",1,"CPT1C"
"ENSG00000169180",1,"XPO6"
"ENSG00000169189",1,"NSMCE1"
"ENSG00000169228",1,"RAB24"
"ENSG00000169288",1,"MRPL1"
"ENSG00000169327",1,"OR5AU1"
"ENSG00000169340",1,"PDILT"
"ENSG00000169359",1,"SLC33A1"
"ENSG00000169372",1,"CRADD"
"ENSG00000169484",1,"OR4K14"
"ENSG00000169488",1,"OR4K15"
"ENSG00000169515",1,"CCDC8"
"ENSG00000169550",1,"MUC15"
"ENSG00000169567",1,"HINT1"
"ENSG00000169688",1,"MT1B"
"ENSG00000169696",1,"ASPSCR1"
"ENSG00000169710",1,"FASN"
"ENSG00000169727",1,"GPS1"
"ENSG00000169876",1,"MUC17"
"ENSG00000169896",1,"ITGAM"
"ENSG00000169991",1,"IFFO2"
"ENSG00000170044",1,"ZPLD1"
"ENSG00000170074",1,"FAM153A"
"ENSG00000170085",1,"SIMC1"
"ENSG00000170099",1,"SERPINA6"
"ENSG00000170190",1,"SLC16A5"
"ENSG00000170298",1,"LGALS9B"
"ENSG00000170312",1,"CDK1"
"ENSG00000170322",1,"NFRKB"
"ENSG00000170345",1,"FOS"
"ENSG00000170412",1,"GPRC5C"
"ENSG00000170423",1,"KRT78"
"ENSG00000170445",1,"HARS1"
"ENSG00000170465",1,"KRT6C"
"ENSG00000170482",1,"SLC23A1"
"ENSG00000170485",1,"NPAS2"
"ENSG00000170486",1,"KRT72"
"ENSG00000170516",1,"COX7B2"
"ENSG00000170579",1,"DLGAP1"
"ENSG00000170605",1,"OR9K2"
"ENSG00000170627",1,"GTSF1"
"ENSG00000170788",1,"DYDC1"
"ENSG00000170899",1,"GSTA4"
"ENSG00000170909",1,"OSCAR"
"ENSG00000170920",1,"OR7G3"
"ENSG00000170953",1,"OR8B12"
"ENSG00000170956",1,"CEACAM3"
"ENSG00000171014",1,"OR4D5"
"ENSG00000171017",1,"LRRC8E"
"ENSG00000171060",1,"C8orf74"
"ENSG00000171124",1,"FUT3"
"ENSG00000171136",1,"RLN3"
"ENSG00000171201",1,"SMR3B"
"ENSG00000171206",1,"TRIM8"
"ENSG00000171209",1,"CSN3"
"ENSG00000171262",1,"FAM98B"
"ENSG00000171291",1,"ZNF439"
"ENSG00000171396",1,"KRTAP4-4"
"ENSG00000171401",1,"KRT13"
"ENSG00000171428",1,"NAT1"
"ENSG00000171446",1,"KRT27"
"ENSG00000171459",1,"OR1L6"
"ENSG00000171492",1,"LRRC8D"
"ENSG00000171509",1,"RXFP1"
"ENSG00000171560",1,"FGA"
"ENSG00000171595",1,"DNAI2"
"ENSG00000171631",1,"P2RY6"
"ENSG00000171643",1,"S100Z"
"ENSG00000171711",1,"DEFB4A"
"ENSG00000171735",1,"CAMTA1"
"ENSG00000171777",1,"RASGRP4"
"ENSG00000171804",1,"WDR87"
"ENSG00000171862",1,"PTEN"
"ENSG00000171885",1,"AQP4"
"ENSG00000171903",1,"CYP4F11"
"ENSG00000171942",1,"OR10H2"
"ENSG00000171944",1,"OR52A5"
"ENSG00000172009",1,"THOP1"
"ENSG00000172016",1,"REG3A"
"ENSG00000172023",1,"REG1B"
"ENSG00000172062",1,"SMN1"
"ENSG00000172115",1,"CYCS"
"ENSG00000172139",1,"SLC9C1"
"ENSG00000172146",1,"OR1A1"
"ENSG00000172150",1,"OR1A2"
"ENSG00000172154",1,"OR8I2"
"ENSG00000172156",1,"CCL11"
"ENSG00000172179",1,"PRL"
"ENSG00000172199",1,"OR8U1"
"ENSG00000172208",1,"OR4X2"
"ENSG00000172236",1,"TPSAB1"
"ENSG00000172243",1,"CLEC7A"
"ENSG00000172322",1,"CLEC12A"
"ENSG00000172409",1,"CLP1"
"ENSG00000172421",1,"EFCAB3"
"ENSG00000172459",1,"OR5AR1"
"ENSG00000172464",1,"OR5AP2"
"ENSG00000172478",1,"MAB21L4"
"ENSG00000172489",1,"OR5T3"
"ENSG00000172508",1,"CARNS1"
"ENSG00000172519",1,"OR10H5"
"ENSG00000172530",1,"BANP"
"ENSG00000172538",1,"FAM170B"
"ENSG00000172575",1,"RASGRP1"
"ENSG00000172602",1,"RND1"
"ENSG00000172638",1,"EFEMP2"
"ENSG00000172716",1,"SLFN11"
"ENSG00000172717",1,"GARIN2"
"ENSG00000172732",1,"MUS81"
"ENSG00000172742",1,"OR4D9"
"ENSG00000172752",1,"COL6A5"
"ENSG00000172769",1,"OR5B3"
"ENSG00000172772",1,"OR10W1"
"ENSG00000172780",1,"RAB43"
"ENSG00000172938",1,"MRGPRD"
"ENSG00000173041",1,"ZNF680"
"ENSG00000173200",1,"PARP15"
"ENSG00000173212",1,"MAB21L3"
"ENSG00000173264",1,"GPR137"
"ENSG00000173369",1,"C1QB"
"ENSG00000173372",1,"C1QA"
"ENSG00000173406",1,"DAB1"
"ENSG00000173421",1,"IHO1"
"ENSG00000173467",1,"AGR3"
"ENSG00000173511",1,"VEGFB"
"ENSG00000173572",1,"NLRP13"
"ENSG00000173578",1,"XCR1"
"ENSG00000173673",1,"HES3"
"ENSG00000173678",1,"SPDYE2B"
"ENSG00000173679",1,"OR1L1"
"ENSG00000173762",1,"CD7"
"ENSG00000173838",1,"MARCHF10"
"ENSG00000173868",1,"PHOSPHO1"
"ENSG00000173950",1,"XXYLT1"
"ENSG00000174015",1,"CBY2"
"ENSG00000174016",1,"TENT5D"
"ENSG00000174080",1,"CTSF"
"ENSG00000174125",1,"TLR1"
"ENSG00000174156",1,"GSTA3"
"ENSG00000174243",1,"DDX23"
"ENSG00000174276",1,"ZNHIT2"
"ENSG00000174279",1,"EVX2"
"ENSG00000174306",1,"ZHX3"
"ENSG00000174405",1,"LIG4"
"ENSG00000174482",1,"LINGO2"
"ENSG00000174502",1,"SLC26A9"
"ENSG00000174667",1,"OR7D4"
"ENSG00000174720",1,"LARP7"
"ENSG00000174914",1,"OR9G1"
"ENSG00000174938",1,"SEZ6L2"
"ENSG00000174957",1,"OR5J2"
"ENSG00000174970",1,"OR10AG1"
"ENSG00000174996",1,"KLC2"
"ENSG00000175018",1,"TEX36"
"ENSG00000175143",1,"OR2T1"
"ENSG00000175216",1,"CKAP5"
"ENSG00000175262",1,"C1orf127"
"ENSG00000175274",1,"TP53I11"
"ENSG00000175325",1,"PROP1"
"ENSG00000175329",1,"ISX"
"ENSG00000175344",1,"CHRNA7"
"ENSG00000175390",1,"EIF3F"
"ENSG00000175398",1,"OR10P1"
"ENSG00000175536",1,"LIPT2"
"ENSG00000175619",1,"OR4B1"
"ENSG00000175806",1,"MSRA"
"ENSG00000175946",1,"KLHL38"
"ENSG00000176040",1,"TMPRSS7"
"ENSG00000176108",1,"CHMP6"
"ENSG00000176125",1,"UFSP1"
"ENSG00000176200",1,"OR4D11"
"ENSG00000176230",1,"OR4K17"
"ENSG00000176231",1,"OR10H4"
"ENSG00000176246",1,"OR4L1"
"ENSG00000176253",1,"OR4K13"
"ENSG00000176256",1,"HMGB4"
"ENSG00000176281",1,"OR4K5"
"ENSG00000176371",1,"ZSCAN2"
"ENSG00000176381",1,"PRR18"
"ENSG00000176390",1,"CRLF3"
"ENSG00000176438",1,"SYNE3"
"ENSG00000176490",1,"DIRAS1"
"ENSG00000176495",1,"OR5AN1"
"ENSG00000176540",1,"OR4C5"
"ENSG00000176547",1,"OR4C3"
"ENSG00000176567",1,"OR4X1"
"ENSG00000176695",1,"OR4F17"
"ENSG00000176731",1,"RBIS"
"ENSG00000176742",1,"OR51V1"
"ENSG00000176774",1,"MAGEB18"
"ENSG00000176787",1,"OR52E2"
"ENSG00000176788",1,"BASP1"
"ENSG00000176893",1,"OR51G2"
"ENSG00000176900",1,"OR51T1"
"ENSG00000176925",1,"OR51F2"
"ENSG00000176927",1,"EFCAB5"
"ENSG00000177174",1,"OR14C36"
"ENSG00000177189",1,"RPS6KA3"
"ENSG00000177301",1,"KCNA2"
"ENSG00000177398",1,"UMODL1"
"ENSG00000177425",1,"PAWR"
"ENSG00000177463",1,"NR2C2"
"ENSG00000177476",1,"OR2G3"
"ENSG00000177489",1,"OR2G2"
"ENSG00000177504",1,"VCX2"
"ENSG00000177575",1,"CD163"
"ENSG00000177606",1,"JUN"
"ENSG00000177685",1,"CRACR2B"
"ENSG00000177689",1,"MAGEB10"
"ENSG00000177885",1,"GRB2"
"ENSG00000177994",1,"C2orf73"
"ENSG00000178171",1,"AMER3"
"ENSG00000178175",1,"ZNF366"
"ENSG00000178187",1,"ZNF454"
"ENSG00000178188",1,"SH2B1"
"ENSG00000178279",1,"TNP2"
"ENSG00000178287",1,"SPAG11A"
"ENSG00000178395",1,"CCDC185"
"ENSG00000178397",1,"FAM220A"
"ENSG00000178473",1,"UCN3"
"ENSG00000178562",1,"CD28"
"ENSG00000178685",1,"PARP10"
"ENSG00000178719",1,"GRINA"
"ENSG00000178802",1,"MPI"
"ENSG00000178828",1,"RNF186"
"ENSG00000178882",1,"RFLNA"
"ENSG00000178971",1,"CTC1"
"ENSG00000179142",1,"CYP11B2"
"ENSG00000179304",1,"FAM156B"
"ENSG00000179407",1,"DNAJB8"
"ENSG00000179456",1,"ZBTB18"
"ENSG00000179583",1,"CIITA"
"ENSG00000179588",1,"ZFPM1"
"ENSG00000179600",1,"GPHB5"
"ENSG00000179604",1,"CDC42EP4"
"ENSG00000179615",1,"OR2AP1"
"ENSG00000179639",1,"FCER1A"
"ENSG00000179695",1,"OR6C2"
"ENSG00000179817",1,"MRGPRX4"
"ENSG00000179869",1,"ABCA13"
"ENSG00000179919",1,"OR10A7"
"ENSG00000179922",1,"ZNF784"
"ENSG00000179943",1,"FIZ1"
"ENSG00000179954",1,"SSC5D"
"ENSG00000179981",1,"TSHZ1"
"ENSG00000180061",1,"TMEM150B"
"ENSG00000180083",1,"WFDC11"
"ENSG00000180090",1,"OR3A1"
"ENSG00000180264",1,"ADGRD2"
"ENSG00000180316",1,"PNPLA1"
"ENSG00000180386",1,"KRTAP9-7"
"ENSG00000180433",1,"OR6K6"
"ENSG00000180475",1,"OR10Q1"
"ENSG00000180488",1,"MIGA1"
"ENSG00000180644",1,"PRF1"
"ENSG00000180708",1,"OR10K2"
"ENSG00000181009",1,"OR52N5"
"ENSG00000181031",1,"RPH3AL"
"ENSG00000181036",1,"FCRL6"
"ENSG00000181038",1,"METTL23"
"ENSG00000181085",1,"MAPK15"
"ENSG00000181090",1,"EHMT1"
"ENSG00000181092",1,"ADIPOQ"
"ENSG00000181143",1,"MUC16"
"ENSG00000181371",1,"OR5M8"
"ENSG00000181374",1,"CCL13"
"ENSG00000181381",1,"DDX60L"
"ENSG00000181616",1,"OR52H1"
"ENSG00000181698",1,"OR5T1"
"ENSG00000181718",1,"OR5T2"
"ENSG00000181733",1,"OR2Z1"
"ENSG00000181752",1,"OR8K5"
"ENSG00000181761",1,"OR8H3"
"ENSG00000181786",1,"ACTL9"
"ENSG00000181803",1,"OR6S1"
"ENSG00000181826",1,"RELL1"
"ENSG00000181827",1,"RFX7"
"ENSG00000181852",1,"RNF41"
"ENSG00000181867",1,"FTMT"
"ENSG00000181903",1,"OR4C6"
"ENSG00000181915",1,"ADO"
"ENSG00000181939",1,"OR4C15"
"ENSG00000181958",1,"OR4A15"
"ENSG00000181961",1,"OR4A16"
"ENSG00000182035",1,"ADIG"
"ENSG00000182083",1,"OR6B2"
"ENSG00000182220",1,"ATP6AP2"
"ENSG00000182446",1,"NPLOC4"
"ENSG00000182511",1,"FES"
"ENSG00000182545",1,"RNASE10"
"ENSG00000182585",1,"EPGN"
"ENSG00000182600",1,"SNORC"
"ENSG00000182606",1,"TRAK1"
"ENSG00000182613",1,"OR2V2"
"ENSG00000182634",1,"OR10G7"
"ENSG00000182718",1,"ANXA2"
"ENSG00000182816",1,"KRTAP13-2"
"ENSG00000182872",1,"RBM10"
"ENSG00000182896",1,"TMEM95"
"ENSG00000182898",1,"TCHHL1"
"ENSG00000182957",1,"SPATA13"
"ENSG00000182985",1,"CADM1"
"ENSG00000183023",1,"SLC8A1"
"ENSG00000183092",1,"BEGAIN"
"ENSG00000183269",1,"OR52E8"
"ENSG00000183304",1,"FAM9A"
"ENSG00000183318",1,"SPDYE4"
"ENSG00000183337",1,"BCOR"
"ENSG00000183379",1,"SYNDIG1L"
"ENSG00000183463",1,"URAD"
"ENSG00000183560",1,"IZUMO1R"
"ENSG00000183569",1,"SERHL2"
"ENSG00000183607",1,"GKN2"
"ENSG00000183625",1,"CCR3"
"ENSG00000183640",1,"KRTAP8-1"
"ENSG00000183668",1,"PSG9"
"ENSG00000183747",1,"ACSM2A"
"ENSG00000183844",1,"FAM3B"
"ENSG00000183873",1,"SCN5A"
"ENSG00000183876",1,"ARSI"
"ENSG00000183918",1,"SH2D1A"
"ENSG00000184022",1,"OR2T10"
"ENSG00000184108",1,"TRIML1"
"ENSG00000184140",1,"OR4F6"
"ENSG00000184148",1,"SPRR4"
"ENSG00000184155",1,"OR10J5"
"ENSG00000184166",1,"OR1D2"
"ENSG00000184216",1,"IRAK1"
"ENSG00000184313",1,"MROH7"
"ENSG00000184459",1,"BPIFC"
"ENSG00000184478",1,"OR56A3"
"ENSG00000184507",1,"NUTM1"
"ENSG00000184515",1,"BEX5"
"ENSG00000184571",1,"PIWIL3"
"ENSG00000184659",1,"FOXD4L4"
"ENSG00000184814",1,"PRR23B"
"ENSG00000184828",1,"ZBTB7C"
"ENSG00000184897",1,"H1-10"
"ENSG00000184908",1,"CLCNKB"
"ENSG00000184937",1,"WT1"
"ENSG00000184954",1,"OR6C70"
"ENSG00000184956",1,"MUC6"
"ENSG00000184992",1,"BRI3BP"
"ENSG00000184999",1,"SLC22A10"
"ENSG00000185013",1,"NT5C1B"
"ENSG00000185024",1,"BRF1"
"ENSG00000185033",1,"SEMA4B"
"ENSG00000185046",1,"ANKS1B"
"ENSG00000185069",1,"KRT76"
"ENSG00000185100",1,"ADSS1"
"ENSG00000185122",1,"HSF1"
"ENSG00000185215",1,"TNFAIP2"
"ENSG00000185231",1,"MC2R"
"ENSG00000185262",1,"UBALD2"
"ENSG00000185264",1,"TEX33"
"ENSG00000185303",1,"SFTPA2"
"ENSG00000185313",1,"SCN10A"
"ENSG00000185324",1,"CDK10"
"ENSG00000185359",1,"HGS"
"ENSG00000185372",1,"OR2V1"
"ENSG00000185385",1,"OR7A17"
"ENSG00000185479",1,"KRT6B"
"ENSG00000185499",1,"MUC1"
"ENSG00000185630",1,"PBX1"
"ENSG00000185662",1,"SMIM23"
"ENSG00000185681",1,"MORN5"
"ENSG00000185697",1,"MYBL1"
"ENSG00000185761",1,"ADAMTSL5"
"ENSG00000185821",1,"OR6C76"
"ENSG00000185825",1,"BCAP31"
"ENSG00000185829",1,"ARL17A"
"ENSG00000185842",1,"DNAH14"
"ENSG00000185863",1,"TMEM210"
"ENSG00000185873",1,"TMPRSS11B"
"ENSG00000185883",1,"ATP6V0C"
"ENSG00000185897",1,"FFAR3"
"ENSG00000185966",1,"LCE3E"
"ENSG00000186038",1,"HTR3E"
"ENSG00000186049",1,"KRT73"
"ENSG00000186074",1,"CD300LF"
"ENSG00000186075",1,"ZPBP2"
"ENSG00000186086",1,"NBPF6"
"ENSG00000186090",1,"HTR3D"
"ENSG00000186094",1,"AGBL4"
"ENSG00000186113",1,"OR5D14"
"ENSG00000186115",1,"CYP4F2"
"ENSG00000186143",1,"PRR30"
"ENSG00000186188",1,"FFAR4"
"ENSG00000186191",1,"BPIFB4"
"ENSG00000186205",1,"MTARC1"
"ENSG00000186281",1,"GPAT2"
"ENSG00000186306",1,"OR10T2"
"ENSG00000186329",1,"TMEM212"
"ENSG00000186334",1,"SLC36A3"
"ENSG00000186350",1,"RXRA"
"ENSG00000186393",1,"KRT26"
"ENSG00000186407",1,"CD300E"
"ENSG00000186417",1,"GLDN"
"ENSG00000186440",1,"OR6P1"
"ENSG00000186446",1,"ZNF501"
"ENSG00000186458",1,"DEFB132"
"ENSG00000186509",1,"OR9Q1"
"ENSG00000186513",1,"OR9Q2"
"ENSG00000186714",1,"CCDC73"
"ENSG00000186723",1,"OR10H1"
"ENSG00000186788",1,"SPATA31D3"
"ENSG00000186815",1,"TPCN1"
"ENSG00000186827",1,"TNFRSF4"
"ENSG00000186832",1,"KRT16"
"ENSG00000186844",1,"LCE1A"
"ENSG00000186860",1,"KRTAP17-1"
"ENSG00000186868",1,"MAPT"
"ENSG00000186924",1,"KRTAP22-1"
"ENSG00000186925",1,"KRTAP19-6"
"ENSG00000186930",1,"KRTAP6-2"
"ENSG00000186965",1,"KRTAP19-2"
"ENSG00000186970",1,"KRTAP15-1"
"ENSG00000186971",1,"KRTAP13-4"
"ENSG00000187005",1,"KRTAP21-1"
"ENSG00000187048",1,"CYP4A11"
"ENSG00000187049",1,"TMEM216"
"ENSG00000187094",1,"CCK"
"ENSG00000187173",1,"LCE2A"
"ENSG00000187243",1,"MAGED4B"
"ENSG00000187391",1,"MAGI2"
"ENSG00000187607",1,"ZNF286A"
"ENSG00000187630",1,"DHRS4L2"
"ENSG00000187699",1,"C2orf88"
"ENSG00000187800",1,"PEAR1"
"ENSG00000187806",1,"TMEM202"
"ENSG00000187857",1,"OR6C75"
"ENSG00000187902",1,"SHISA7"
"ENSG00000187969",1,"ZCCHC13"
"ENSG00000187997",1,"C17orf99"
"ENSG00000188037",1,"CLCN1"
"ENSG00000188056",1,"TREML4"
"ENSG00000188070",1,"ZFTA"
"ENSG00000188089",1,"PLA2G4E"
"ENSG00000188175",1,"HEPACAM2"
"ENSG00000188227",1,"ZNF793"
"ENSG00000188263",1,"IL17REL"
"ENSG00000188373",1,"GPR15LG"
"ENSG00000188408",1,"MAGEB5"
"ENSG00000188488",1,"SERPINA5"
"ENSG00000188558",1,"OR2G6"
"ENSG00000188582",1,"PAQR9"
"ENSG00000188603",1,"CLN3"
"ENSG00000188655",1,"RNASE9"
"ENSG00000188676",1,"IDO2"
"ENSG00000188691",1,"OR56A5"
"ENSG00000188694",1,"KRTAP24-1"
"ENSG00000188784",1,"PLA2G2E"
"ENSG00000188817",1,"SNTN"
"ENSG00000188993",1,"LRRC66"
"ENSG00000189132",1,"FAM47B"
"ENSG00000189139",1,"FSCB"
"ENSG00000189143",1,"CLDN4"
"ENSG00000189195",1,"BTBD8"
"ENSG00000189252",1,"SPANXN3"
"ENSG00000189266",1,"PNRC2"
"ENSG00000189350",1,"TOGARAM2"
"ENSG00000196091",1,"MYBPC1"
"ENSG00000196099",1,"OR6M1"
"ENSG00000196109",1,"ZNF676"
"ENSG00000196139",1,"AKR1C3"
"ENSG00000196154",1,"S100A4"
"ENSG00000196171",1,"OR6K2"
"ENSG00000196218",1,"RYR1"
"ENSG00000196228",1,"SULT1C3"
"ENSG00000196235",1,"SUPT5H"
"ENSG00000196242",1,"OR2C3"
"ENSG00000196248",1,"OR10S1"
"ENSG00000196277",1,"GRM7"
"ENSG00000196305",1,"IARS1"
"ENSG00000196341",1,"OR8D1"
"ENSG00000196350",1,"ZNF729"
"ENSG00000196353",1,"CPNE4"
"ENSG00000196405",1,"EVL"
"ENSG00000196427",1,"NBPF4"
"ENSG00000196459",1,"TRAPPC2"
"ENSG00000196497",1,"IPO4"
"ENSG00000196549",1,"MME"
"ENSG00000196569",1,"LAMA2"
"ENSG00000196642",1,"RABL6"
"ENSG00000196653",1,"ZNF502"
"ENSG00000196712",1,"NF1"
"ENSG00000196778",1,"OR52K1"
"ENSG00000196832",1,"OR11G2"
"ENSG00000196839",1,"ADA"
"ENSG00000196946",1,"ZNF705A"
"ENSG00000196954",1,"CASP4"
"ENSG00000197046",1,"SIGLEC15"
"ENSG00000197063",1,"MAFG"
"ENSG00000197111",1,"PCBP2"
"ENSG00000197123",1,"ZNF679"
"ENSG00000197125",1,"OR8B8"
"ENSG00000197140",1,"ADAM32"
"ENSG00000197142",1,"ACSL5"
"ENSG00000197168",1,"NEK5"
"ENSG00000197172",1,"MAGEA6"
"ENSG00000197233",1,"OR1J2"
"ENSG00000197249",1,"SERPINA1"
"ENSG00000197283",1,"SYNGAP1"
"ENSG00000197309",1,"OR10D3"
"ENSG00000197381",1,"ADARB1"
"ENSG00000197403",1,"OR6N1"
"ENSG00000197437",1,"OR13G1"
"ENSG00000197520",1,"FAM177B"
"ENSG00000197532",1,"OR6Y1"
"ENSG00000197535",1,"MYO5A"
"ENSG00000197540",1,"GZMM"
"ENSG00000197562",1,"RAB40C"
"ENSG00000197580",1,"BCO2"
"ENSG00000197591",1,"OR11L1"
"ENSG00000197620",1,"EOLA1"
"ENSG00000197632",1,"SERPINB2"
"ENSG00000197651",1,"CCER1"
"ENSG00000197683",1,"KRTAP26-1"
"ENSG00000197768",1,"STPG3"
"ENSG00000197786",1,"OR5B17"
"ENSG00000197790",1,"OR52M1"
"ENSG00000197822",1,"OCLN"
"ENSG00000197849",1,"OR8G1"
"ENSG00000197879",1,"MYO1C"
"ENSG00000197885",1,"NKIRAS1"
"ENSG00000197888",1,"UGT2B17"
"ENSG00000197891",1,"SLC22A12"
"ENSG00000197915",1,"HRNR"
"ENSG00000197943",1,"PLCG2"
"ENSG00000197953",1,"AADACL2"
"ENSG00000197980",1,"LEKR1"
"ENSG00000198033",1,"TUBA3C"
"ENSG00000198046",1,"ZNF667"
"ENSG00000198083",1,"KRTAP9-9"
"ENSG00000198090",1,"KRTAP4-6"
"ENSG00000198104",1,"OR2T6"
"ENSG00000198128",1,"OR2L3"
"ENSG00000198131",1,"ZNF544"
"ENSG00000198133",1,"TMEM229B"
"ENSG00000198160",1,"MIER1"
"ENSG00000198208",1,"RPS6KL1"
"ENSG00000198218",1,"QRICH1"
"ENSG00000198283",1,"OR5B21"
"ENSG00000198324",1,"PHETA1"
"ENSG00000198363",1,"ASPH"
"ENSG00000198452",1,"OR14L1P"
"ENSG00000198517",1,"MAFK"
"ENSG00000198542",1,"ITGBL1"
"ENSG00000198633",1,"ZNF534"
"ENSG00000198643",1,"FAM3D"
"ENSG00000198674",1,"OR10G6"
"ENSG00000198681",1,"MAGEA1"
"ENSG00000198689",1,"SLC9A6"
"ENSG00000198758",1,"EPS8L3"
"ENSG00000198765",1,"SYCP1"
"ENSG00000198795",1,"ZNF521"
"ENSG00000198815",1,"FOXJ3"
"ENSG00000198838",1,"RYR3"
"ENSG00000198844",1,"ARHGEF15"
"ENSG00000198854",1,"C1orf68"
"ENSG00000198909",1,"MAP3K3"
"ENSG00000198915",1,"RASGEF1A"
"ENSG00000198965",1,"OR10R2"
"ENSG00000203668",1,"CHML"
"ENSG00000203697",1,"CAPN8"
"ENSG00000203734",1,"ECT2L"
"ENSG00000203747",1,"FCGR3A"
"ENSG00000203786",1,"KPRP"
"ENSG00000203859",1,"HSD3B2"
"ENSG00000203870",1,"SMIM9"
"ENSG00000203933",1,"CXorf66"
"ENSG00000203943",1,"SAMD13"
"ENSG00000203972",1,"GLYATL3"
"ENSG00000204019",1,"CT83"
"ENSG00000204020",1,"LIPN"
"ENSG00000204136",1,"GGTA1"
"ENSG00000204267",1,"TAP2"
"ENSG00000204278",1,"TMEM235"
"ENSG00000204300",1,"TMEM225"
"ENSG00000204311",1,"PJVK"
"ENSG00000204345",1,"CD300LD"
"ENSG00000204531",1,"POU5F1"
"ENSG00000204544",1,"MUC21"
"ENSG00000204571",1,"KRTAP5-11"
"ENSG00000204595",1,"DPRX"
"ENSG00000204614",1,"TRIM40"
"ENSG00000204687",1,"MAS1L"
"ENSG00000204701",1,"OR2J3"
"ENSG00000204702",1,"OR2J1"
"ENSG00000204704",1,"OR2W1"
"ENSG00000204740",1,"MALRD1"
"ENSG00000204843",1,"DCTN1"
"ENSG00000204880",1,"KRTAP4-8"
"ENSG00000204887",1,"KRTAP1-4"
"ENSG00000204952",1,"FBXO47"
"ENSG00000204969",1,"PCDHA2"
"ENSG00000204977",1,"TRIM13"
"ENSG00000205029",1,"OR5D16"
"ENSG00000205030",1,"OR5L2"
"ENSG00000205045",1,"SLFN12L"
"ENSG00000205177",1,"C11orf91"
"ENSG00000205301",1,"MGAT4D"
"ENSG00000205327",1,"OR6C68"
"ENSG00000205329",1,"OR6C3"
"ENSG00000205330",1,"OR6C1"
"ENSG00000205359",1,"SLCO6A1"
"ENSG00000205439",1,"KRTAP12-3"
"ENSG00000205456",1,"TP53TG3D"
"ENSG00000205495",1,"OR52J3"
"ENSG00000205496",1,"OR51A2"
"ENSG00000205560",1,"CPT1B"
"ENSG00000205571",1,"SMN2"
"ENSG00000205639",1,"MFSD2B"
"ENSG00000205777",1,"GAGE1"
"ENSG00000205784",1,"ARRDC5"
"ENSG00000205810",1,"KLRC3"
"ENSG00000205882",1,"DEFB134"
"ENSG00000205899",1,"BHLHA9"
"ENSG00000206043",1,"C18orf63"
"ENSG00000206102",1,"KRTAP19-8"
"ENSG00000206104",1,"KRTAP20-3"
"ENSG00000206107",1,"KRTAP27-1"
"ENSG00000206190",1,"ATP10A"
"ENSG00000206260",1,"PRR23A"
"ENSG00000206384",1,"COL6A6"
"ENSG00000206474",1,"OR10C1"
"ENSG00000206503",1,"HLA-A"
"ENSG00000206530",1,"CFAP44"
"ENSG00000206531",1,"CD200R1L"
"ENSG00000206536",1,"OR5K3"
"ENSG00000211456",1,"SACM1L"
"ENSG00000212659",1,"KRTAP9-6"
"ENSG00000212710",1,"CTAGE1"
"ENSG00000212721",1,"KRTAP4-11"
"ENSG00000212724",1,"KRTAP2-3"
"ENSG00000212725",1,"KRTAP2-1"
"ENSG00000212935",1,"KRTAP10-3"
"ENSG00000213022",1,"KLK9"
"ENSG00000213085",1,"CFAP45"
"ENSG00000213185",1,"FAM24B"
"ENSG00000213416",1,"KRTAP4-12"
"ENSG00000213417",1,"KRTAP2-4"
"ENSG00000213533",1,"STIMATE"
"ENSG00000213563",1,"C8orf82"
"ENSG00000213654",1,"GPSM3"
"ENSG00000213658",1,"LAT"
"ENSG00000213822",1,"CEACAM18"
"ENSG00000213901",1,"SLC23A3"
"ENSG00000213928",1,"IRF9"
"ENSG00000213999",1,"MEF2B"
"ENSG00000214022",1,"REPIN1"
"ENSG00000214046",1,"SMIM7"
"ENSG00000214078",1,"CPNE1"
"ENSG00000214216",1,"IQCJ"
"ENSG00000214324",1,"PRR23E"
"ENSG00000214357",1,"NEURL1B"
"ENSG00000214367",1,"HAUS3"
"ENSG00000214518",1,"KRTAP2-2"
"ENSG00000214530",1,"STARD10"
"ENSG00000214655",1,"ZSWIM8"
"ENSG00000214782",1,"MS4A18"
"ENSG00000214891",1,"TRIM64C"
"ENSG00000214897",1,"PNMA6E"
"ENSG00000214943",1,"GPR33"
"ENSG00000214944",1,"ARHGEF28"
"ENSG00000215041",1,"NEURL4"
"ENSG00000215277",1,"RNF212B"
"ENSG00000215472",1,"RPL17-C18orf32"
"ENSG00000215474",1,"SKOR2"
"ENSG00000215545",1,"DEFB116"
"ENSG00000215568",1,"GAB4"
"ENSG00000215704",1,"CELA2B"
"ENSG00000216921",1,"FAM240C"
"ENSG00000218819",1,"TDRD15"
"ENSG00000219438",1,"TAFA5"
"ENSG00000221840",1,"OR4A5"
"ENSG00000221852",1,"KRTAP1-5"
"ENSG00000221855",1,"TAS2R41"
"ENSG00000221867",1,"MAGEA3"
"ENSG00000221880",1,"KRTAP1-3"
"ENSG00000221882",1,"OR3A2"
"ENSG00000221900",1,"POM121L12"
"ENSG00000221910",1,"OR2F2"
"ENSG00000221954",1,"OR4C12"
"ENSG00000221977",1,"OR4E2"
"ENSG00000221989",1,"OR2A2"
"ENSG00000221996",1,"OR52B4"
"ENSG00000223614",1,"ZNF735"
"ENSG00000223802",1,"CERS1"
"ENSG00000224383",1,"PRR29"
"ENSG00000225805",1,"DEFB131B"
"ENSG00000226430",1,"USP17L7"
"ENSG00000226690",1,"ENSG00000226690"
"ENSG00000228567",1,"VN1R4"
"ENSG00000230549",1,"USP17L1"
"ENSG00000230561",1,"CCDC192"
"ENSG00000230657",1,"PRB4"
"ENSG00000231274",1,"SBK3"
"ENSG00000231925",1,"TAPBP"
"ENSG00000232030",1,"MAGEB6B"
"ENSG00000232258",1,"TMEM114"
"ENSG00000232263",1,"KRTAP25-1"
"ENSG00000232382",1,"OR5K1"
"ENSG00000233041",1,"PHGR1"
"ENSG00000234560",1,"OR10G8"
"ENSG00000234745",1,"HLA-B"
"ENSG00000234776",1,"FREY1"
"ENSG00000234829",1,"IFNA17"
"ENSG00000235098",1,"ANKRD65"
"ENSG00000235109",1,"ZSCAN31"
"ENSG00000235118",1,"FAM237A"
"ENSG00000235608",1,"NKX1-1"
"ENSG00000236279",1,"CLEC2L"
"ENSG00000236320",1,"SLFN14"
"ENSG00000236396",1,"SLC35G4"
"ENSG00000236446",1,"CT47B1"
"ENSG00000236543",1,"ENSG00000236543"
"ENSG00000236637",1,"IFNA4"
"ENSG00000236980",1,"C3orf84"
"ENSG00000237110",1,"TAAR9"
"ENSG00000237388",1,"OR4A47"
"ENSG00000237521",1,"OR7E24"
"ENSG00000237850",1,"GOLGA6L24"
"ENSG00000237988",1,"OR2I1P"
"ENSG00000239605",1,"STPG4"
"ENSG00000239642",1,"MEIKIN"
"ENSG00000239697",1,"TNFSF12"
"ENSG00000239886",1,"KRTAP9-2"
"ENSG00000239900",1,"ADSL"
"ENSG00000240021",1,"TEX35"
"ENSG00000240386",1,"LCE1F"
"ENSG00000240403",1,"KIR3DL2"
"ENSG00000240505",1,"TNFRSF13B"
"ENSG00000240747",1,"KRBOX1"
"ENSG00000241128",1,"OR14A2"
"ENSG00000241241",1,"KRTAP4-16"
"ENSG00000241595",1,"KRTAP9-4"
"ENSG00000242019",1,"KIR3DL3"
"ENSG00000242028",1,"HYPK"
"ENSG00000242220",1,"TCP10L"
"ENSG00000242221",1,"PSG2"
"ENSG00000242366",1,"UGT1A8"
"ENSG00000242515",1,"UGT1A10"
"ENSG00000243137",1,"PSG4"
"ENSG00000243156",1,"MICAL3"
"ENSG00000243729",1,"OR5V1"
"ENSG00000244362",1,"KRTAP19-7"
"ENSG00000244414",1,"CFHR1"
"ENSG00000244474",1,"UGT1A4"
"ENSG00000244734",1,"HBB"
"ENSG00000245680",1,"ZNF585B"
"ENSG00000248385",1,"TARM1"
"ENSG00000248592",1,"STIMATE-MUSTN1"
"ENSG00000248767",1,"FOXL3"
"ENSG00000249467",1,"H2AL1Q"
"ENSG00000249471",1,"ZNF324B"
"ENSG00000249481",1,"SPATS1"
"ENSG00000249961",1,"TERB1"
"ENSG00000250423",1,"KIAA1210"
"ENSG00000250571",1,"GLI4"
"ENSG00000250799",1,"PRODH2"
"ENSG00000251545",1,"ENSG00000251545"
"ENSG00000251655",1,"PRB1"
"ENSG00000253148",1,"RGS21"
"ENSG00000253304",1,"TMEM200B"
"ENSG00000253649",1,"PRSS51"
"ENSG00000254245",1,"PCDHGA3"
"ENSG00000254521",1,"SIGLEC12"
"ENSG00000254737",1,"OR10G4"
"ENSG00000254834",1,"OR5M10"
"ENSG00000255012",1,"OR5M1"
"ENSG00000255223",1,"OR5M11"
"ENSG00000255274",1,"SMIM35"
"ENSG00000255393",1,"OOSP4B"
"ENSG00000255529",1,"POLR2M"
"ENSG00000255713",1,"OR4D2"
"ENSG00000256043",1,"CTSO"
"ENSG00000256660",1,"CLEC12B"
"ENSG00000257046",1,"SLCO1B3-SLCO1B7"
"ENSG00000257115",1,"OR11H12"
"ENSG00000257138",1,"TAS2R38"
"ENSG00000257591",1,"ZNF625"
"ENSG00000258083",1,"OR9A4"
"ENSG00000258223",1,"PRSS58"
"ENSG00000258289",1,"CHURC1"
"ENSG00000258436",1,"RNASE12"
"ENSG00000258817",1,"OR4C13"
"ENSG00000259916",1,"AQP7B"
"ENSG00000260861",1,"ENSG00000260861"
"ENSG00000261587",1,"TMEM249"
"ENSG00000262209",1,"PCDHGB3"
"ENSG00000262406",1,"MMP12"
"ENSG00000263961",1,"RHEX"
"ENSG00000264343",1,"NOTCH2NLA"
"ENSG00000265190",1,"ANXA8"
"ENSG00000266826",1,"IGBP1C"
"ENSG00000267206",1,"LCN6"
"ENSG00000267795",1,"SMIM22"
"ENSG00000268629",1,"TEX13A"
"ENSG00000268940",1,"CT45A1"
"ENSG00000269067",1,"ZNF728"
"ENSG00000269226",1,"TMSB15C"
"ENSG00000269858",1,"EGLN2"
"ENSG00000270011",1,"ZNF559-ZNF177"
"ENSG00000270379",1,"HEATR9"
"ENSG00000272031",1,"ANKRD34A"
"ENSG00000272333",1,"KMT2B"
"ENSG00000273777",1,"CEACAM20"
"ENSG00000273976",1,"GOLGA6L1"
"ENSG00000274211",1,"SOCS7"
"ENSG00000274226",1,"TBC1D3H"
"ENSG00000274749",1,"KRTAP7-1"
"ENSG00000275111",1,"ZNF2"
"ENSG00000275126",1,"H4C13"
"ENSG00000275152",1,"CCL16"
"ENSG00000275410",1,"HNF1B"
"ENSG00000275663",1,"H4C7"
"ENSG00000275700",1,"AATF"
"ENSG00000276043",1,"UHRF1"
"ENSG00000276234",1,"TADA2A"
"ENSG00000276240",1,"OR4E1"
"ENSG00000276409",1,"CCL14"
"ENSG00000276430",1,"FAM25C"
"ENSG00000276547",1,"PCDHGB5"
"ENSG00000277150",1,"F8A3"
"ENSG00000277258",1,"PCGF2"
"ENSG00000277535",1,"CT47C1"
"ENSG00000277932",1,"OR52E5"
"ENSG00000278057",1,"TEX28"
"ENSG00000278139",1,"P3R3URF-PIK3R3"
"ENSG00000278195",1,"SSTR3"
"ENSG00000278318",1,"ZNF229"
"ENSG00000278870",1,"OR51G1"
"ENSG00000278889",1,"OR2S2"
"ENSG00000279000",1,"OR10A6"
"ENSG00000279051",1,"OR6Q1"
"ENSG00000279116",1,"OR8D2"
"ENSG00000279270",1,"OR52R1"
"ENSG00000279301",1,"OR2T11"
"ENSG00000279514",1,"OR4C16"
"ENSG00000279761",1,"OR5D13"
"ENSG00000280090",1,"OR8B4"
"ENSG00000280236",1,"OR12D2"
"ENSG00000280987",1,"MATR3"
"ENSG00000282881",1,"TMEM275"
"ENSG00000282933",1,"RHOXF1P3"
"ENSG00000283227",1,"SPRR5"
"ENSG00000283428",1,"CCDC195"
"ENSG00000283434",1,"CSNKA2IP"
"ENSG00000283516",1,"LITAFD"
"ENSG00000283980",1,"GNG14"
"ENSG00000284194",1,"SCO2"
"ENSG00000284308",1,"C2orf81"
"ENSG00000284373",1,"TAF11L2"
"ENSG00000284629",1,"SCYGR1"
"ENSG00000284643",1,"SCYGR2"
"ENSG00000284691",1,"ENSG00000284691"
"ENSG00000284862",1,"CCDC39"
"ENSG00000285723",1,"MKKS"
"ENSG00000285946",1,"LCE7A"
"ENSG00000286015",1,"ENSG00000286015"
"ENSG00000286135",1,"SPADH"
"ENSG00000287585",1,"ENSG00000287585"
"ENSG00000288558",1,"DUS4L-BCAP29"
"ENSG00000288623",1,"ENSG00000288623"
"ENSG00000288702",1,"UGT1A3"
"ENSG00000288705",1,"UGT1A5"
"ENSG00000288716",1,"ENSG00000288716"
"ENSG00000288914",1,"ENSG00000288914"
"ENSG00000289360",1,"ENSG00000289360"
"ENSG00000289710",1,"ENSG00000289710"
"ENSG00000289715",1,"ENSG00000289715"
"ENSG00000289733",1,"ENSG00000289733"
"ENSG00000290203",1,"NOX5"
"ENSG00000291315",1,"ENSG00000291315"
"ENSG00000292334",1,"SLC25A6"
"ENSG00000292344",1,"PLCXD1"
