seqnames	start	end	width	strand	isoform_id	gene_id	gene_name
chr1	2503617	2503643	27	+	ENST00000462379	PLCH2	PLCH2
chr1	6450444	6450470	27	+	ENST00000633239	ESPN	ESPN
chr1	6457361	6457372	12	+	ENST00000434576	ESPN	ESPN
chr1	6457361	6457372	12	+	ENST00000461727	ESPN	ESPN
chr1	6457361	6457372	12	+	ENST00000633239	ESPN	ESPN
chr1	6457361	6457372	12	+	ENST00000645284	ESPN	ESPN
chr1	7749771	7749791	21	+	ENST00000700446	CAMTA1	CAMTA1
chr1	7749771	7749791	21	+	ENST00000710284	CAMTA1	CAMTA1
chr1	7749771	7749791	21	+	ENST00000710285	CAMTA1	CAMTA1
chr1	25763638	25763639	2	+	ENST00000611903	MAN1C1	MAN1C1
chr1	25781251	25781260	10	+	ENST00000611903	MAN1C1	MAN1C1
chr1	44213503	44213527	25	+	ENST00000463950	DMAP1	DMAP1
chr1	45342739	45342761	23	+	ENST00000477731	TOE1	TOE1
chr1	66633070	66633094	25	+	ENST00000371037	SGIP1	SGIP1
chr1	66633070	66633094	25	+	ENST00000468286	SGIP1	SGIP1
chr1	66633070	66633094	25	+	ENST00000480548	SGIP1	SGIP1
chr1	66633070	66633094	25	+	ENST00000483060	SGIP1	SGIP1
chr1	66633070	66633094	25	+	ENST00000682707	SGIP1	SGIP1
chr1	66633070	66633094	25	+	ENST00000684178	SGIP1	SGIP1
chr1	66660513	66660524	12	+	ENST00000371037	SGIP1	SGIP1
chr1	66667530	66667541	12	+	ENST00000371037	SGIP1	SGIP1
chr1	66670995	66671019	25	+	ENST00000371037	SGIP1	SGIP1
chr1	66670995	66671019	25	+	ENST00000468286	SGIP1	SGIP1
chr1	66670995	66671019	25	+	ENST00000682707	SGIP1	SGIP1
chr1	66670995	66671019	25	+	ENST00000684178	SGIP1	SGIP1
chr1	84173329	84173352	24	+	ENST00000370680	PRKACB	PRKACB
chr1	84173329	84173352	24	+	ENST00000450730	PRKACB	PRKACB
chr1	84173329	84173352	24	+	ENST00000614872	PRKACB	PRKACB
chr1	84175033	84175056	24	+	ENST00000370680	PRKACB	PRKACB
chr1	84175033	84175056	24	+	ENST00000450730	PRKACB	PRKACB
chr1	84175033	84175056	24	+	ENST00000614872	PRKACB	PRKACB
chr1	84175799	84175807	9	+	ENST00000370680	PRKACB	PRKACB
chr1	84175799	84175807	9	+	ENST00000614872	PRKACB	PRKACB
chr1	93448282	93448305	24	+	ENST00000370253	FNBP1L	FNBP1L
chr1	93541042	93541056	15	+	ENST00000271234	FNBP1L	FNBP1L
chr1	150260151	150260171	21	+	ENST00000369111	CA14	CA14
chr1	150260151	150260171	21	+	ENST00000647854	CA14	CA14
chr1	150263659	150263679	21	+	ENST00000369111	CA14	CA14
chr1	150263659	150263679	21	+	ENST00000607652	CA14	CA14
chr1	150263659	150263679	21	+	ENST00000647854	CA14	CA14
chr1	154331954	154331979	26	+	ENST00000514107	ATP8B2	ATP8B2
chr1	154340537	154340543	7	+	ENST00000426445	ATP8B2	ATP8B2
chr1	156233628	156233652	25	+	ENST00000466489	PMF1	PMF1
chr1	169106683	169106707	25	+	ENST00000689522	ATP1B1	ATP1B1
chr1	181750476	181750487	12	+	ENST00000367570	CACNA1E	CACNA1E
chr1	181750476	181750487	12	+	ENST00000367573	CACNA1E	CACNA1E
chr1	181750476	181750487	12	+	ENST00000700188	CACNA1E	CACNA1E
chr1	201790554	201790577	24	+	ENST00000367295	NAV1	NAV1
chr1	201790554	201790577	24	+	ENST00000367296	NAV1	NAV1
chr1	201790554	201790577	24	+	ENST00000685211	NAV1	NAV1
chr1	201804489	201804497	9	+	ENST00000367296	NAV1	NAV1
chr1	201804489	201804497	9	+	ENST00000685211	NAV1	NAV1
chr1	205061404	205061420	17	+	ENST00000638980	CNTN2	CNTN2
chr1	206421250	206421274	25	+	ENST00000573034	SRGAP2	SRGAP2
chr1	206421250	206421274	25	+	ENST00000605476	SRGAP2	SRGAP2
chr1	222648829	222648850	22	+	ENST00000340535	MIA3	MIA3
chr1	222648829	222648850	22	+	ENST00000344922	MIA3	MIA3
chr1	6474575	6474587	13	-	ENST00000675093	PLEKHG5	PLEKHG5
chr1	11080499	11080514	16	-	ENST00000474216	EXOSC10	EXOSC10
chr1	20851258	20851268	11	-	ENST00000435383	EIF4G3	EIF4G3
chr1	20982388	20982408	21	-	ENST00000602326	EIF4G3	EIF4G3
chr1	20982388	20982408	21	-	ENST00000681767	EIF4G3	EIF4G3
chr1	20982388	20982408	21	-	ENST00000684485	EIF4G3	EIF4G3
chr1	20982388	20982408	21	-	ENST00000686579	EIF4G3	EIF4G3
chr1	39553118	39553144	27	-	ENST00000331856	PPIEL	PPIEL
chr1	39553118	39553144	27	-	ENST00000702110	PPIEL	PPIEL
chr1	41160875	41160898	24	-	ENST00000326197	SCMH1	SCMH1
chr1	41160875	41160898	24	-	ENST00000372595	SCMH1	SCMH1
chr1	41160875	41160898	24	-	ENST00000372596	SCMH1	SCMH1
chr1	41160875	41160898	24	-	ENST00000695335	SCMH1	SCMH1
chr1	41160875	41160898	24	-	ENST00000695336	SCMH1	SCMH1
chr1	53889713	53889733	21	-	ENST00000464950	YIPF1	YIPF1
chr1	93339357	93339374	18	-	ENST00000450843	CCDC18-AS1	CCDC18-AS1
chr1	102979597	102979612	16	-	ENST00000635193	COL11A1	COL11A1
chr1	173669817	173669832	16	-	ENST00000367712	ANKRD45	ANKRD45
chr1	176043186	176043203	18	-	ENST00000461830	COP1	COP1
chr1	176043810	176043818	9	-	ENST00000461830	COP1	COP1
chr1	225871092	225871113	22	-	ENST00000436966	TMEM63A	TMEM63A
chr1	236230224	236230250	27	-	ENST00000354619	ERO1B	ERO1B
chr1	236232828	236232839	12	-	ENST00000354619	ERO1B	ERO1B
chr2	3478846	3478871	26	+	ENST00000433382	TRAPPC12	TRAPPC12
chr2	27435723	27435746	24	+	ENST00000379863	NRBP1	NRBP1
chr2	32524888	32524908	21	+	ENST00000648282	BIRC6	BIRC6
chr2	39587016	39587034	19	+	ENST00000426083	MAP4K3-DT	MAP4K3-DT
chr2	62705712	62705736	25	+	ENST00000472809	EHBP1	EHBP1
chr2	62705712	62705736	25	+	ENST00000494958	EHBP1	EHBP1
chr2	66571246	66571251	6	+	ENST00000542964	MEIS1	MEIS1
chr2	85302484	85302494	11	+	ENST00000442813	TCF7L1	TCF7L1
chr2	128156392	128156415	24	+	ENST00000259253	UGGT1	UGGT1
chr2	128156392	128156415	24	+	ENST00000376723	UGGT1	UGGT1
chr2	152622537	152622557	21	+	ENST00000475377	FMNL2	FMNL2
chr2	178628761	178628771	11	+	ENST00000630096	TTN-AS1	TTN-AS1
chr2	182061463	182061479	17	+	ENST00000461410	PPP1R1C	PPP1R1C
chr2	196695046	196695070	25	+	ENST00000497159	CCDC150	CCDC150
chr2	203382189	203382206	18	+	ENST00000261016	ABI2	ABI2
chr2	203382189	203382206	18	+	ENST00000261018	ABI2	ABI2
chr2	203382189	203382206	18	+	ENST00000295851	ABI2	ABI2
chr2	237714259	237714276	18	+	ENST00000308482	LRRFIP1	LRRFIP1
chr2	238347455	238347475	21	+	ENST00000373327	TRAF3IP1	TRAF3IP1
chr2	238347455	238347475	21	+	ENST00000391993	TRAF3IP1	TRAF3IP1
chr2	241324216	241324241	26	+	ENST00000360051	SEPTIN2	SEPTIN2
chr2	241324216	241324241	26	+	ENST00000391971	SEPTIN2	SEPTIN2
chr2	241324216	241324241	26	+	ENST00000401990	SEPTIN2	SEPTIN2
chr2	241324216	241324241	26	+	ENST00000402092	SEPTIN2	SEPTIN2
chr2	241324216	241324241	26	+	ENST00000425899	SEPTIN2	SEPTIN2
chr2	241324216	241324241	26	+	ENST00000429791	SEPTIN2	SEPTIN2
chr2	241324216	241324241	26	+	ENST00000441533	SEPTIN2	SEPTIN2
chr2	241324216	241324241	26	+	ENST00000461048	SEPTIN2	SEPTIN2
chr2	241324216	241324241	26	+	ENST00000475474	SEPTIN2	SEPTIN2
chr2	241324216	241324241	26	+	ENST00000482304	SEPTIN2	SEPTIN2
chr2	241324216	241324241	26	+	ENST00000616972	SEPTIN2	SEPTIN2
chr2	25275500	25275520	21	-	ENST00000682842	DNMT3A	DNMT3A
chr2	70086978	70087004	27	-	ENST00000628308	PCBP1-AS1	PCBP1-AS1
chr2	73020239	73020264	26	-	ENST00000272433	SFXN5	SFXN5
chr2	73020239	73020264	26	-	ENST00000416579	SFXN5	SFXN5
chr2	73020239	73020264	26	-	ENST00000450185	SFXN5	SFXN5
chr2	73023188	73023214	27	-	ENST00000272433	SFXN5	SFXN5
chr2	73023188	73023214	27	-	ENST00000416579	SFXN5	SFXN5
chr2	73023188	73023214	27	-	ENST00000450185	SFXN5	SFXN5
chr2	73023188	73023214	27	-	ENST00000479293	SFXN5	SFXN5
chr2	127053422	127053445	24	-	ENST00000316724	BIN1	BIN1
chr2	127053422	127053445	24	-	ENST00000357970	BIN1	BIN1
chr2	183024978	183024995	18	-	ENST00000360982	NCKAP1	NCKAP1
chr2	183024978	183024995	18	-	ENST00000703824	NCKAP1	NCKAP1
chr2	227325168	227325186	19	-	ENST00000396588	MFF-DT	MFF-DT
chr2	227325168	227325188	21	-	ENST00000433324	MFF-DT	MFF-DT
chr3	85726522	85726548	27	+	ENST00000383699	CADM2	CADM2
chr3	128726352	128726359	8	+	ENST00000491681	RAB7A	RAB7A
chr3	141903728	141903748	21	+	ENST00000482635	ATP1B3	ATP1B3
chr3	141916555	141916574	20	+	ENST00000465172	ATP1B3	ATP1B3
chr3	141916555	141916574	20	+	ENST00000487199	ATP1B3	ATP1B3
chr3	160401915	160401923	9	+	ENST00000469858	SMC4	SMC4
chr3	184180645	184180650	6	+	ENST00000427072	AP2M1	AP2M1
chr3	184180645	184180650	6	+	ENST00000442686	AP2M1	AP2M1
chr3	184180645	184180650	6	+	ENST00000484469	AP2M1	AP2M1
chr3	184180645	184180650	6	+	ENST00000686364	AP2M1	AP2M1
chr3	184316713	184316733	21	+	ENST00000382330	EIF4G1	EIF4G1
chr3	184324201	184324226	26	+	ENST00000450424	EIF4G1	EIF4G1
chr3	188484592	188484597	6	+	ENST00000426274	LPP	LPP
chr3	188609161	188609184	24	+	ENST00000416784	LPP	LPP
chr3	48440096	48440119	24	-	ENST00000412398	CCDC51	CCDC51
chr3	49092284	49092293	10	-	ENST00000430979	QRICH1	QRICH1
chr3	51961010	51961033	24	-	ENST00000355852	PCBP4	PCBP4
chr3	51961010	51961033	24	-	ENST00000461554	PCBP4	PCBP4
chr3	51961010	51961033	24	-	ENST00000471308	PCBP4	PCBP4
chr3	51961010	51961033	24	-	ENST00000471622	PCBP4	PCBP4
chr3	51961010	51961033	24	-	ENST00000484633	PCBP4	PCBP4
chr3	51961010	51961033	24	-	ENST00000492809	PCBP4	PCBP4
chr3	51961010	51961033	24	-	ENST00000498822	PCBP4	PCBP4
chr3	56751118	56751132	15	-	ENST00000468727	ARHGEF3	ARHGEF3
chr3	62493645	62493665	21	-	ENST00000383710	CADPS	CADPS
chr3	62512751	62512768	18	-	ENST00000383710	CADPS	CADPS
chr3	69064068	69064091	24	-	ENST00000461522	UBA3	UBA3
chr3	69080334	69080354	21	-	ENST00000464605	UBA3	UBA3
chr3	69249226	69249248	23	-	ENST00000398540	FRMD4B	FRMD4B
chr3	69249226	69249248	23	-	ENST00000470070	FRMD4B	FRMD4B
chr3	69249226	69249248	23	-	ENST00000483668	FRMD4B	FRMD4B
chr3	69249226	69249248	23	-	ENST00000493880	FRMD4B	FRMD4B
chr3	71583571	71583586	16	-	ENST00000649133	FOXP1	FOXP1
chr3	114713976	114713997	22	-	ENST00000463497	ZBTB20	ZBTB20
chr3	114974392	114974416	25	-	ENST00000470186	ZBTB20	ZBTB20
chr3	177163978	177164001	24	-	ENST00000704385	TBL1XR1	TBL1XR1
chr3	177196340	177196353	14	-	ENST00000491623	TBL1XR1	TBL1XR1
chr3	194437556	194437573	18	-	ENST00000439040	ATP13A3	ATP13A3
chr3	194437556	194437573	18	-	ENST00000645319	ATP13A3	ATP13A3
chr3	194437556	194437573	18	-	ENST00000645621	ATP13A3	ATP13A3
chr3	194437556	194437573	18	-	ENST00000690810	ATP13A3	ATP13A3
chr4	15561588	15561602	15	+	ENST00000389652	CC2D2A	CC2D2A
chr4	15576604	15576624	21	+	ENST00000389652	CC2D2A	CC2D2A
chr4	15599529	15599539	11	+	ENST00000513035	CC2D2A	CC2D2A
chr4	30989538	30989564	27	+	ENST00000695922	PCDH7	PCDH7
chr4	48831223	48831249	27	+	ENST00000507546	OCIAD1	OCIAD1
chr4	53440582	53440608	27	+	ENST00000514543	FIP1L1	FIP1L1
chr4	53440582	53440608	27	+	ENST00000703496	FIP1L1	FIP1L1
chr4	53440582	53440608	27	+	ENST00000703501	FIP1L1	FIP1L1
chr4	53440582	53440608	27	+	ENST00000703503	FIP1L1	FIP1L1
chr4	94579521	94579537	17	+	ENST00000318007	PDLIM5	PDLIM5
chr4	94582717	94582731	15	+	ENST00000318007	PDLIM5	PDLIM5
chr4	94584986	94585003	18	+	ENST00000318007	PDLIM5	PDLIM5
chr4	94584986	94585003	18	+	ENST00000380180	PDLIM5	PDLIM5
chr4	108620576	108620600	25	+	ENST00000394667	RPL34	RPL34
chr4	119547707	119547728	22	+	ENST00000692409	ENSG00000291203	ENSG00000291203
chr4	122152565	122152584	20	+	ENST00000687476	BLTP1	BLTP1
chr4	159243774	159243791	18	+	ENST00000504604	RAPGEF2	RAPGEF2
chr4	159243774	159243791	18	+	ENST00000691494	RAPGEF2	RAPGEF2
chr4	159322347	159322363	17	+	ENST00000504604	RAPGEF2	RAPGEF2
chr4	159323459	159323470	12	+	ENST00000514565	RAPGEF2	RAPGEF2
chr4	159344036	159344059	24	+	ENST00000264431	RAPGEF2	RAPGEF2
chr4	159344036	159344059	24	+	ENST00000505026	RAPGEF2	RAPGEF2
chr4	159344036	159344059	24	+	ENST00000644474	RAPGEF2	RAPGEF2
chr4	159344036	159344059	24	+	ENST00000691494	RAPGEF2	RAPGEF2
chr4	7983547	7983554	8	-	ENST00000361737	ABLIM2	ABLIM2
chr4	7983547	7983554	8	-	ENST00000512594	ABLIM2	ABLIM2
chr4	7983547	7983554	8	-	ENST00000514025	ABLIM2	ABLIM2
chr4	7983547	7983554	8	-	ENST00000710854	ABLIM2	ABLIM2
chr4	42485496	42485513	18	-	ENST00000506602	ATP8A1	ATP8A1
chr4	46305568	46305577	10	-	ENST00000514236	GABRA2	GABRA2
chr4	82374119	82374144	26	-	ENST00000507010	HNRNPD	HNRNPD
chr4	185413726	185413742	17	-	ENST00000509180	UFSP2	UFSP2
chr4	185678796	185678822	27	-	ENST00000355634	SORBS2	SORBS2
chr4	185678796	185678822	27	-	ENST00000445343	SORBS2	SORBS2
chr4	185678796	185678822	27	-	ENST00000449407	SORBS2	SORBS2
chr4	185678796	185678822	27	-	ENST00000450341	SORBS2	SORBS2
chr4	185678796	185678822	27	-	ENST00000452351	SORBS2	SORBS2
chr4	185678796	185678822	27	-	ENST00000470685	SORBS2	SORBS2
chr4	185678796	185678822	27	-	ENST00000695409	SORBS2	SORBS2
chr4	185678796	185678822	27	-	ENST00000698538	SORBS2	SORBS2
chr4	185678796	185678822	27	-	ENST00000698540	SORBS2	SORBS2
chr5	57231303	57231321	19	+	ENST00000513732	GPBP1	GPBP1
chr5	168506021	168506030	10	+	ENST00000518757	RARS1	RARS1
chr5	181233413	181233435	23	+	ENST00000315073	TRIM41	TRIM41
chr5	181233413	181233435	23	+	ENST00000351937	TRIM41	TRIM41
chr5	181233413	181233435	23	+	ENST00000515499	TRIM41	TRIM41
chr5	16780728	16780741	14	-	ENST00000513610	MYO10	MYO10
chr5	16780728	16780741	14	-	ENST00000513882	MYO10	MYO10
chr5	71061751	71061765	15	-	ENST00000521602	GTF2H2	GTF2H2
chr5	123423509	123423531	23	-	ENST00000503049	CEP120	CEP120
chr5	131450023	131450046	24	-	ENST00000507093	RAPGEF6	RAPGEF6
chr5	131450023	131450046	24	-	ENST00000512052	RAPGEF6	RAPGEF6
chr5	131469801	131469815	15	-	ENST00000504919	RAPGEF6	RAPGEF6
chr5	131469801	131469815	15	-	ENST00000507093	RAPGEF6	RAPGEF6
chr5	131511293	131511301	9	-	ENST00000514179	RAPGEF6	RAPGEF6
chr5	137943195	137943216	22	-	ENST00000513640	FAM13B	FAM13B
chr5	140561844	140561849	6	-	ENST00000357560	APBB3	APBB3
chr5	151110627	151110644	18	-	ENST00000354546	ANXA6	ANXA6
chr5	151110627	151110644	18	-	ENST00000523714	ANXA6	ANXA6
chr5	151137309	151137321	13	-	ENST00000523164	ANXA6	ANXA6
chr5	154038857	154038880	24	-	ENST00000522634	FAM114A2	FAM114A2
chr5	157791703	157791724	22	-	ENST00000522381	CLINT1	CLINT1
chr6	35819437	35819463	27	+	ENST00000360215	LHFPL5	LHFPL5
chr6	35819437	35819463	27	+	ENST00000651676	LHFPL5	LHFPL5
chr6	35819437	35819463	27	+	ENST00000652718	LHFPL5	LHFPL5
chr6	75633704	75633726	23	+	ENST00000424947	SENP6	SENP6
chr6	75640684	75640704	21	+	ENST00000424947	SENP6	SENP6
chr6	75640684	75640704	21	+	ENST00000447266	SENP6	SENP6
chr6	143334078	143334095	18	+	ENST00000275235	AIG1	AIG1
chr6	147314326	147314331	6	+	ENST00000706857	STXBP5	STXBP5
chr6	150823654	150823676	23	+	ENST00000358517	PLEKHG1	PLEKHG1
chr6	150823654	150823676	23	+	ENST00000696526	PLEKHG1	PLEKHG1
chr6	167880360	167880372	13	+	ENST00000400825	AFDN	AFDN
chr6	167913403	167913423	21	+	ENST00000515794	AFDN	AFDN
chr6	167913403	167913423	21	+	ENST00000683244	AFDN	AFDN
chr6	15593059	15593081	23	-	ENST00000338950	DTNBP1	DTNBP1
chr6	15593059	15593081	23	-	ENST00000344537	DTNBP1	DTNBP1
chr6	15593059	15593081	23	-	ENST00000355917	DTNBP1	DTNBP1
chr6	15593059	15593081	23	-	ENST00000510395	DTNBP1	DTNBP1
chr6	15593059	15593081	23	-	ENST00000513680	DTNBP1	DTNBP1
chr6	29613461	29613485	25	-	ENST00000494634	GABBR1	GABBR1
chr6	29621804	29621817	14	-	ENST00000477029	GABBR1	GABBR1
chr6	29621814	29621817	4	-	ENST00000485508	GABBR1	GABBR1
chr6	29629087	29629107	21	-	ENST00000377016	GABBR1	GABBR1
chr6	29629087	29629107	21	-	ENST00000377034	GABBR1	GABBR1
chr6	29629087	29629107	21	-	ENST00000462632	GABBR1	GABBR1
chr6	29629087	29629107	21	-	ENST00000476670	GABBR1	GABBR1
chr6	29629087	29629107	21	-	ENST00000706533	GABBR1	GABBR1
chr6	35479305	35479316	12	-	ENST00000338863	TEAD3	TEAD3
chr6	35479305	35479316	12	-	ENST00000402886	TEAD3	TEAD3
chr6	35479305	35479316	12	-	ENST00000639578	TEAD3	TEAD3
chr6	35870934	35870959	26	-	ENST00000346162	SRPK1	SRPK1
chr6	35870934	35870959	26	-	ENST00000373825	SRPK1	SRPK1
chr6	35870934	35870959	26	-	ENST00000423325	SRPK1	SRPK1
chr6	83601585	83601599	15	-	ENST00000195649	SNAP91	SNAP91
chr6	83601585	83601599	15	-	ENST00000369694	SNAP91	SNAP91
chr6	83601585	83601599	15	-	ENST00000439399	SNAP91	SNAP91
chr6	83601585	83601599	15	-	ENST00000518312	SNAP91	SNAP91
chr6	83601585	83601599	15	-	ENST00000520302	SNAP91	SNAP91
chr6	83601585	83601599	15	-	ENST00000521485	SNAP91	SNAP91
chr6	83601585	83601599	15	-	ENST00000521743	SNAP91	SNAP91
chr6	83614857	83614862	6	-	ENST00000195649	SNAP91	SNAP91
chr6	83614857	83614862	6	-	ENST00000369694	SNAP91	SNAP91
chr6	83614857	83614862	6	-	ENST00000439399	SNAP91	SNAP91
chr6	83614857	83614862	6	-	ENST00000521485	SNAP91	SNAP91
chr6	83614857	83614862	6	-	ENST00000521743	SNAP91	SNAP91
chr6	83659088	83659092	5	-	ENST00000519779	SNAP91	SNAP91
chr6	109644670	109644688	19	-	ENST00000532976	AK9	AK9
chr6	113953400	113953418	19	-	ENST00000518756	HDAC2	HDAC2
chr6	113970857	113970878	22	-	ENST00000425835	HDAC2	HDAC2
chr6	117577448	117577471	24	-	ENST00000368498	GOPC	GOPC
chr6	117577448	117577471	24	-	ENST00000535237	GOPC	GOPC
chr6	131615324	131615341	18	-	ENST00000354577	MED23	MED23
chr6	131615324	131615341	18	-	ENST00000368053	MED23	MED23
chr6	152385674	152385676	3	-	ENST00000454018	SYNE1	SYNE1
chr6	152511571	152511591	21	-	ENST00000367248	SYNE1	SYNE1
chr6	152511571	152511591	21	-	ENST00000610489	SYNE1	SYNE1
chr6	166369466	166369469	4	-	ENST00000621630	MPC1	MPC1
chr6	166370218	166370221	4	-	ENST00000360961	MPC1	MPC1
chr6	166370218	166370221	4	-	ENST00000475708	MPC1	MPC1
chr6	166370218	166370221	4	-	ENST00000487218	MPC1	MPC1
chr7	843206	843232	27	+	ENST00000340926	SUN1	SUN1
chr7	843206	843232	27	+	ENST00000389574	SUN1	SUN1
chr7	843206	843232	27	+	ENST00000413171	SUN1	SUN1
chr7	843206	843232	27	+	ENST00000457378	SUN1	SUN1
chr7	2601441	2601464	24	+	ENST00000402050	IQCE	IQCE
chr7	2601441	2601464	24	+	ENST00000423196	IQCE	IQCE
chr7	2601441	2601464	24	+	ENST00000438376	IQCE	IQCE
chr7	2601441	2601464	24	+	ENST00000476665	IQCE	IQCE
chr7	2601441	2601464	24	+	ENST00000486730	IQCE	IQCE
chr7	2601441	2601464	24	+	ENST00000611775	IQCE	IQCE
chr7	2601441	2601464	24	+	ENST00000623361	IQCE	IQCE
chr7	2607124	2607131	8	+	ENST00000486730	IQCE	IQCE
chr7	18496303	18496324	22	+	ENST00000523867	HDAC9	HDAC9
chr7	18590336	18590354	19	+	ENST00000476135	HDAC9	HDAC9
chr7	27827801	27827820	20	+	ENST00000488564	TAX1BP1	TAX1BP1
chr7	29504795	29504821	27	+	ENST00000433720	CHN2	CHN2
chr7	44606627	44606653	27	+	ENST00000222673	OGDH	OGDH
chr7	44606627	44606653	27	+	ENST00000447398	OGDH	OGDH
chr7	74535113	74535138	26	+	ENST00000265755	GTF2IRD1	GTF2IRD1
chr7	74535113	74535138	26	+	ENST00000455841	GTF2IRD1	GTF2IRD1
chr7	74535113	74535138	26	+	ENST00000476977	GTF2IRD1	GTF2IRD1
chr7	102097478	102097501	24	+	ENST00000465461	CUX1	CUX1
chr7	102104437	102104459	23	+	ENST00000485792	CUX1	CUX1
chr7	106026682	106026695	14	+	ENST00000317716	CDHR3	CDHR3
chr7	106026682	106026695	14	+	ENST00000470188	CDHR3	CDHR3
chr7	112472219	112472244	26	+	ENST00000421296	IFRD1	IFRD1
chr7	117219084	117219090	7	+	ENST00000543837	ST7	ST7
chr7	26854137	26854162	26	-	ENST00000345317	SKAP2	SKAP2
chr7	26854137	26854162	26	-	ENST00000432747	SKAP2	SKAP2
chr7	26854137	26854162	26	-	ENST00000481204	SKAP2	SKAP2
chr7	35106044	35106068	25	-	ENST00000458672	ENSG00000291133	ENSG00000291133
chr7	35106044	35106068	25	-	ENST00000691326	ENSG00000291133	ENSG00000291133
chr7	35183501	35183525	25	-	ENST00000687539	ENSG00000291133	ENSG00000291133
chr7	38429842	38429865	24	-	ENST00000325590	AMPH	AMPH
chr7	38429842	38429865	24	-	ENST00000356264	AMPH	AMPH
chr7	38429842	38429865	24	-	ENST00000441628	AMPH	AMPH
chr7	38432189	38432212	24	-	ENST00000325590	AMPH	AMPH
chr7	38432189	38432212	24	-	ENST00000356264	AMPH	AMPH
chr7	38432189	38432212	24	-	ENST00000441628	AMPH	AMPH
chr7	73719602	73719626	25	-	ENST00000470878	STX1A	STX1A
chr7	81983314	81983334	21	-	ENST00000356860	CACNA2D1	CACNA2D1
chr7	105145283	105145308	26	-	ENST00000357311	SRPK2	SRPK2
chr7	105145283	105145308	26	-	ENST00000393651	SRPK2	SRPK2
chr7	105145283	105145308	26	-	ENST00000460391	SRPK2	SRPK2
chr7	105145283	105145308	26	-	ENST00000477925	SRPK2	SRPK2
chr7	105145283	105145308	26	-	ENST00000482862	SRPK2	SRPK2
chr7	106096293	106096302	10	-	ENST00000634737	SYPL1	SYPL1
chr7	106112140	106112142	3	-	ENST00000634737	SYPL1	SYPL1
chr7	124842807	124842832	26	-	ENST00000608200	POT1	POT1
chr7	124851926	124851951	26	-	ENST00000608126	POT1	POT1
chr8	22080618	22080625	8	+	ENST00000265800	DMTN	DMTN
chr8	22080618	22080625	8	+	ENST00000358242	DMTN	DMTN
chr8	22080618	22080625	8	+	ENST00000432128	DMTN	DMTN
chr8	22080618	22080625	8	+	ENST00000443491	DMTN	DMTN
chr8	22080618	22080625	8	+	ENST00000517305	DMTN	DMTN
chr8	22080618	22080625	8	+	ENST00000523266	DMTN	DMTN
chr8	32749561	32749584	24	+	ENST00000518084	NRG1	NRG1
chr8	32749561	32749584	24	+	ENST00000519301	NRG1	NRG1
chr8	32749561	32749584	24	+	ENST00000650819	NRG1	NRG1
chr8	32749561	32749584	24	+	ENST00000651333	NRG1	NRG1
chr8	32749561	32749584	24	+	ENST00000652592	NRG1	NRG1
chr8	93708011	93708016	6	+	ENST00000452913	CIBAR1	CIBAR1
chr8	93708011	93708016	6	+	ENST00000518116	CIBAR1	CIBAR1
chr8	93708011	93708016	6	+	ENST00000518322	CIBAR1	CIBAR1
chr8	93708011	93708016	6	+	ENST00000523577	CIBAR1	CIBAR1
chr8	103716309	103716320	12	+	ENST00000696799	RIMS2	RIMS2
chr8	103716309	103716320	12	+	ENST00000696801	RIMS2	RIMS2
chr8	30066904	30066918	15	-	ENST00000522794	SARAF	SARAF
chr8	80050445	80050471	27	-	ENST00000517462	TPD52	TPD52
chr8	80050445	80050471	27	-	ENST00000518937	TPD52	TPD52
chr8	80050445	80050471	27	-	ENST00000519303	TPD52	TPD52
chr8	143592647	143592660	14	-	ENST00000618139	EEF1D	EEF1D
chr9	125261955	125261959	5	+	ENST00000495588	GAPVD1	GAPVD1
chr9	127810031	127810037	7	+	ENST00000489522	FPGS	FPGS
chr9	8497242	8497268	27	-	ENST00000381196	PTPRD	PTPRD
chr9	8523513	8523524	12	-	ENST00000381196	PTPRD	PTPRD
chr9	8526627	8526644	18	-	ENST00000381196	PTPRD	PTPRD
chr9	8527345	8527353	9	-	ENST00000381196	PTPRD	PTPRD
chr9	70862908	70862910	3	-	ENST00000704565	TRPM3	TRPM3
chr9	129009453	129009467	15	-	ENST00000372554	SH3GLB2	SH3GLB2
chr9	129009453	129009467	15	-	ENST00000479237	SH3GLB2	SH3GLB2
chr9	129010670	129010693	24	-	ENST00000372554	SH3GLB2	SH3GLB2
chr9	129010670	129010693	24	-	ENST00000372559	SH3GLB2	SH3GLB2
chr9	129010670	129010693	24	-	ENST00000372564	SH3GLB2	SH3GLB2
chr9	129013008	129013019	12	-	ENST00000372554	SH3GLB2	SH3GLB2
chr10	21534468	21534494	27	+	ENST00000471315	MLLT10	MLLT10
chr10	71643861	71643866	6	+	ENST00000224721	CDH23	CDH23
chr10	71643861	71643866	6	+	ENST00000299366	CDH23	CDH23
chr10	71643861	71643866	6	+	ENST00000442677	CDH23	CDH23
chr10	71643861	71643866	6	+	ENST00000461841	CDH23	CDH23
chr10	71643861	71643866	6	+	ENST00000466757	CDH23	CDH23
chr10	71734656	71734658	3	+	ENST00000224721	CDH23	CDH23
chr10	71793637	71793640	4	+	ENST00000642965	CDH23	CDH23
chr10	74108971	74108975	5	+	ENST00000472585	VCL	VCL
chr10	91484334	91484345	12	+	ENST00000446394	HECTD2	HECTD2
chr10	112533530	112533550	21	+	ENST00000705995	VTI1A	VTI1A
chr10	120852616	120852635	20	+	ENST00000497136	WDR11	WDR11
chr10	122211686	122211708	23	+	ENST00000508411	TACC2	TACC2
chr10	122238019	122238037	19	+	ENST00000635597	TACC2	TACC2
chr10	122245065	122245073	9	+	ENST00000635597	TACC2	TACC2
chr10	29555090	29555108	19	-	ENST00000483758	SVIL	SVIL
chr10	42632904	42632912	9	-	ENST00000613419	ZNF33B	ZNF33B
chr10	60082150	60082176	27	-	ENST00000280772	ANK3	ANK3
chr10	60082150	60082176	27	-	ENST00000467420	ANK3	ANK3
chr10	60137342	60137353	12	-	ENST00000467420	ANK3	ANK3
chr10	60137342	60137353	12	-	ENST00000622427	ANK3	ANK3
chr10	60263126	60263149	24	-	ENST00000467420	ANK3	ANK3
chr10	68381232	68381256	25	-	ENST00000491118	RUFY2	RUFY2
chr10	99898743	99898760	18	-	ENST00000324109	DNMBP	DNMBP
chr10	99898743	99898760	18	-	ENST00000543621	DNMBP	DNMBP
chr10	99898743	99898760	18	-	ENST00000636706	DNMBP	DNMBP
chr11	20068186	20068209	24	+	ENST00000360655	NAV2	NAV2
chr11	20068186	20068209	24	+	ENST00000396087	NAV2	NAV2
chr11	20068186	20068209	24	+	ENST00000525322	NAV2	NAV2
chr11	20082592	20082600	9	+	ENST00000396087	NAV2	NAV2
chr11	61362397	61362420	24	+	ENST00000543594	TMEM138	TMEM138
chr11	73660753	73660766	14	+	ENST00000546251	PLEKHB1	PLEKHB1
chr11	95795542	95795559	18	+	ENST00000541150	CEP57	CEP57
chr11	120406118	120406141	24	+	ENST00000397843	ARHGEF12	ARHGEF12
chr11	120406118	120406141	24	+	ENST00000529970	ARHGEF12	ARHGEF12
chr11	120406118	120406141	24	+	ENST00000532993	ARHGEF12	ARHGEF12
chr11	120459174	120459194	21	+	ENST00000525222	ARHGEF12	ARHGEF12
chr11	123578410	123578430	21	+	ENST00000456860	GRAMD1B	GRAMD1B
chr11	123584312	123584332	21	+	ENST00000456860	GRAMD1B	GRAMD1B
chr11	123584312	123584332	21	+	ENST00000529432	GRAMD1B	GRAMD1B
chr11	123584312	123584332	21	+	ENST00000529750	GRAMD1B	GRAMD1B
chr11	123584312	123584332	21	+	ENST00000532581	GRAMD1B	GRAMD1B
chr11	123584312	123584332	21	+	ENST00000534764	GRAMD1B	GRAMD1B
chr11	123584312	123584332	21	+	ENST00000632815	GRAMD1B	GRAMD1B
chr11	123584312	123584332	21	+	ENST00000635736	GRAMD1B	GRAMD1B
chr11	123584312	123584332	21	+	ENST00000638086	GRAMD1B	GRAMD1B
chr11	123584312	123584332	21	+	ENST00000638157	GRAMD1B	GRAMD1B
chr11	123618345	123618356	12	+	ENST00000456860	GRAMD1B	GRAMD1B
chr11	123618345	123618356	12	+	ENST00000529432	GRAMD1B	GRAMD1B
chr11	123618345	123618356	12	+	ENST00000529750	GRAMD1B	GRAMD1B
chr11	123618345	123618356	12	+	ENST00000638086	GRAMD1B	GRAMD1B
chr11	123618345	123618356	12	+	ENST00000646146	GRAMD1B	GRAMD1B
chr11	2955744	2955766	23	-	ENST00000380542	NAP1L4	NAP1L4
chr11	2955744	2955766	23	-	ENST00000483643	NAP1L4	NAP1L4
chr11	2955744	2955766	23	-	ENST00000526115	NAP1L4	NAP1L4
chr11	2955744	2955766	23	-	ENST00000528261	NAP1L4	NAP1L4
chr11	2955744	2955766	23	-	ENST00000528363	NAP1L4	NAP1L4
chr11	2955744	2955766	23	-	ENST00000620138	NAP1L4	NAP1L4
chr11	27373975	27374000	26	-	ENST00000489910	LGR4	LGR4
chr11	31637328	31637342	15	-	ENST00000429821	ENSG00000228061	ENSG00000228061
chr11	31801762	31801776	15	-	ENST00000639943	PAX6	PAX6
chr11	118565790	118565810	21	-	ENST00000672656	IFT46	IFT46
chr11	124774804	124774818	15	-	ENST00000634413	MSANTD2	MSANTD2
chr11	125999125	125999131	7	-	ENST00000683416	CDON	CDON
chr11	125999125	125999131	7	-	ENST00000684238	CDON	CDON
chr11	125999125	125999131	7	-	ENST00000684636	CDON	CDON
chr11	126001719	126001729	11	-	ENST00000683416	CDON	CDON
chr12	3077428	3077453	26	+	ENST00000539631	TSPAN9	TSPAN9
chr12	3278992	3279006	15	+	ENST00000444315	TSPAN9	TSPAN9
chr12	53455347	53455370	24	+	ENST00000359462	PCBP2	PCBP2
chr12	53455347	53455370	24	+	ENST00000447282	PCBP2	PCBP2
chr12	53455347	53455370	24	+	ENST00000546463	PCBP2	PCBP2
chr12	53455347	53455370	24	+	ENST00000550192	PCBP2	PCBP2
chr12	53455347	53455370	24	+	ENST00000552980	PCBP2	PCBP2
chr12	53455461	53455477	17	+	ENST00000552980	PCBP2	PCBP2
chr12	54282573	54282596	24	+	ENST00000547276	HNRNPA1	HNRNPA1
chr12	56158382	56158404	23	+	ENST00000548400	MYL6	MYL6
chr12	64787360	64787381	22	+	ENST00000456757	TBC1D30	TBC1D30
chr12	64787360	64787381	22	+	ENST00000674237	TBC1D30	TBC1D30
chr12	79285787	79285794	8	+	ENST00000547046	SYT1	SYT1
chr12	101719490	101719516	27	+	ENST00000552215	CHPT1	CHPT1
chr12	101719490	101719516	27	+	ENST00000552351	CHPT1	CHPT1
chr12	110282604	110282621	18	+	ENST00000308664	ATP2A2	ATP2A2
chr12	110282604	110282621	18	+	ENST00000539276	ATP2A2	ATP2A2
chr12	949602	949626	25	-	ENST00000481052	RAD52	RAD52
chr12	9110314	9110334	21	-	ENST00000318602	A2M	A2M
chr12	9110314	9110334	21	-	ENST00000404455	A2M	A2M
chr12	39309752	39309766	15	-	ENST00000547108	KIF21A	KIF21A
chr12	39315229	39315240	12	-	ENST00000361418	KIF21A	KIF21A
chr12	39315229	39315240	12	-	ENST00000361961	KIF21A	KIF21A
chr12	39330242	39330262	21	-	ENST00000361418	KIF21A	KIF21A
chr12	39330242	39330262	21	-	ENST00000361961	KIF21A	KIF21A
chr12	43798565	43798585	21	-	ENST00000548315	TWF1	TWF1
chr12	47998415	47998431	17	-	ENST00000380518	COL2A1	COL2A1
chr12	54187819	54187840	22	-	ENST00000505597	SMUG1	SMUG1
chr12	54188951	54188972	22	-	ENST00000505128	SMUG1	SMUG1
chr12	54188951	54188974	24	-	ENST00000337581	SMUG1	SMUG1
chr12	54188951	54188974	24	-	ENST00000503306	SMUG1	SMUG1
chr12	54188951	54188976	26	-	ENST00000243112	SMUG1	SMUG1
chr12	56286625	56286645	21	-	ENST00000549143	CS	CS
chr12	57731809	57731829	21	-	ENST00000549129	AGAP2	AGAP2
chr12	70242824	70242844	21	-	ENST00000676451	PRANCR	PRANCR
chr12	81312160	81312168	9	-	ENST00000549325	PPFIA2	PPFIA2
chr12	81374749	81374768	20	-	ENST00000545296	PPFIA2	PPFIA2
chr12	81445556	81445578	23	-	ENST00000548790	PPFIA2	PPFIA2
chr12	98782126	98782137	12	-	ENST00000333732	ANKS1B	ANKS1B
chr12	98782126	98782137	12	-	ENST00000341752	ANKS1B	ANKS1B
chr12	98782126	98782137	12	-	ENST00000683438	ANKS1B	ANKS1B
chr12	109967314	109967319	6	-	ENST00000457474	GIT2	GIT2
chr13	75537664	75537675	12	-	ENST00000355801	COMMD6	COMMD6
chr13	75537664	75537675	12	-	ENST00000377615	COMMD6	COMMD6
chr13	75537664	75537675	12	-	ENST00000497707	COMMD6	COMMD6
chr13	113196197	113196222	26	-	ENST00000462853	PCID2	PCID2
chr14	33560185	33560210	26	+	ENST00000552696	NPAS3	NPAS3
chr14	33585962	33585979	18	+	ENST00000552696	NPAS3	NPAS3
chr14	52713881	52713902	22	+	ENST00000553899	PSMC6	PSMC6
chr14	101906505	101906529	25	+	ENST00000555237	PPP2R5C	PPP2R5C
chr14	21263311	21263336	26	-	ENST00000553300	HNRNPC	HNRNPC
chr14	21263311	21263336	26	-	ENST00000554383	HNRNPC	HNRNPC
chr14	21263311	21263336	26	-	ENST00000554455	HNRNPC	HNRNPC
chr14	21263311	21263336	26	-	ENST00000554969	HNRNPC	HNRNPC
chr14	21263311	21263336	26	-	ENST00000556628	HNRNPC	HNRNPC
chr14	29656476	29656499	24	-	ENST00000468370	PRKD1	PRKD1
chr14	58285732	58285756	25	-	ENST00000555037	PSMA3-AS1	PSMA3-AS1
chr14	65101546	65101572	27	-	ENST00000246163	MAX	MAX
chr14	65101546	65101572	27	-	ENST00000284165	MAX	MAX
chr14	65101546	65101572	27	-	ENST00000341653	MAX	MAX
chr14	65101546	65101572	27	-	ENST00000358664	MAX	MAX
chr14	65101546	65101572	27	-	ENST00000394606	MAX	MAX
chr14	65101546	65101572	27	-	ENST00000556702	MAX	MAX
chr14	65101546	65101572	27	-	ENST00000556979	MAX	MAX
chr15	22561434	22561454	21	+	ENST00000615156	ENSG00000291003	ENSG00000291003
chr15	22573403	22573415	13	+	ENST00000618651	ENSG00000291003	ENSG00000291003
chr15	57166402	57166428	27	+	ENST00000561152	TCF12	TCF12
chr15	59105269	59105292	24	+	ENST00000621385	CCNB2	CCNB2
chr15	81138051	81138067	17	+	ENST00000560091	CFAP161	CFAP161
chr15	89261821	89261847	27	+	ENST00000567891	FANCI	FANCI
chr15	90486030	90486051	22	+	ENST00000560218	IQGAP1	IQGAP1
chr15	50346372	50346395	24	-	ENST00000359031	GABPB1	GABPB1
chr15	70064454	70064470	17	-	ENST00000317509	TLE3	TLE3
chr15	70064454	70064470	17	-	ENST00000557919	TLE3	TLE3
chr15	70064454	70064470	17	-	ENST00000557997	TLE3	TLE3
chr15	70064454	70064470	17	-	ENST00000558939	TLE3	TLE3
chr15	70064454	70064470	17	-	ENST00000560589	TLE3	TLE3
chr15	70064454	70064470	17	-	ENST00000654081	TLE3	TLE3
chr15	73563236	73563257	22	-	ENST00000345330	NPTN	NPTN
chr15	73563236	73563257	22	-	ENST00000351217	NPTN	NPTN
chr16	1740695	1740718	24	+	ENST00000673691	MAPK8IP3	MAPK8IP3
chr16	1758148	1758159	12	+	ENST00000610761	MAPK8IP3	MAPK8IP3
chr16	1758148	1758159	12	+	ENST00000673691	MAPK8IP3	MAPK8IP3
chr16	1758978	1758995	18	+	ENST00000610761	MAPK8IP3	MAPK8IP3
chr16	1758978	1758995	18	+	ENST00000673691	MAPK8IP3	MAPK8IP3
chr16	7579777	7579785	9	+	ENST00000569889	RBFOX1	RBFOX1
chr16	8768825	8768846	22	+	ENST00000564453	ABAT	ABAT
chr16	25111745	25111768	24	+	ENST00000577157	LCMT1	LCMT1
chr16	28826862	28826885	24	+	ENST00000564656	ATXN2L	ATXN2L
chr16	29830878	29830901	24	+	ENST00000566554	MVP	MVP
chr16	89859165	89859189	25	+	ENST00000566337	SPIRE2	SPIRE2
chr16	734845	734871	27	-	ENST00000566614	CIAO3	CIAO3
chr16	66817470	66817487	18	-	ENST00000561579	NAE1	NAE1
chr16	89653904	89653923	20	-	ENST00000397901	CHMP1A	CHMP1A
chr16	89653904	89653923	20	-	ENST00000550872	CHMP1A	CHMP1A
chr16	89653904	89653923	20	-	ENST00000551981	CHMP1A	CHMP1A
chr16	89653904	89653923	20	-	ENST00000675016	CHMP1A	CHMP1A
chr16	89653904	89653923	20	-	ENST00000676118	CHMP1A	CHMP1A
chr16	89653904	89653923	20	-	ENST00000676402	CHMP1A	CHMP1A
chr16	89657582	89657607	26	-	ENST00000676118	CHMP1A	CHMP1A
chr17	7013733	7013742	10	+	ENST00000547302	RNASEK-C17orf49	RNASEK-C17orf49
chr17	7890735	7890741	7	+	ENST00000452447	CHD3	CHD3
chr17	27585657	27585661	5	+	ENST00000398988	KSR1	KSR1
chr17	27585657	27585661	5	+	ENST00000644418	KSR1	KSR1
chr17	27585657	27585661	5	+	ENST00000644974	KSR1	KSR1
chr17	35624582	35624587	6	+	ENST00000588116	AP2B1	AP2B1
chr17	35657599	35657615	17	+	ENST00000588116	AP2B1	AP2B1
chr17	63806535	63806542	8	+	ENST00000577978	DDX42	DDX42
chr17	63806535	63806556	22	+	ENST00000579511	DDX42	DDX42
chr17	75215754	75215775	22	+	ENST00000583569	NUP85	NUP85
chr17	76540549	76540573	25	+	ENST00000587289	PRCD	PRCD
chr17	1072733	1072754	22	-	ENST00000570441	ABR	ABR
chr17	7190798	7190814	17	-	ENST00000648103	DLG4	DLG4
chr17	7203802	7203816	15	-	ENST00000650301	DLG4	DLG4
chr17	16634630	16634647	18	-	ENST00000579983	ZNF624	ZNF624
chr17	44467097	44467114	18	-	ENST00000587228	GPATCH8	GPATCH8
chr17	46223671	46223685	15	-	ENST00000638902	KANSL1	KANSL1
chr17	46225341	46225355	15	-	ENST00000639375	KANSL1	KANSL1
chr17	46225341	46225361	21	-	ENST00000638269	KANSL1	KANSL1
chr17	46225341	46225367	27	-	ENST00000639356	KANSL1	KANSL1
chr17	51225183	51225209	27	-	ENST00000593259	MBTD1	MBTD1
chr17	64477964	64477988	25	-	ENST00000582501	POLG2	POLG2
chr18	13726704	13726729	26	+	ENST00000592764	RNMT	RNMT
chr18	35972885	35972907	23	+	ENST00000592875	C18orf21	C18orf21
chr18	58045666	58045690	25	+	ENST00000585594	NEDD4L	NEDD4L
chr18	23377646	23377671	26	-	ENST00000383233	TMEM241	TMEM241
chr18	23377646	23377671	26	-	ENST00000473688	TMEM241	TMEM241
chr18	23377646	23377671	26	-	ENST00000477053	TMEM241	TMEM241
chr18	23377646	23377671	26	-	ENST00000542162	TMEM241	TMEM241
chr18	23377646	23377671	26	-	ENST00000578520	TMEM241	TMEM241
chr18	23377646	23377671	26	-	ENST00000581444	TMEM241	TMEM241
chr18	49379746	49379758	13	-	ENST00000577481	DYM	DYM
chr19	582306	582330	25	+	ENST00000333511	BSG	BSG
chr19	582306	582330	25	+	ENST00000353555	BSG	BSG
chr19	582306	582330	25	+	ENST00000545507	BSG	BSG
chr19	582306	582330	25	+	ENST00000571735	BSG	BSG
chr19	582306	582330	25	+	ENST00000680065	BSG	BSG
chr19	734173	734194	22	+	ENST00000264560	PALM	PALM
chr19	734173	734194	22	+	ENST00000338448	PALM	PALM
chr19	11003153	11003159	7	+	ENST00000647011	SMARCA4	SMARCA4
chr19	18432200	18432214	15	+	ENST00000593641	SSBP4	SSBP4
chr19	19104913	19104938	26	+	ENST00000318596	SLC25A42	SLC25A42
chr19	19104913	19104938	26	+	ENST00000594070	SLC25A42	SLC25A42
chr19	23134187	23134206	20	+	ENST00000599195	ZNF730	ZNF730
chr19	30009005	30009019	15	+	ENST00000574176	URI1	URI1
chr19	35121222	35121245	24	+	ENST00000435734	FXYD3	FXYD3
chr19	35121222	35121245	24	+	ENST00000603181	FXYD3	FXYD3
chr19	35121222	35121245	24	+	ENST00000604255	FXYD3	FXYD3
chr19	35121222	35121245	24	+	ENST00000604404	FXYD3	FXYD3
chr19	38663542	38663562	21	+	ENST00000697712	ACTN4	ACTN4
chr19	40593166	40593181	16	+	ENST00000204005	LTBP4	LTBP4
chr19	49146166	49146192	27	+	ENST00000334186	PPFIA3	PPFIA3
chr19	49801722	49801733	12	+	ENST00000593788	AP2A1	AP2A1
chr19	50384373	50384390	18	+	ENST00000593887	POLD1	POLD1
chr19	50413503	50413521	19	+	ENST00000593407	POLD1	POLD1
chr19	50417045	50417063	19	+	ENST00000593407	POLD1	POLD1
chr19	53395173	53395193	21	+	ENST00000594030	ZNF765	ZNF765
chr19	53555845	53555852	8	+	ENST00000504033	ZNF331	ZNF331
chr19	19320463	19320470	8	-	ENST00000588580	SUGP1	SUGP1
chr19	50804572	50804594	23	-	ENST00000602125	C19orf48P	C19orf48P
chr19	50804572	50804595	24	-	ENST00000593287	C19orf48P	C19orf48P
chr20	34516444	34516461	18	+	ENST00000300469	DYNLRB1	DYNLRB1
chr20	35554372	35554386	15	+	ENST00000357394	ERGIC3	ERGIC3
chr20	35869530	35869551	22	+	ENST00000485604	PHF20	PHF20
chr20	41029431	41029455	25	+	ENST00000361337	TOP1	TOP1
chr20	41029431	41029455	25	+	ENST00000681058	TOP1	TOP1
chr20	63886016	63886042	27	+	ENST00000217121	TPD52L2	TPD52L2
chr20	63886016	63886042	27	+	ENST00000351424	TPD52L2	TPD52L2
chr20	25486739	25486747	9	-	ENST00000336104	NINL	NINL
chr20	25486739	25486747	9	-	ENST00000706726	NINL	NINL
chr20	63499058	63499083	26	-	ENST00000298049	EEF1A2	EEF1A2
chr20	63499058	63499083	26	-	ENST00000706948	EEF1A2	EEF1A2
chr20	63943653	63943669	17	-	ENST00000354216	UCKL1	UCKL1
chr20	63943653	63943669	17	-	ENST00000369908	UCKL1	UCKL1
chr20	63945697	63945722	26	-	ENST00000492660	UCKL1	UCKL1
chr21	44136151	44136173	23	+	ENST00000449622	GATD3	GATD3
chr21	26051000	26051018	19	-	ENST00000491395	APP	APP
chr21	44337649	44337667	19	-	ENST00000325223	CFAP410	CFAP410
chr21	44337649	44337667	19	-	ENST00000339818	CFAP410	CFAP410
chr21	44337649	44337667	19	-	ENST00000397956	CFAP410	CFAP410
chr21	44337649	44337667	19	-	ENST00000462742	CFAP410	CFAP410
chr21	44337649	44337667	19	-	ENST00000496321	CFAP410	CFAP410
chr22	29274265	29274282	18	+	ENST00000414183	EWSR1	EWSR1
chr22	40251179	40251200	22	+	ENST00000301923	TNRC6B	TNRC6B
chr22	40251179	40251200	22	+	ENST00000335727	TNRC6B	TNRC6B
chr22	40251179	40251200	22	+	ENST00000402203	TNRC6B	TNRC6B
chr22	40251179	40251200	22	+	ENST00000454349	TNRC6B	TNRC6B
chr22	41636236	41636251	16	+	ENST00000402580	XRCC6	XRCC6
chr22	38700904	38700930	27	-	ENST00000456626	JOSD1	JOSD1
chr22	44889760	44889782	23	-	ENST00000313237	PHF21B	PHF21B
chr22	44889760	44889782	23	-	ENST00000396103	PHF21B	PHF21B
chr22	44889760	44889782	23	-	ENST00000403565	PHF21B	PHF21B
chr22	44889760	44889782	23	-	ENST00000629843	PHF21B	PHF21B
chrX	13736656	13736678	23	+	ENST00000683284	OFD1	OFD1
chrX	108150152	108150175	24	+	ENST00000457035	ATG4A	ATG4A
chrX	150712342	150712365	24	+	ENST00000445323	MTMR1	MTMR1
chrX	154389955	154389972	18	+	ENST00000492572	RPL10	RPL10
chrX	154398377	154398394	18	+	ENST00000369817	RPL10	RPL10
chrX	154398378	154398394	17	+	ENST00000458500	RPL10	RPL10
chrX	15828192	15828200	9	-	ENST00000671830	AP1S2	AP1S2
chrX	15828192	15828200	9	-	ENST00000672987	AP1S2	AP1S2
chrX	131286437	131286463	27	-	ENST00000370901	IGSF1	IGSF1
chrX	153863368	153863379	12	-	ENST00000370060	L1CAM	L1CAM
chrX	153873228	153873242	15	-	ENST00000370060	L1CAM	L1CAM
chrX	153873228	153873242	15	-	ENST00000439496	L1CAM	L1CAM
chrX	154357251	154357274	24	-	ENST00000369850	FLNA	FLNA
chrX	154357251	154357274	24	-	ENST00000420627	FLNA	FLNA
chrX	154357251	154357274	24	-	ENST00000676696	FLNA	FLNA
