gene_id	iso_ref	gene_ref	isoform_id	condition_1	condition_2	gene_biotype	iso_biotype	gene_overall_mean	gene_value_1	gene_value_2	gene_stderr_1	gene_stderr_2	gene_log2_fold_change	gene_q_value	iso_overall_mean	iso_value_1	iso_value_2	iso_stderr_1	iso_stderr_2	iso_log2_fold_change	iso_q_value	IF_overall	IF1	IF2	dIF	isoform_switch_q_value	gene_switch_q_value	PTC	ensembl_gene_name.x	ensembl_gene_name.y	ensembl_gene_name	gene_name
ENSG00000015592	isoComp_00001593	geneComp_00000315	ENST00000265770.11	RO_D100	RO_D200	NA	NA	132.30861416216715	164.97323751676612	137.9743215730759	26.161452925153466	1.5707766659548261	-0.25781510194480356	NA	85.70096442864467	117.13192651445485	74.776877364958	20.473433745587588	0.809671599304913	-0.6474004743520538	NA	0.6545142857142857	0.7081	0.5419666666666667	-0.16613333333333324	0.01636695797876252	0.01636695797876252	FALSE	STMN4	STMN4	STMN4	STMN4
ENSG00000015592	isoComp_00001593	geneComp_00000315	ENST00000265770.11	RO_D100	RO_D200	NA	NA	132.30861416216715	164.97323751676612	137.9743215730759	26.161452925153466	1.5707766659548261	-0.25781510194480356	NA	85.70096442864467	117.13192651445485	74.776877364958	20.473433745587588	0.809671599304913	-0.6474004743520538	NA	0.6545142857142857	0.7081	0.5419666666666667	-0.16613333333333324	0.01636695797876252	0.01636695797876252	FALSE	STMN4	STMN4	STMN4	STMN4
ENSG00000015592	isoComp_00001593	geneComp_00000315	ENST00000265770.11	RO_D100	RO_D200	NA	NA	132.30861416216715	164.97323751676612	137.9743215730759	26.161452925153466	1.5707766659548261	-0.25781510194480356	NA	85.70096442864467	117.13192651445485	74.776877364958	20.473433745587588	0.809671599304913	-0.6474004743520538	NA	0.6545142857142857	0.7081	0.5419666666666667	-0.16613333333333324	0.01636695797876252	0.01636695797876252	FALSE	STMN4	STMN4	STMN4	STMN4
ENSG00000065308	isoComp_00004120	geneComp_00000809	transcript49832.chr6.nnic	RO_D100	RO_D200	NA	NA	35.406390633740266	32.73560656830912	35.98717361577132	4.779029000756221	2.6057428322765026	0.13658227986760751	NA	4.492844150839204	1.1622009721461077	7.9702114340302455	0.4383051656985095	0.7643437689974676	2.7672070319311133	NA	0.12434285714285714	0.0343	0.22073333333333334	0.18643333333333334	0.046231950438488593	0.03878724986637328	NA	TRAM2	TRAM2	TRAM2	TRAM2
ENSG00000065308	isoComp_00004120	geneComp_00000809	transcript49832.chr6.nnic	RO_D100	RO_D200	NA	NA	35.406390633740266	32.73560656830912	35.98717361577132	4.779029000756221	2.6057428322765026	0.13658227986760751	NA	4.492844150839204	1.1622009721461077	7.9702114340302455	0.4383051656985095	0.7643437689974676	2.7672070319311133	NA	0.12434285714285714	0.0343	0.22073333333333334	0.18643333333333334	0.046231950438488593	0.03878724986637328	NA	TRAM2	TRAM2	TRAM2	TRAM2
ENSG00000065308	isoComp_00004120	geneComp_00000809	transcript49832.chr6.nnic	RO_D100	RO_D200	NA	NA	35.406390633740266	32.73560656830912	35.98717361577132	4.779029000756221	2.6057428322765026	0.13658227986760751	NA	4.492844150839204	1.1622009721461077	7.9702114340302455	0.4383051656985095	0.7643437689974676	2.7672070319311133	NA	0.12434285714285714	0.0343	0.22073333333333334	0.18643333333333334	0.046231950438488593	0.03878724986637328	NA	TRAM2	TRAM2	TRAM2	TRAM2
ENSG00000065308	isoComp_00004119	geneComp_00000809	ENST00000182527.4	RO_D100	RO_D200	NA	NA	35.406390633740266	32.73560656830912	35.98717361577132	4.779029000756221	2.6057428322765026	0.13658227986760751	NA	30.913546482901058	31.573405596163013	28.01696218174107	4.34072383505771	1.8414213221421072	-0.17235136307938828	NA	0.8756571428571429	0.9657	0.7792666666666667	-0.18643333333333334	0.03878724986637328	0.03878724986637328	FALSE	TRAM2	TRAM2	TRAM2	TRAM2
ENSG00000065308	isoComp_00004119	geneComp_00000809	ENST00000182527.4	RO_D100	RO_D200	NA	NA	35.406390633740266	32.73560656830912	35.98717361577132	4.779029000756221	2.6057428322765026	0.13658227986760751	NA	30.913546482901058	31.573405596163013	28.01696218174107	4.34072383505771	1.8414213221421072	-0.17235136307938828	NA	0.8756571428571429	0.9657	0.7792666666666667	-0.18643333333333334	0.03878724986637328	0.03878724986637328	FALSE	TRAM2	TRAM2	TRAM2	TRAM2
ENSG00000065308	isoComp_00004119	geneComp_00000809	ENST00000182527.4	RO_D100	RO_D200	NA	NA	35.406390633740266	32.73560656830912	35.98717361577132	4.779029000756221	2.6057428322765026	0.13658227986760751	NA	30.913546482901058	31.573405596163013	28.01696218174107	4.34072383505771	1.8414213221421072	-0.17235136307938828	NA	0.8756571428571429	0.9657	0.7792666666666667	-0.18643333333333334	0.03878724986637328	0.03878724986637328	FALSE	TRAM2	TRAM2	TRAM2	TRAM2
ENSG00000067064	isoComp_00004456	geneComp_00000876	transcript1290.chr10.nnic	RO_D100	RO_D200	NA	NA	105.42693974324924	122.07149477896083	93.11747657363128	3.9617076616969906	9.644633264439618	-0.39056573969566544	NA	43.008974441065554	57.073289852771666	24.017215082113978	2.9417118181449347	2.261800599155367	-1.2483990433574819	NA	0.3947	0.46725	0.2584666666666667	-0.20878333333333332	0.042336339885992176	0.042336339885992176	NA	IDI1	IDI1	IDI1	IDI1
ENSG00000067064	isoComp_00004456	geneComp_00000876	transcript1290.chr10.nnic	RO_D100	RO_D200	NA	NA	105.42693974324924	122.07149477896083	93.11747657363128	3.9617076616969906	9.644633264439618	-0.39056573969566544	NA	43.008974441065554	57.073289852771666	24.017215082113978	2.9417118181449347	2.261800599155367	-1.2483990433574819	NA	0.3947	0.46725	0.2584666666666667	-0.20878333333333332	0.042336339885992176	0.042336339885992176	NA	IDI1	IDI1	IDI1	IDI1
ENSG00000067064	isoComp_00004456	geneComp_00000876	transcript1290.chr10.nnic	RO_D100	RO_D200	NA	NA	105.42693974324924	122.07149477896083	93.11747657363128	3.9617076616969906	9.644633264439618	-0.39056573969566544	NA	43.008974441065554	57.073289852771666	24.017215082113978	2.9417118181449347	2.261800599155367	-1.2483990433574819	NA	0.3947	0.46725	0.2584666666666667	-0.20878333333333332	0.042336339885992176	0.042336339885992176	NA	IDI1	IDI1	IDI1	IDI1
ENSG00000075415	isoComp_00005852	geneComp_00001143	ENST00000551123.5	RO_D100	RO_D200	NA	NA	620.0872584614166	691.5776672308948	540.141373718127	58.042258034003964	8.819738140944203	-0.356548372953641	NA	125.82395459664377	121.4298197883877	160.5370084051394	2.766564795283493	7.943909709716465	0.4027542275085514	NA	0.2114	0.1765	0.29686666666666667	0.12036666666666668	0.025328054256022258	0.005221507847407528	TRUE	SLC25A3	SLC25A3	SLC25A3	SLC25A3
ENSG00000075415	isoComp_00005851	geneComp_00001143	ENST00000549338.5	RO_D100	RO_D200	NA	NA	620.0872584614166	691.5776672308948	540.141373718127	58.042258034003964	8.819738140944203	-0.356548372953641	NA	479.53402730972374	555.2075484614621	368.02343553080425	53.95631499447043	2.2072537807423878	-0.5932163272423866	NA	0.7649285714285714	0.8019000000000001	0.6815666666666667	-0.1203333333333334	0.005221507847407528	0.005221507847407528	FALSE	SLC25A3	SLC25A3	SLC25A3	SLC25A3
ENSG00000075415	isoComp_00005851	geneComp_00001143	ENST00000549338.5	RO_D100	RO_D200	NA	NA	620.0872584614166	691.5776672308948	540.141373718127	58.042258034003964	8.819738140944203	-0.356548372953641	NA	479.53402730972374	555.2075484614621	368.02343553080425	53.95631499447043	2.2072537807423878	-0.5932163272423866	NA	0.7649285714285714	0.8019000000000001	0.6815666666666667	-0.1203333333333334	0.005221507847407528	0.005221507847407528	FALSE	SLC25A3	SLC25A3	SLC25A3	SLC25A3
ENSG00000075415	isoComp_00005851	geneComp_00001143	ENST00000549338.5	RO_D100	RO_D200	NA	NA	620.0872584614166	691.5776672308948	540.141373718127	58.042258034003964	8.819738140944203	-0.356548372953641	NA	479.53402730972374	555.2075484614621	368.02343553080425	53.95631499447043	2.2072537807423878	-0.5932163272423866	NA	0.7649285714285714	0.8019000000000001	0.6815666666666667	-0.1203333333333334	0.005221507847407528	0.005221507847407528	FALSE	SLC25A3	SLC25A3	SLC25A3	SLC25A3
ENSG00000075415	isoComp_00005852	geneComp_00001143	ENST00000551123.5	RO_D100	RO_D200	NA	NA	620.0872584614166	691.5776672308948	540.141373718127	58.042258034003964	8.819738140944203	-0.356548372953641	NA	125.82395459664377	121.4298197883877	160.5370084051394	2.766564795283493	7.943909709716465	0.4027542275085514	NA	0.2114	0.1765	0.29686666666666667	0.12036666666666668	0.025328054256022258	0.005221507847407528	TRUE	SLC25A3	SLC25A3	SLC25A3	SLC25A3
ENSG00000075415	isoComp_00005852	geneComp_00001143	ENST00000551123.5	RO_D100	RO_D200	NA	NA	620.0872584614166	691.5776672308948	540.141373718127	58.042258034003964	8.819738140944203	-0.356548372953641	NA	125.82395459664377	121.4298197883877	160.5370084051394	2.766564795283493	7.943909709716465	0.4027542275085514	NA	0.2114	0.1765	0.29686666666666667	0.12036666666666668	0.025328054256022258	0.005221507847407528	TRUE	SLC25A3	SLC25A3	SLC25A3	SLC25A3
ENSG00000101493	isoComp_00011088	geneComp_00002196	ENST00000443185.7	RO_D100	RO_D200	NA	NA	54.3582095943466	60.1799120706407	55.9738022693932	3.8335341623704546	3.80882620160063	-0.10451223494922447	NA	31.95197228673274	41.341896503017	24.44105340885756	4.667875021855617	1.5897572389566852	-0.7580568753630981	NA	0.5917142857142857	0.68485	0.4369	-0.24794999999999995	0.04976579532137935	0.04976579532137935	FALSE	ZNF516	ZNF516	ZNF516	ZNF516
ENSG00000101493	isoComp_00011088	geneComp_00002196	ENST00000443185.7	RO_D100	RO_D200	NA	NA	54.3582095943466	60.1799120706407	55.9738022693932	3.8335341623704546	3.80882620160063	-0.10451223494922447	NA	31.95197228673274	41.341896503017	24.44105340885756	4.667875021855617	1.5897572389566852	-0.7580568753630981	NA	0.5917142857142857	0.68485	0.4369	-0.24794999999999995	0.04976579532137935	0.04976579532137935	FALSE	ZNF516	ZNF516	ZNF516	ZNF516
ENSG00000101493	isoComp_00011088	geneComp_00002196	ENST00000443185.7	RO_D100	RO_D200	NA	NA	54.3582095943466	60.1799120706407	55.9738022693932	3.8335341623704546	3.80882620160063	-0.10451223494922447	NA	31.95197228673274	41.341896503017	24.44105340885756	4.667875021855617	1.5897572389566852	-0.7580568753630981	NA	0.5917142857142857	0.68485	0.4369	-0.24794999999999995	0.04976579532137935	0.04976579532137935	FALSE	ZNF516	ZNF516	ZNF516	ZNF516
ENSG00000111642	isoComp_00016594	geneComp_00003357	transcript10247.chr12.nic	RO_D100	RO_D200	NA	NA	189.85207432373696	207.09638568069485	177.35156980806505	8.789440666562141	4.62808164348728	-0.22367859213588426	NA	14.22813383568157	25.795436703458	3.764172853297414	4.964675688959138	0.21444701133315083	-2.773442641910814	NA	0.07111428571428571	0.12375	0.0212	-0.10255	0.001684766591031291	0.001684766591031291	NA	CHD4	CHD4	CHD4	CHD4
ENSG00000111642	isoComp_00016594	geneComp_00003357	transcript10247.chr12.nic	RO_D100	RO_D200	NA	NA	189.85207432373696	207.09638568069485	177.35156980806505	8.789440666562141	4.62808164348728	-0.22367859213588426	NA	14.22813383568157	25.795436703458	3.764172853297414	4.964675688959138	0.21444701133315083	-2.773442641910814	NA	0.07111428571428571	0.12375	0.0212	-0.10255	0.001684766591031291	0.001684766591031291	NA	CHD4	CHD4	CHD4	CHD4
ENSG00000111642	isoComp_00016594	geneComp_00003357	transcript10247.chr12.nic	RO_D100	RO_D200	NA	NA	189.85207432373696	207.09638568069485	177.35156980806505	8.789440666562141	4.62808164348728	-0.22367859213588426	NA	14.22813383568157	25.795436703458	3.764172853297414	4.964675688959138	0.21444701133315083	-2.773442641910814	NA	0.07111428571428571	0.12375	0.0212	-0.10255	0.001684766591031291	0.001684766591031291	NA	CHD4	CHD4	CHD4	CHD4
ENSG00000111716	isoComp_00016684	geneComp_00003377	ENST00000396076.5	RO_D100	RO_D200	NA	NA	492.5358788857555	487.9938561276248	543.9112749900936	26.428226746877723	2.3716008596277485	0.15650530884585226	NA	290.01448285509576	311.37891279764483	282.9080203860369	13.926786107275317	5.686596794078653	-0.13833350551993653	NA	0.5958142857142857	0.6384	0.5200666666666667	-0.11833333333333329	0.02639075943708932	0.02639075943708932	FALSE	LDHB	LDHB	LDHB	LDHB
ENSG00000111716	isoComp_00016685	geneComp_00003377	ENST00000470985.3	RO_D100	RO_D200	NA	NA	492.5358788857555	487.9938561276248	543.9112749900936	26.428226746877723	2.3716008596277485	0.15650530884585226	NA	201.68906473980047	175.9965618973095	260.56890245114226	12.72514115847069	3.35015144962788	0.5660910654681947	NA	0.4023714285714286	0.3603	0.4791666666666667	0.11886666666666668	0.02639075943708932	0.02639075943708932	NA	LDHB	LDHB	LDHB	LDHB
ENSG00000111716	isoComp_00016684	geneComp_00003377	ENST00000396076.5	RO_D100	RO_D200	NA	NA	492.5358788857555	487.9938561276248	543.9112749900936	26.428226746877723	2.3716008596277485	0.15650530884585226	NA	290.01448285509576	311.37891279764483	282.9080203860369	13.926786107275317	5.686596794078653	-0.13833350551993653	NA	0.5958142857142857	0.6384	0.5200666666666667	-0.11833333333333329	0.02639075943708932	0.02639075943708932	FALSE	LDHB	LDHB	LDHB	LDHB
ENSG00000111716	isoComp_00016685	geneComp_00003377	ENST00000470985.3	RO_D100	RO_D200	NA	NA	492.5358788857555	487.9938561276248	543.9112749900936	26.428226746877723	2.3716008596277485	0.15650530884585226	NA	201.68906473980047	175.9965618973095	260.56890245114226	12.72514115847069	3.35015144962788	0.5660910654681947	NA	0.4023714285714286	0.3603	0.4791666666666667	0.11886666666666668	0.02639075943708932	0.02639075943708932	NA	LDHB	LDHB	LDHB	LDHB
ENSG00000111716	isoComp_00016685	geneComp_00003377	ENST00000470985.3	RO_D100	RO_D200	NA	NA	492.5358788857555	487.9938561276248	543.9112749900936	26.428226746877723	2.3716008596277485	0.15650530884585226	NA	201.68906473980047	175.9965618973095	260.56890245114226	12.72514115847069	3.35015144962788	0.5660910654681947	NA	0.4023714285714286	0.3603	0.4791666666666667	0.11886666666666668	0.02639075943708932	0.02639075943708932	NA	LDHB	LDHB	LDHB	LDHB
ENSG00000111716	isoComp_00016684	geneComp_00003377	ENST00000396076.5	RO_D100	RO_D200	NA	NA	492.5358788857555	487.9938561276248	543.9112749900936	26.428226746877723	2.3716008596277485	0.15650530884585226	NA	290.01448285509576	311.37891279764483	282.9080203860369	13.926786107275317	5.686596794078653	-0.13833350551993653	NA	0.5958142857142857	0.6384	0.5200666666666667	-0.11833333333333329	0.02639075943708932	0.02639075943708932	FALSE	LDHB	LDHB	LDHB	LDHB
ENSG00000112249	isoComp_00017038	geneComp_00003454	transcript82395.chr6.nic	RO_D100	RO_D200	NA	NA	28.188882365065947	37.61131055179183	19.06307023020471	4.654572909640898	1.3540547306544835	-0.980013010687504	NA	11.195395374106564	17.77135521716709	2.1198515966618543	1.9089671913882034	0.40042009722547145	-3.061540468994436	NA	0.3421142857142857	0.47345000000000004	0.10926666666666666	-0.36418333333333336	0.04862497003793581	0.04862497003793581	NA	ASCC3	ASCC3	ASCC3	ASCC3
ENSG00000112249	isoComp_00017038	geneComp_00003454	transcript82395.chr6.nic	RO_D100	RO_D200	NA	NA	28.188882365065947	37.61131055179183	19.06307023020471	4.654572909640898	1.3540547306544835	-0.980013010687504	NA	11.195395374106564	17.77135521716709	2.1198515966618543	1.9089671913882034	0.40042009722547145	-3.061540468994436	NA	0.3421142857142857	0.47345000000000004	0.10926666666666666	-0.36418333333333336	0.04862497003793581	0.04862497003793581	NA	ASCC3	ASCC3	ASCC3	ASCC3
ENSG00000112249	isoComp_00017038	geneComp_00003454	transcript82395.chr6.nic	RO_D100	RO_D200	NA	NA	28.188882365065947	37.61131055179183	19.06307023020471	4.654572909640898	1.3540547306544835	-0.980013010687504	NA	11.195395374106564	17.77135521716709	2.1198515966618543	1.9089671913882034	0.40042009722547145	-3.061540468994436	NA	0.3421142857142857	0.47345000000000004	0.10926666666666666	-0.36418333333333336	0.04862497003793581	0.04862497003793581	NA	ASCC3	ASCC3	ASCC3	ASCC3
ENSG00000116560	isoComp_00019501	geneComp_00003929	ENST00000696553.1	RO_D100	RO_D200	NA	NA	418.71490849925743	350.6200276499508	377.24975198306373	23.65855694210262	0.7544980067573962	0.10560864167262367	NA	176.97180758488278	92.8531303316837	154.8600879892208	4.230513800402199	3.2154860706588404	0.7378807063934185	NA	0.4048857142857143	0.2652	0.41050000000000003	0.14530000000000004	0.0029202543767901518	0.0029202543767901518	FALSE	SFPQ	SFPQ	SFPQ	SFPQ
ENSG00000116560	isoComp_00019501	geneComp_00003929	ENST00000696553.1	RO_D100	RO_D200	NA	NA	418.71490849925743	350.6200276499508	377.24975198306373	23.65855694210262	0.7544980067573962	0.10560864167262367	NA	176.97180758488278	92.8531303316837	154.8600879892208	4.230513800402199	3.2154860706588404	0.7378807063934185	NA	0.4048857142857143	0.2652	0.41050000000000003	0.14530000000000004	0.0029202543767901518	0.0029202543767901518	FALSE	SFPQ	SFPQ	SFPQ	SFPQ
ENSG00000116560	isoComp_00019501	geneComp_00003929	ENST00000696553.1	RO_D100	RO_D200	NA	NA	418.71490849925743	350.6200276499508	377.24975198306373	23.65855694210262	0.7544980067573962	0.10560864167262367	NA	176.97180758488278	92.8531303316837	154.8600879892208	4.230513800402199	3.2154860706588404	0.7378807063934185	NA	0.4048857142857143	0.2652	0.41050000000000003	0.14530000000000004	0.0029202543767901518	0.0029202543767901518	FALSE	SFPQ	SFPQ	SFPQ	SFPQ
ENSG00000120451	isoComp_00021331	geneComp_00004322	transcript146914.chr11.nnic	RO_D100	RO_D200	NA	NA	44.77949484309375	38.229484823570154	54.558655794291816	0.07779437293491041	2.3366909763830845	0.5130094188876442	NA	5.146006114620305	9.462960688701806	2.546016542304565	0.054997429463364604	0.2841688280787123	-1.8899182242311334	NA	0.12624285714285716	0.24755	0.0464	-0.20115	0.038557381949070754	0.038557381949070754	NA	SNX19	SNX19	SNX19	SNX19
ENSG00000120451	isoComp_00021331	geneComp_00004322	transcript146914.chr11.nnic	RO_D100	RO_D200	NA	NA	44.77949484309375	38.229484823570154	54.558655794291816	0.07779437293491041	2.3366909763830845	0.5130094188876442	NA	5.146006114620305	9.462960688701806	2.546016542304565	0.054997429463364604	0.2841688280787123	-1.8899182242311334	NA	0.12624285714285716	0.24755	0.0464	-0.20115	0.038557381949070754	0.038557381949070754	NA	SNX19	SNX19	SNX19	SNX19
ENSG00000120451	isoComp_00021331	geneComp_00004322	transcript146914.chr11.nnic	RO_D100	RO_D200	NA	NA	44.77949484309375	38.229484823570154	54.558655794291816	0.07779437293491041	2.3366909763830845	0.5130094188876442	NA	5.146006114620305	9.462960688701806	2.546016542304565	0.054997429463364604	0.2841688280787123	-1.8899182242311334	NA	0.12624285714285716	0.24755	0.0464	-0.20115	0.038557381949070754	0.038557381949070754	NA	SNX19	SNX19	SNX19	SNX19
ENSG00000140391	isoComp_00032373	geneComp_00006681	transcript76019.chr15.nnic	RO_D100	RO_D200	NA	NA	385.70990812997337	418.89050130722296	425.2108327197546	3.8093682982212442	4.845578717901075	0.021604669426640584	NA	132.18628914623412	163.40177007724583	116.75561180052601	5.101615948203005	0.5800570259214765	-0.4848964462764231	NA	0.3495285714285714	0.39	0.27466666666666667	-0.11533333333333334	0.01636695797876252	0.01636695797876252	NA	TSPAN3	TSPAN3	TSPAN3	TSPAN3
ENSG00000140391	isoComp_00032373	geneComp_00006681	transcript76019.chr15.nnic	RO_D100	RO_D200	NA	NA	385.70990812997337	418.89050130722296	425.2108327197546	3.8093682982212442	4.845578717901075	0.021604669426640584	NA	132.18628914623412	163.40177007724583	116.75561180052601	5.101615948203005	0.5800570259214765	-0.4848964462764231	NA	0.3495285714285714	0.39	0.27466666666666667	-0.11533333333333334	0.01636695797876252	0.01636695797876252	NA	TSPAN3	TSPAN3	TSPAN3	TSPAN3
ENSG00000140391	isoComp_00032373	geneComp_00006681	transcript76019.chr15.nnic	RO_D100	RO_D200	NA	NA	385.70990812997337	418.89050130722296	425.2108327197546	3.8093682982212442	4.845578717901075	0.021604669426640584	NA	132.18628914623412	163.40177007724583	116.75561180052601	5.101615948203005	0.5800570259214765	-0.4848964462764231	NA	0.3495285714285714	0.39	0.27466666666666667	-0.11533333333333334	0.01636695797876252	0.01636695797876252	NA	TSPAN3	TSPAN3	TSPAN3	TSPAN3
ENSG00000144485	isoComp_00034778	geneComp_00007181	transcript211979.chr2.nnic	RO_D100	RO_D200	NA	NA	402.9966713742511	518.9181518350183	447.6851772257928	56.274882891064145	92.18082301292557	-0.21301802719378318	NA	212.4533162946015	257.94033506741556	285.7469185175036	28.305699945535295	49.870066612811655	0.14769510774240266	NA	0.49354285714285717	0.49705	0.6457333333333334	0.1486833333333334	0.01876816549356914	6.685833783295153e-4	NA	HES6	HES6	HES6	HES6
ENSG00000144485	isoComp_00034773	geneComp_00007181	ENST00000272937.10	RO_D100	RO_D200	NA	NA	402.9966713742511	518.9181518350183	447.6851772257928	56.274882891064145	92.18082301292557	-0.21301802719378318	NA	121.82079126197836	176.738856454291	100.00770952825786	16.430013613123393	19.986322213138227	-0.8214454091210646	NA	0.3226	0.34114999999999995	0.22396666666666668	-0.11718333333333328	6.685833783295153e-4	6.685833783295153e-4	FALSE	HES6	HES6	HES6	HES6
ENSG00000144485	isoComp_00034773	geneComp_00007181	ENST00000272937.10	RO_D100	RO_D200	NA	NA	402.9966713742511	518.9181518350183	447.6851772257928	56.274882891064145	92.18082301292557	-0.21301802719378318	NA	121.82079126197836	176.738856454291	100.00770952825786	16.430013613123393	19.986322213138227	-0.8214454091210646	NA	0.3226	0.34114999999999995	0.22396666666666668	-0.11718333333333328	6.685833783295153e-4	6.685833783295153e-4	FALSE	HES6	HES6	HES6	HES6
ENSG00000144485	isoComp_00034778	geneComp_00007181	transcript211979.chr2.nnic	RO_D100	RO_D200	NA	NA	402.9966713742511	518.9181518350183	447.6851772257928	56.274882891064145	92.18082301292557	-0.21301802719378318	NA	212.4533162946015	257.94033506741556	285.7469185175036	28.305699945535295	49.870066612811655	0.14769510774240266	NA	0.49354285714285717	0.49705	0.6457333333333334	0.1486833333333334	0.01876816549356914	6.685833783295153e-4	NA	HES6	HES6	HES6	HES6
ENSG00000144485	isoComp_00034778	geneComp_00007181	transcript211979.chr2.nnic	RO_D100	RO_D200	NA	NA	402.9966713742511	518.9181518350183	447.6851772257928	56.274882891064145	92.18082301292557	-0.21301802719378318	NA	212.4533162946015	257.94033506741556	285.7469185175036	28.305699945535295	49.870066612811655	0.14769510774240266	NA	0.49354285714285717	0.49705	0.6457333333333334	0.1486833333333334	0.01876816549356914	6.685833783295153e-4	NA	HES6	HES6	HES6	HES6
ENSG00000144485	isoComp_00034773	geneComp_00007181	ENST00000272937.10	RO_D100	RO_D200	NA	NA	402.9966713742511	518.9181518350183	447.6851772257928	56.274882891064145	92.18082301292557	-0.21301802719378318	NA	121.82079126197836	176.738856454291	100.00770952825786	16.430013613123393	19.986322213138227	-0.8214454091210646	NA	0.3226	0.34114999999999995	0.22396666666666668	-0.11718333333333328	6.685833783295153e-4	6.685833783295153e-4	FALSE	HES6	HES6	HES6	HES6
ENSG00000174748	isoComp_00051853	geneComp_00011122	transcript22429.chr3.nnic	RO_D100	RO_D200	NA	NA	491.6545563287135	557.3466836045947	540.4095498923372	7.145259026256894	9.825778043558628	-0.04452101840081735	NA	148.81581089270995	138.26549567264783	204.38708754927578	3.7219530389682376	0.06910583114016416	0.5638291258289049	NA	0.2948857142857143	0.248	0.3784666666666667	0.13046666666666668	0.001298052642478202	0.001298052642478202	NA	RPL15	RPL15	RPL15	RPL15
ENSG00000174748	isoComp_00051853	geneComp_00011122	transcript22429.chr3.nnic	RO_D100	RO_D200	NA	NA	491.6545563287135	557.3466836045947	540.4095498923372	7.145259026256894	9.825778043558628	-0.04452101840081735	NA	148.81581089270995	138.26549567264783	204.38708754927578	3.7219530389682376	0.06910583114016416	0.5638291258289049	NA	0.2948857142857143	0.248	0.3784666666666667	0.13046666666666668	0.001298052642478202	0.001298052642478202	NA	RPL15	RPL15	RPL15	RPL15
ENSG00000174748	isoComp_00051853	geneComp_00011122	transcript22429.chr3.nnic	RO_D100	RO_D200	NA	NA	491.6545563287135	557.3466836045947	540.4095498923372	7.145259026256894	9.825778043558628	-0.04452101840081735	NA	148.81581089270995	138.26549567264783	204.38708754927578	3.7219530389682376	0.06910583114016416	0.5638291258289049	NA	0.2948857142857143	0.248	0.3784666666666667	0.13046666666666668	0.001298052642478202	0.001298052642478202	NA	RPL15	RPL15	RPL15	RPL15
ENSG00000188690	isoComp_00058361	geneComp_00012877	ENST00000368797.10	RO_D100	RO_D200	NA	NA	87.94002721643035	65.83634661866536	88.37084512588709	3.064056509562345	4.307100723221766	0.42463032964268815	NA	57.5490740279659	49.280884498957306	46.49022809696188	1.0892127308935997	0.47327547502153855	-0.08408307657278395	NA	0.6556857142857143	0.7494000000000001	0.5280333333333334	-0.2213666666666667	0.006107531427098722	0.006107531427098722	FALSE	UROS	UROS	UROS	UROS
ENSG00000188690	isoComp_00058361	geneComp_00012877	ENST00000368797.10	RO_D100	RO_D200	NA	NA	87.94002721643035	65.83634661866536	88.37084512588709	3.064056509562345	4.307100723221766	0.42463032964268815	NA	57.5490740279659	49.280884498957306	46.49022809696188	1.0892127308935997	0.47327547502153855	-0.08408307657278395	NA	0.6556857142857143	0.7494000000000001	0.5280333333333334	-0.2213666666666667	0.006107531427098722	0.006107531427098722	FALSE	UROS	UROS	UROS	UROS
ENSG00000188690	isoComp_00058361	geneComp_00012877	ENST00000368797.10	RO_D100	RO_D200	NA	NA	87.94002721643035	65.83634661866536	88.37084512588709	3.064056509562345	4.307100723221766	0.42463032964268815	NA	57.5490740279659	49.280884498957306	46.49022809696188	1.0892127308935997	0.47327547502153855	-0.08408307657278395	NA	0.6556857142857143	0.7494000000000001	0.5280333333333334	-0.2213666666666667	0.006107531427098722	0.006107531427098722	FALSE	UROS	UROS	UROS	UROS
ENSG00000196262	isoComp_00058887	geneComp_00013025	ENST00000468812.6	RO_D100	RO_D200	NA	NA	142.43698692957207	113.5095380092414	137.02498581278687	0.01593572414451927	15.504090558408521	0.2716036452939579	NA	57.82605681719599	57.58902427134919	32.639291940268464	0.015270655600918559	1.8535053097281617	-0.8189926679660469	NA	0.40114285714285713	0.50735	0.24116666666666667	-0.2661833333333333	1.3117435166929278e-7	1.3117435166929278e-7	FALSE	PPIA	PPIA	PPIA	PPIA
ENSG00000196262	isoComp_00058887	geneComp_00013025	ENST00000468812.6	RO_D100	RO_D200	NA	NA	142.43698692957207	113.5095380092414	137.02498581278687	0.01593572414451927	15.504090558408521	0.2716036452939579	NA	57.82605681719599	57.58902427134919	32.639291940268464	0.015270655600918559	1.8535053097281617	-0.8189926679660469	NA	0.40114285714285713	0.50735	0.24116666666666667	-0.2661833333333333	1.3117435166929278e-7	1.3117435166929278e-7	FALSE	PPIA	PPIA	PPIA	PPIA
ENSG00000196262	isoComp_00058887	geneComp_00013025	ENST00000468812.6	RO_D100	RO_D200	NA	NA	142.43698692957207	113.5095380092414	137.02498581278687	0.01593572414451927	15.504090558408521	0.2716036452939579	NA	57.82605681719599	57.58902427134919	32.639291940268464	0.015270655600918559	1.8535053097281617	-0.8189926679660469	NA	0.40114285714285713	0.50735	0.24116666666666667	-0.2661833333333333	1.3117435166929278e-7	1.3117435166929278e-7	FALSE	PPIA	PPIA	PPIA	PPIA
ENSG00000234171	isoComp_00066287	geneComp_00015384	ENST00000438436.4	RO_D100	RO_D200	NA	NA	34.92592708141582	33.797257000416934	30.56694639250343	1.732437400698412	1.6581676823162323	-0.14488862864863455	NA	7.472828864127215	12.182979619456455	2.028212615795042	0.14653935064394297	0.09064523184058874	-2.5806742639683677	NA	0.20717142857142856	0.36119999999999997	0.06706666666666666	-0.2941333333333333	0.033574035160369935	0.033574035160369935	NA	RNASEH1-DT	RNASEH1-DT	RNASEH1-DT	RNASEH1-DT
ENSG00000234171	isoComp_00066287	geneComp_00015384	ENST00000438436.4	RO_D100	RO_D200	NA	NA	34.92592708141582	33.797257000416934	30.56694639250343	1.732437400698412	1.6581676823162323	-0.14488862864863455	NA	7.472828864127215	12.182979619456455	2.028212615795042	0.14653935064394297	0.09064523184058874	-2.5806742639683677	NA	0.20717142857142856	0.36119999999999997	0.06706666666666666	-0.2941333333333333	0.033574035160369935	0.033574035160369935	NA	RNASEH1-DT	RNASEH1-DT	RNASEH1-DT	RNASEH1-DT
ENSG00000234171	isoComp_00066287	geneComp_00015384	ENST00000438436.4	RO_D100	RO_D200	NA	NA	34.92592708141582	33.797257000416934	30.56694639250343	1.732437400698412	1.6581676823162323	-0.14488862864863455	NA	7.472828864127215	12.182979619456455	2.028212615795042	0.14653935064394297	0.09064523184058874	-2.5806742639683677	NA	0.20717142857142856	0.36119999999999997	0.06706666666666666	-0.2941333333333333	0.033574035160369935	0.033574035160369935	NA	RNASEH1-DT	RNASEH1-DT	RNASEH1-DT	RNASEH1-DT
ENSG00000267280	isoComp_00072369	geneComp_00017991	ENST00000590421.2	RO_D100	RO_D200	NA	NA	79.52049809803454	82.85884696243883	54.936887861399576	1.218643652267154	1.5955265956198956	-0.5927920780118272	NA	14.586754257194753	27.20845368542582	1.7688084982653023	1.4833250141771221	0.5764427950006699	-3.9356020004379206	NA	0.16675714285714285	0.3282	0.03166666666666666	-0.2965333333333333	0.01229283787637385	0.01229283787637385	NA	TBX2-AS1	TBX2-AS1	TBX2-AS1	TBX2-AS1
ENSG00000267280	isoComp_00072369	geneComp_00017991	ENST00000590421.2	RO_D100	RO_D200	NA	NA	79.52049809803454	82.85884696243883	54.936887861399576	1.218643652267154	1.5955265956198956	-0.5927920780118272	NA	14.586754257194753	27.20845368542582	1.7688084982653023	1.4833250141771221	0.5764427950006699	-3.9356020004379206	NA	0.16675714285714285	0.3282	0.03166666666666666	-0.2965333333333333	0.01229283787637385	0.01229283787637385	NA	TBX2-AS1	TBX2-AS1	TBX2-AS1	TBX2-AS1
ENSG00000267280	isoComp_00072369	geneComp_00017991	ENST00000590421.2	RO_D100	RO_D200	NA	NA	79.52049809803454	82.85884696243883	54.936887861399576	1.218643652267154	1.5955265956198956	-0.5927920780118272	NA	14.586754257194753	27.20845368542582	1.7688084982653023	1.4833250141771221	0.5764427950006699	-3.9356020004379206	NA	0.16675714285714285	0.3282	0.03166666666666666	-0.2965333333333333	0.01229283787637385	0.01229283787637385	NA	TBX2-AS1	TBX2-AS1	TBX2-AS1	TBX2-AS1
