"ID","Description","GeneRatio","BgRatio","RichFactor","FoldEnrichment","zScore","pvalue","p.adjust","qvalue","geneID","Count"
"GO:0005975","carbohydrate metabolic process","144/2327","477/13061",0.30188679245283,1.6944320568227,7.19396930022677,1.25141339543071e-11,1.34276657329716e-08,1.17105948267148e-08,"PDK2/SPATA20/GLB1/PGAM1/STBD1/PFKM/PGM1/HEXB/FUCA1/MPI/BCKDK/GAA/ALDH1B1/PDK3/B4GALT3/PFKL/DHTKD1/GUSB/TPD52L2/PIGQ/PGD/SLC35B4/BRAT1/ALDOA/MLST8/MOGS/NAGA/POFUT1/TKFC/GALK1/SLC37A4/B4GALT4/NEU1/SLC35A2/G6PC3/ENO1/MAN2C1/UCP2/MAN2B2/ADIPOR1/PYGB/GALT/AKR1A1/IDH2/IDH3G/LIPA/INPP5K/WDR45/SLC25A11/AKR7A2/GYG1/GCGR/HYAL2/DGAT2/MAN1B1/SLC35A1/GPI/HYAL3/CS/GLO1/PGGHG/MDH2/TPI1/ALDH2/AKR1B1/IDH3A/ST6GALNAC6/SHPK/PC/PHKG2/LDHA/SIAE/GMPPB/PPP2CA/SLC2A1/PPP1R3B/IDH1/WDR45B/SLC39A14/GYS1/PMM1/FUCA2/ARL2/PDHB/FCSK/SNCA/PYGM/CHID1/PPP1R3C/NDST2/GALM/GPD1/NPY1R/KHK/MGAT2/SCARB2/ST6GALNAC4/NAGK/MAN2B1/DCXR/GOT1/MYORG/EIF6/ST3GAL4/DDIT4/ZNF692/GYG2/EDEM2/COL6A1/FBN1/YDJC/HAS2/CHST15/PGAM2/TALDO1/GLB1L/FABP5/OAS1/NANS/SLC3A2/SERP1/SLC2A4/ATP1A2/GANAB/MANBA/GBA2/NUPR1/CHST6/PPP1CA/HK2/B3GALNT1/CHST7/SLC2A3/IGFBP4/CLTC/PFKFB4/SESN2/NNMT/GCK/ENO3/COMT/GLYCTK/OGDHL/GALNT3",144
"GO:0032787","monocarboxylic acid metabolic process","142/2327","474/13061",0.29957805907173,1.6814735838143,7.03665186704486,3.22957956575589e-11,1.73266943702804e-08,1.51110328102999e-08,"PDK2/PGAM1/PFKM/PGM1/CRAT/HEXB/BCKDK/CD74/CYP1B1/ALDH3A2/PLA2G15/PDK3/CES1/LDHD/PRKAB1/PFKL/CES2/DHTKD1/IVD/HSD3B7/ILVBL/PGD/ALDOA/MLST8/CBR1/ACSF2/HTD2/SCAP/HADHA/CRYL1/ABCD4/FADS1/SIRT2/DEGS1/GPAT4/GALK1/ADH5/CPT2/ALDH1A3/ABHD6/ENO1/NR1H2/GSTM2/UCP2/HACD3/ACADVL/MGLL/SLC5A6/ADIPOR1/AKR1A1/ECI2/IDH2/ABHD10/PRXL2B/LIPA/GGT5/PHGDH/LDHB/DECR2/SCPEP1/AACS/GPI/ACAT1/HADHB/GSTM4/BDH2/SLC27A3/MMUT/TPI1/AKR1B1/ACAA2/ASAH1/ECH1/PC/HADH/LDHA/PPP2CA/ATP6V1B1/IDH1/PTGDS/GDF15/TECR/TYRP1/ARL2/PDHB/SNCA/GPD1/LYPLA2/AKR1C1/HSD17B8/SRR/IDS/DLD/PLIN5/DCXR/ALDH1A1/EIF6/ACSS2/TNFRSF1A/DDIT4/ACAA1/SGPL1/COL6A1/AKR1C3/ACOX2/DSEL/KLHL25/ECHS1/PGAM2/FABP5/GATM/XBP1/NUDT7/GBA2/GAMT/HOGA1/NUPR1/CYP27A1/ACSS1/TRIB3/HK2/ACOT1/LPL/HSD17B10/INSIG1/GGT1/FAHD1/TYSND1/PEX5/ALOX5/SCD/CYP2U1/AKR1C2/SESN2/ACOT11/GCK/ENO3/COMT/FMO2/OGDHL/MFSD2A/FMO1",142
"GO:0044283","small molecule biosynthetic process","133/2327","465/13061",0.286021505376344,1.60538327534183,6.18912927130089,3.84264219869144e-09,1.37438502639864e-06,1.19863470689007e-06,"PDK2/PGAM1/PGM1/GLUL/CD74/GOT2/COQ8A/CES1/PRKAB1/ISYNA1/PLTP/OAT/HSD3B7/ILVBL/PGD/SLC35B4/DHCR24/MBTPS1/ASS1/THTPA/CBR1/ALDH18A1/HTD2/SCAP/FADS1/SIRT2/CDO1/PSAT1/DEGS1/SLC37A4/PLOD3/SPHK1/ALDH1A3/UBIAD1/G6PC3/ENO1/NR1H2/GSTM2/HACD3/ACADVL/MGLL/AKR1A1/COQ9/DHCR7/PRXL2B/TM7SF2/PNPO/LIPA/GNAI1/STARD3/DCTD/SLC25A11/GGT5/CYB5R3/PHGDH/STARD7/DECR2/HMGCL/AACS/LTA4H/GPI/LSS/GSTM4/GBA1/MDH2/TPI1/AKR1B1/ACAA2/ASAH1/PC/PYCR3/PTGDS/SLC39A14/TECR/SNCA/SERINC3/ADI1/GPD1/HSD17B8/SRR/NAIP/SHMT1/PSPH/GOT1/ALDH1A1/EIF6/ACSS2/ZNF692/PLPP6/PMVK/CLN3/UROS/AKR1C3/ACOX2/COQ6/SPR/CHST15/DSEL/HSD17B7/KLHL25/PGAM2/FABP5/GATM/NANS/SLC25A19/ADM/XBP1/GAMT/HOGA1/MVD/FDFT1/PYCR1/ASL/CYP27A1/ACSS1/TRIB3/EBP/LPL/APRT/HSD17B10/INSIG1/NSDHL/GGT1/SHMT2/ALOX5/SCD/SESN2/NNMT/GCK/ENO3/NAGS/FMO1/HMGCS2",133
"GO:0006631","fatty acid metabolic process","91/2327","295/13061",0.308474576271186,1.73140801060506,5.91605612069295,2.5624496773235e-08,6.57726349606463e-06,5.73619193407706e-06,"PDK2/CRAT/BCKDK/CD74/CYP1B1/ALDH3A2/PLA2G15/PDK3/CES1/PRKAB1/CES2/IVD/ILVBL/CBR1/ACSF2/HTD2/SCAP/HADHA/CRYL1/ABCD4/FADS1/SIRT2/DEGS1/GPAT4/ADH5/CPT2/ABHD6/NR1H2/GSTM2/HACD3/ACADVL/MGLL/ADIPOR1/ECI2/PRXL2B/LIPA/GGT5/DECR2/AACS/ACAT1/HADHB/GSTM4/BDH2/SLC27A3/MMUT/AKR1B1/ACAA2/ASAH1/ECH1/HADH/ATP6V1B1/PTGDS/GDF15/TECR/TYRP1/SNCA/LYPLA2/AKR1C1/HSD17B8/PLIN5/EIF6/ACSS2/TNFRSF1A/ACAA1/SGPL1/AKR1C3/ACOX2/KLHL25/ECHS1/FABP5/XBP1/NUDT7/ACSS1/TRIB3/ACOT1/LPL/HSD17B10/INSIG1/GGT1/TYSND1/PEX5/ALOX5/SCD/CYP2U1/AKR1C2/SESN2/ACOT11/COMT/FMO2/MFSD2A/FMO1",91
"GO:0044282","small molecule catabolic process","91/2327","296/13061",0.307432432432432,1.72555865921788,5.87891201072795,3.06489445296581e-08,6.57726349606463e-06,5.73619193407706e-06,"GLB1/PGAM1/PFKM/PGM1/CRAT/HEXB/MPI/ALDH6A1/GLUL/BCKDK/PLA2G15/GOT2/ALDH1B1/BCKDHA/LDHD/PFKL/SNX17/OAT/IVD/ILVBL/SULT1C4/PGD/HADHA/TKFC/CRYL1/ABCD4/CDO1/GALK1/ADH5/CPT2/ENO1/ALDH3B1/MGAT1/GCAT/ACAD8/ACADVL/GALT/AKR1A1/ECI2/SULT1A1/AMDHD2/DCTD/SARDH/HIBADH/DECR2/HMGCL/GCSH/ACAT1/HADHB/ALDH4A1/BDH2/TPI1/ALDH2/ACAA2/ECH1/HADH/ENPP4/MPST/APOBEC3C/PPM1K/GALM/IDS/DLD/QPRT/NAGK/PLIN5/SHMT1/DCXR/GOT1/ACSS2/ACAA1/AKR1C3/ACOX2/ECHS1/PGAM2/GLB1L/NUDT7/HOGA1/CYP27A1/ACSS1/HK2/HSD17B10/TYSND1/SULT1B1/PEX5/SESN2/GCK/ENO3/GLYCTK/MFSD2A/FMO1",91
"GO:1901615","organic hydroxy compound metabolic process","117/2327","412/13061",0.283980582524272,1.59392797092803,5.70352402334662,5.20259333640077e-08,9.30397108326337e-06,8.11422013343909e-06,"DPAGT1/CYP1B1/ALDH3A2/ALDH1B1/CES1/CTSB/LDHD/ISYNA1/ACO2/PLTP/SNX17/HSD3B7/SULT1C4/DHCR24/MBTPS1/THTPA/SCAP/PLPP3/TKFC/LDLRAP1/FAXDC2/PSAT1/RETSAT/GALK1/HDLBP/SPHK1/ALDH1A3/VPS35/AOC2/APOL2/ALDH3B1/ACADVL/AKR1A1/EPHX2/IDH2/DHCR7/TM7SF2/SULT1A1/CYB5R1/IDH3G/PNPO/LIPA/TSKU/GNAI1/STARD3/AKR7A2/CYB5R3/DGAT2/LDHB/LGMN/LSS/GBA1/TPI1/ALDH2/AKR1B1/IDH3A/ACAA2/ASAH1/LDHA/IDH1/CTNS/TYRP1/DRD1/SNCA/DPM2/PMEL/PLPP1/GPD1/AKR1C1/CDH3/IDH3B/GOT1/ALDH1A1/ACSS2/PLPP6/ACAA1/DHRS3/NUDT11/PMVK/NPC2/RDH5/AKR1C3/ACOX2/SPR/NQO1/OCRL/HSD17B7/DCT/LRP2/RPE65/MC1R/MAOB/GBA2/TYR/MVD/FDFT1/NUDT10/CYP27A1/ACSS1/DHRS4/RDH11/EBP/TGFB2/HSD17B10/SLC16A10/INSIG1/NSDHL/WNT5A/CTSK/SULT1B1/OCA2/DUOX2/AKR1C2/SLC24A5/COMT/HMGCS2/RAB38",117
"GO:0006457","protein folding","65/2327","195/13061",0.333333333333333,1.87093539607506,5.70519454193505,1.10509677690879e-07,1.68118541681036e-05,1.46620281114868e-05,"PEX19/UNC45A/CD74/WFS1/PPIA/CRTAP/GRN/TAPBP/MOGS/CCT7/B2M/TRAP1/P4HB/TTC4/RIC8A/NUDCD3/HSPA1B/ALG12/AHSA1/HSP90AB1/TOR1A/BAG5/CLU/LMAN2L/HSPA1A/FKBP4/DFFA/PDIA4/DNAJA3/P3H1/TBCC/CCDC47/TELO2/PDIA6/DNAJA2/TCP1/SDF2/CANX/HSPA5/PPIE/CCT3/ERP29/FKBP1B/ARL2/RUVBL2/NUDC/PDIA3/PRDX4/AIP/CRYAB/FKBP9/PPIB/GRPEL1/HSPA8/PDRG1/PPIC/PPIF/HSPH1/DNAJA1/HSPA9/CHCHD4/DNAJB11/SIL1/ZMYND10/DNAJB1",65
"GO:0072524","pyridine-containing compound metabolic process","54/2327","152/13061",0.355263157894737,1.99402325108,5.73932768370588,1.25344672269179e-07,1.68118541681036e-05,1.46620281114868e-05,"PGAM1/PFKM/PGM1/VCP/NAXD/PFKL/DHTKD1/PGD/ALDOA/MLST8/PARP10/PSAT1/GALK1/ENO1/TKT/UCP2/IDH2/PNPO/LIPA/NADSYN1/LDHB/GPI/NAPRT/MDH2/TPI1/SHPK/PC/LDHA/NUDT17/PPP2CA/IDH1/ARL2/NMNAT3/PRPS2/GPD1/QPRT/DCXR/EIF6/DDIT4/MDH1/COL6A1/NMNAT1/NQO1/PGAM2/TALDO1/NUPR1/HK2/NNMT/GCK/NMRK2/ENO3/FMO2/OGDHL/FMO1",54
"GO:0019362","pyridine nucleotide metabolic process","52/2327","146/13061",0.356164383561644,1.9990816560802,5.65222175553406,1.94385765495663e-07,2.08575926376846e-05,1.81904153184889e-05,"PGAM1/PFKM/PGM1/VCP/NAXD/PFKL/DHTKD1/PGD/ALDOA/MLST8/PARP10/GALK1/ENO1/TKT/UCP2/IDH2/LIPA/NADSYN1/LDHB/GPI/NAPRT/MDH2/TPI1/SHPK/PC/LDHA/NUDT17/PPP2CA/IDH1/ARL2/NMNAT3/PRPS2/GPD1/QPRT/DCXR/EIF6/DDIT4/MDH1/COL6A1/NMNAT1/NQO1/PGAM2/TALDO1/NUPR1/HK2/NNMT/GCK/NMRK2/ENO3/FMO2/OGDHL/FMO1",52
"GO:0046496","nicotinamide nucleotide metabolic process","52/2327","146/13061",0.356164383561644,1.9990816560802,5.65222175553406,1.94385765495663e-07,2.08575926376846e-05,1.81904153184889e-05,"PGAM1/PFKM/PGM1/VCP/NAXD/PFKL/DHTKD1/PGD/ALDOA/MLST8/PARP10/GALK1/ENO1/TKT/UCP2/IDH2/LIPA/NADSYN1/LDHB/GPI/NAPRT/MDH2/TPI1/SHPK/PC/LDHA/NUDT17/PPP2CA/IDH1/ARL2/NMNAT3/PRPS2/GPD1/QPRT/DCXR/EIF6/DDIT4/MDH1/COL6A1/NMNAT1/NQO1/PGAM2/TALDO1/NUPR1/HK2/NNMT/GCK/NMRK2/ENO3/FMO2/OGDHL/FMO1",52
"GO:0051604","protein maturation","130/2327","489/13061",0.265848670756646,1.49215706435434,5.16469823316803,5.86252221927729e-07,5.71862394662231e-05,4.98735143821772e-05,"PEX19/NCSTN/ATP6AP2/PIGO/PGAP4/UNC45A/CD74/WFS1/PPIA/GPAA1/CIAO1/PIGT/PIGV/PRCP/PIGQ/CRTAP/GRN/BAK1/DHCR24/MBTPS1/PIGS/TAPBP/CTSL/MOGS/CCT7/B2M/TRAP1/P4HB/TTC4/RIC8A/C1R/NUDCD3/HSPA1B/ALG12/AHSA1/PGAP3/ATG4B/ENO1/HSP90AB1/PRNP/TOR1A/BAG5/PIGM/CLU/CDK20/LMAN2L/HSPA1A/CFD/FKBP4/DFFA/PMPCA/PDIA4/CASP7/DNAJA3/GCSH/LGMN/P3H1/TBCC/CCDC47/CCS/RNF123/SPCS2/STOML2/ISCA2/TELO2/PDIA6/DNAJA2/TCP1/SDF2/CANX/HSPA5/PPIE/SNAPIN/CCT3/PIGC/ERP29/FKBP1B/ARL2/DPM2/HM13/CTSH/MVP/ACTMAP/RUVBL2/NUDC/LIPT2/PDIA3/PRDX4/AIP/CRYAB/GSN/CPZ/FKBP9/PPIB/TMEM98/GRPEL1/HSPA8/PGAP2/CLN3/PIDD1/PDRG1/GLG1/PERP/PPIC/PPIF/HSPH1/DNAJA1/PIGZ/TMEM208/SERPINH1/SERPINE2/HSPA9/CAPN2/CHCHD4/DNAJB11/PIGW/SIL1/GGT1/NAA80/TYSND1/KLK11/FLNA/RCE1/NOL3/ZMYND10/DOHH/DNAJB1/ANXA2/PLAT/TSPAN15",130
"GO:0006066","alcohol metabolic process","81/2327","272/13061",0.297794117647059,1.67146066634647,5.21045584713321,7.51715440051135e-07,6.71282489821724e-05,5.85441833964303e-05,"DPAGT1/CYP1B1/ALDH3A2/ALDH1B1/CES1/ISYNA1/ACO2/SNX17/SULT1C4/DHCR24/MBTPS1/THTPA/SCAP/PLPP3/TKFC/LDLRAP1/RETSAT/GALK1/HDLBP/SPHK1/ALDH1A3/APOL2/ALDH3B1/ACADVL/AKR1A1/EPHX2/IDH2/DHCR7/TM7SF2/SULT1A1/IDH3G/LIPA/TSKU/GNAI1/STARD3/AKR7A2/CYB5R3/DGAT2/LSS/GBA1/TPI1/ALDH2/AKR1B1/IDH3A/ACAA2/ASAH1/IDH1/SNCA/DPM2/PLPP1/AKR1C1/IDH3B/GOT1/ALDH1A1/ACSS2/PLPP6/DHRS3/NUDT11/PMVK/NPC2/RDH5/AKR1C3/SPR/OCRL/HSD17B7/LRP2/RPE65/GBA2/MVD/FDFT1/NUDT10/CYP27A1/ACSS1/DHRS4/RDH11/EBP/INSIG1/NSDHL/SULT1B1/AKR1C2/HMGCS2",81
"GO:0016052","carbohydrate catabolic process","51/2327","148/13061",0.344594594594595,1.93414267296949,5.32132125394445,8.13296585990905e-07,6.71282489821724e-05,5.85441833964303e-05,"GLB1/PGAM1/STBD1/PFKM/PGM1/HEXB/MPI/GAA/PFKL/DHTKD1/PGD/ALDOA/MLST8/NAGA/TKFC/GALK1/NEU1/ENO1/MAN2C1/UCP2/MAN2B2/PYGB/GALT/LIPA/WDR45/GPI/TPI1/PHKG2/LDHA/PPP2CA/PPP1R3B/WDR45B/ARL2/PYGM/GALM/GPD1/SCARB2/MAN2B1/EIF6/DDIT4/COL6A1/PGAM2/GLB1L/MANBA/NUPR1/PPP1CA/HK2/GCK/ENO3/GLYCTK/OGDHL",51
"GO:0006790","sulfur compound metabolic process","81/2327","275/13061",0.294545454545455,1.65322654998633,5.09743632609214,1.22322306307048e-06,9.37513104767593e-05,8.17628047420798e-05,"PDK2/SGSH/GLB1/COASY/HEXB/B4GAT1/BCKDK/TM9SF2/MAT2A/GNS/PDK3/SMS/GUSB/SULT1C4/PPT1/FITM2/THTPA/ACSF2/HTD2/SUOX/GSTM3/CDO1/GPAT4/AHCY/B4GALT4/NDP/SLC35B2/GSTM2/SLC5A6/AKR1A1/SULT1A1/DCAKD/GGT5/ABHD14B/PHGDH/DGAT2/ACAT1/GSTM4/GLO1/MAT2B/MMUT/STAT5A/TPST2/IDH1/MPST/TECR/CTNS/PDHB/PXYLP1/SNCA/ADI1/NDST2/B3GNT2/IDS/DLD/PAPSS2/ST3GAL4/HS6ST2/ACSS2/PMVK/XYLT2/SOD2/CHST15/DSEL/GSS/SQOR/CHPF/SLC25A19/NUDT7/MVD/CHST6/ACSS1/ACOT1/CHST7/GGT1/SULT1B1/ACOT11/EXTL1/FMO1/CHPF2/HMGCS2",81
"GO:0006520","amino acid metabolic process","73/2327","243/13061",0.300411522633745,1.68615165325283,5.02692148299042,1.82920452280028e-06,0.000130849096864314,0.000114116689176804,"ALDH6A1/GLUL/BCKDK/GOT2/BCKDHA/SMS/GFPT2/OAT/IVD/ILVBL/DALRD3/ASS1/ALDH18A1/FARSA/CDO1/PSAT1/TARS2/P4HB/NDP/PLOD3/GCAT/DGLUCY/ACAD8/UCP2/HARS2/AARS1/GGT5/SARDH/EGLN2/PHGDH/HIBADH/HMGCL/GCSH/ACAT1/QARS1/ALDH4A1/SARS1/MMUT/BLOC1S6/PYCR3/IARS2/MPST/CTNS/NARS1/PPM1K/SERINC3/AARS2/ADI1/SRR/DLD/MARS1/SHMT1/PSPH/GOT1/ALDH1A1/HARS1/CLN3/GSS/ECHS1/DCT/CAD/TYR/HOGA1/PYCR1/ASL/PARS2/HSD17B10/GGT1/SHMT2/OCA2/WARS1/ACY1/NAGS",73
"GO:0019318","hexose metabolic process","63/2327","202/13061",0.311881188118812,1.75052866266429,5.00527972867334,2.32858936488238e-06,0.000156161024282424,0.000136191838511871,"PDK2/GLB1/PGAM1/PFKM/PGM1/FUCA1/MPI/BCKDK/GAA/PDK3/PFKL/SLC35B4/BRAT1/ALDOA/POFUT1/TKFC/GALK1/SLC37A4/SLC35A2/G6PC3/ENO1/MAN2C1/MAN2B2/ADIPOR1/GALT/LIPA/SLC25A11/GPI/MDH2/TPI1/AKR1B1/PC/PHKG2/GMPPB/PPP1R3B/SLC39A14/PMM1/FUCA2/PDHB/GALM/GPD1/NPY1R/KHK/MAN2B1/DCXR/GOT1/ZNF692/FBN1/CHST15/PGAM2/GLB1L/FABP5/OAS1/SERP1/PPP1CA/HK2/IGFBP4/PFKFB4/SESN2/NNMT/GCK/ENO3/GLYCTK",63
"GO:0005996","monosaccharide metabolic process","68/2327","225/13061",0.302222222222222,1.69631475910806,4.90536118261446,3.24008334404838e-06,0.000204506436950818,0.000178355052189412,"PDK2/GLB1/PGAM1/PFKM/PGM1/FUCA1/MPI/BCKDK/GAA/PDK3/PFKL/PGD/SLC35B4/BRAT1/ALDOA/POFUT1/TKFC/GALK1/SLC37A4/SLC35A2/G6PC3/ENO1/MAN2C1/MAN2B2/ADIPOR1/GALT/AKR1A1/LIPA/SLC25A11/GPI/MDH2/TPI1/AKR1B1/PC/PHKG2/GMPPB/SLC2A1/PPP1R3B/SLC39A14/PMM1/FUCA2/PDHB/GALM/GPD1/NPY1R/KHK/MAN2B1/DCXR/GOT1/ZNF692/FBN1/CHST15/PGAM2/GLB1L/FABP5/OAS1/SERP1/ATP1A2/PPP1CA/HK2/SLC2A3/IGFBP4/PFKFB4/SESN2/NNMT/GCK/ENO3/GLYCTK",68
"GO:0016053","organic acid biosynthetic process","73/2327","247/13061",0.295546558704453,1.65884555360501,4.86719471468485,3.53843169983403e-06,0.000210929845217884,0.000183957063225289,"GLUL/CD74/GOT2/CES1/PRKAB1/OAT/HSD3B7/ILVBL/ASS1/CBR1/ALDH18A1/HTD2/SCAP/FADS1/SIRT2/CDO1/PSAT1/DEGS1/PLOD3/ALDH1A3/NR1H2/GSTM2/HACD3/ACADVL/MGLL/AKR1A1/PRXL2B/GGT5/PHGDH/DECR2/LTA4H/GSTM4/AKR1B1/PYCR3/PTGDS/TECR/SERINC3/ADI1/HSD17B8/SRR/NAIP/SHMT1/PSPH/GOT1/ALDH1A1/EIF6/ACSS2/CLN3/UROS/AKR1C3/ACOX2/DSEL/KLHL25/FABP5/GATM/NANS/XBP1/GAMT/HOGA1/PYCR1/ASL/CYP27A1/ACSS1/TRIB3/LPL/HSD17B10/INSIG1/GGT1/SHMT2/ALOX5/SCD/NAGS/FMO1",73
"GO:1901136","carbohydrate derivative catabolic process","64/2327","209/13061",0.30622009569378,1.71875404806896,4.87704848271299,3.85575539933801e-06,0.000211381234181334,0.000184350730551044,"SGSH/GLB1/PGAM1/PFKM/PGM1/HEXB/FUCA1/GNS/PFKL/DHTKD1/GUSB/ALDOA/MLST8/CTSL/NAGA/M6PR/GALK1/NEU1/ENO1/MGAT1/UCP2/AMDHD2/LIPA/DCTD/HYAL2/MAN1B1/GPI/HYAL3/GBA1/NEIL2/TPI1/LDHA/PPP2CA/ENPP4/APOBEC3C/FUCA2/ARL2/GPD1/IDS/UNG/SCARB2/NAGK/SMUG1/ALDH1A1/EIF6/DDIT4/FBXO6/NTHL1/EDEM2/COL6A1/NUDT11/PGAM2/CST3/MANBA/GBA2/HOGA1/NUPR1/FBXO2/NCCRP1/NUDT10/HK2/GCK/ENO3/OGDHL",64
"GO:0016042","lipid catabolic process","74/2327","252/13061",0.293650793650794,1.64820499178041,4.83775659199344,3.94000436498293e-06,0.000211381234181334,0.000184350730551044,"GLB1/ABHD4/CRAT/HEXB/FUCA1/CYP1B1/PLA2G15/CES1/SNX17/IVD/ILVBL/RAB7A/PPT1/FITM2/NAGA/PLPP3/HADHA/M6PR/ABCD4/SIRT2/CPT2/NEU1/SPHK1/ABHD6/ALDH3B1/PLAAT4/ACADVL/MGLL/ECI2/LIPA/DECR2/ACAT1/HADHB/GBA1/BDH2/ABHD16A/ACAA2/ASAH1/ECH1/HADH/PLCD1/PRDX6/IDH1/PLPP1/LYPLA2/SCARB2/HSD17B14/SPART/PLIN5/PLBD1/PLPP6/ACAA1/SGPL1/PLD2/ENPP2/AKR1C3/ACOX2/ECHS1/ADORA1/FMC1/NCEH1/NUDT7/GBA2/SPP1/BSCL2/SMPD2/CYP27A1/LPL/HSD17B10/TYSND1/PEX5/SESN2/MFSD2A/PLD1",74
"GO:0046394","carboxylic acid biosynthetic process","72/2327","245/13061",0.293877551020408,1.64947773694781,4.77815293541527,5.13997544786035e-06,0.000262628269312103,0.000229044519957286,"GLUL/CD74/GOT2/CES1/PRKAB1/OAT/HSD3B7/ILVBL/ASS1/CBR1/ALDH18A1/HTD2/SCAP/FADS1/SIRT2/CDO1/PSAT1/DEGS1/PLOD3/ALDH1A3/NR1H2/GSTM2/HACD3/ACADVL/MGLL/AKR1A1/PRXL2B/GGT5/PHGDH/DECR2/LTA4H/GSTM4/AKR1B1/PYCR3/PTGDS/TECR/SERINC3/ADI1/HSD17B8/SRR/NAIP/SHMT1/PSPH/GOT1/ALDH1A1/EIF6/ACSS2/CLN3/UROS/AKR1C3/ACOX2/DSEL/KLHL25/FABP5/GATM/NANS/XBP1/GAMT/HOGA1/PYCR1/ASL/CYP27A1/ACSS1/TRIB3/LPL/HSD17B10/INSIG1/GGT1/SHMT2/ALOX5/SCD/NAGS",72
"GO:0044242","cellular lipid catabolic process","58/2327","188/13061",0.308510638297872,1.7316104197716,4.70443970607952,8.38012118857034e-06,0.000408721365242544,0.000356455872566461,"GLB1/CRAT/HEXB/FUCA1/CYP1B1/PLA2G15/IVD/ILVBL/PPT1/NAGA/PLPP3/HADHA/M6PR/ABCD4/SIRT2/CPT2/NEU1/SPHK1/ABHD6/ALDH3B1/ACADVL/MGLL/ECI2/DECR2/ACAT1/HADHB/GBA1/BDH2/ABHD16A/ACAA2/ASAH1/ECH1/HADH/PRDX6/IDH1/PLPP1/LYPLA2/SCARB2/PLIN5/PLBD1/PLPP6/ACAA1/SGPL1/PLD2/ENPP2/AKR1C3/ACOX2/ECHS1/NUDT7/GBA2/SMPD2/LPL/HSD17B10/TYSND1/PEX5/SESN2/MFSD2A/PLD1",58
"GO:0006091","generation of precursor metabolites and energy","112/2327","432/13061",0.259259259259259,1.45517197472505,4.47942109397822,1.22302187149169e-05,0.000570566290482862,0.000497604779751081,"PGAM1/STBD1/SDHA/PFKM/PGM1/ATP8/GAA/VCP/ATP5F1B/SLC35A4/PFKL/ACO2/MTFR1L/DHTKD1/GFPT2/NDUFC2-KCTD14/PGD/ALDOA/POR/MLST8/THTPA/UQCRC1/MCHR1/TRAP1/NDUFS2/CYB561/GALK1/NDP/ENO1/TKT/UCP2/ACADVL/HCCS/PYGB/COQ9/IDH2/IDH3G/LIPA/INPP5K/WDR45/GYG1/GCGR/UQCRC2/ACO1/HMGCL/AACS/GPI/ACAT1/CS/GBA1/NDUFV1/MDH2/TPI1/SDHD/IDH3A/STOML2/AK4/SHPK/PHKG2/LDHA/RHOA/ATP5F1A/PPP2CA/PPP1R3B/IDH1/WDR45B/GYS1/TYRP1/ARL2/PDHB/UQCRFS1/NDUFS7/SNCA/PYGM/PPP1R3C/SDHC/PRPS2/GPD1/DLD/KHK/IDH3B/EIF6/COX6A1/DDIT4/GHITM/SURF1/MDH1/GYG2/COL6A1/SOD2/PGAM2/TALDO1/NDUFS8/PLEC/PPIF/OAS1/SLC25A4/BNIP3/CHCHD2/PRELID1/NUPR1/CHCHD4/PPP1CA/CYC1/HK2/SHMT2/GCK/ENO3/MRAP2/COMT/OGDHL/HMGCS2",112
"GO:0072521","purine-containing compound metabolic process","125/2327","498/13061",0.251004016064257,1.40883689463484,4.33118821797762,2.06561950586012e-05,0.000923504054078294,0.000805410412591949,"PDK2/GMPR2/PGAM1/COASY/SDHA/PFKM/PGM1/ATP8/BCKDK/VCP/NAXD/ATP5F1B/PDK3/PFKL/DHTKD1/SULT1C4/PGD/AMPD2/ALDOA/PPT1/PRPSAP1/MLST8/FITM2/ACSF2/HTD2/PARP10/GPAT4/NDUFS2/GALK1/IMPDH2/TMSB4X/HSPA1B/ENO1/TKT/UCP2/AK2/ATP6V1B2/IDH2/SULT1A1/LIPA/DCAKD/HSPA1A/ATIC/ABHD14B/NADSYN1/DGAT2/LDHB/GPI/ACAT1/NDUFV1/MMUT/NAPRT/MDH2/TPI1/SDHD/STOML2/AK4/SHPK/PC/LDHA/TSPO/NUDT17/ATP5F1A/BLOC1S6/PPP2CA/TPST2/ENPP4/ATP6V1B1/IDH1/TECR/CTNS/ARL2/PDHB/NDUFS7/NMNAT3/SNCA/SDHC/PRPS2/NME4/GPD1/MYH7/DLD/QPRT/PAPSS2/SHMT1/DCXR/EIF6/ACSS2/DDIT4/MDH1/COL6A1/NUDT11/PMVK/HSPA8/MPP1/NMNAT1/NQO1/GUCY1B1/PGAM2/TALDO1/NDUFS8/ATP1A2/NUDT7/NUPR1/MVD/NUDT10/ACSS1/HK2/ACOT1/APRT/SULT1B1/GMPR/GUCY1A1/GUCA1A/ACOT11/NNMT/GCK/NMRK2/ENO3/FMO2/MYH8/OGDHL/FMO1/HMGCS2/MYH3",125
"GO:0006090","pyruvate metabolic process","36/2327","105/13061",0.342857142857143,1.92439069310578,4.42796040550692,3.66231716411729e-05,0.00157186652683914,0.00137086314058959,"PDK2/PGAM1/PFKM/PGM1/BCKDK/PDK3/PFKL/DHTKD1/ALDOA/MLST8/GALK1/ENO1/UCP2/LIPA/LDHB/GPI/TPI1/PC/LDHA/PPP2CA/ARL2/PDHB/GPD1/SRR/DLD/EIF6/DDIT4/COL6A1/PGAM2/HOGA1/NUPR1/HK2/FAHD1/GCK/ENO3/OGDHL",36
"GO:0051701","biological process involved in interaction with host","46/2327","147/13061",0.312925170068027,1.75638833100924,4.29400040668557,4.69778912159327e-05,0.00193874143364215,0.00169082369599045,"TRIM68/CD74/VPS18/PPIA/CTSB/BSG/IFIT1/CLDN1/RAB7A/CTSL/TRIM21/CHMP1B/CXADR/P4HB/CHMP1A/TFRC/HSPA1B/HSP90AB1/RPSA/HSPA1A/CHMP7/BECN1/HYAL2/VAPA/SLC1A5/ITGA5/PC/FUCA2/SLC52A2/PHB1/CD55/SCARB2/GSN/AXL/IFITM3/CHMP6/TRIM22/SLC3A2/IFITM1/EGFR/IFITM2/LY6E/TNFRSF14/F11R/ICAM1/TRIM11",46
"GO:0019058","viral life cycle","70/2327","253/13061",0.276679841897233,1.55295032875796,4.13518273936217,6.10851681114645e-05,0.00242756982902227,0.00211714286359033,"TRIM68/CD74/VPS18/PPIA/VCP/EEF1A1/IFIT5/CTSB/STOM/BSG/RNASEL/SHFL/IFIT1/CLDN1/RAB7A/CTSL/TRIM21/CHMP1B/CXADR/P4HB/CHMP1A/TFRC/HSPA1B/HSP90AB1/DDX3X/HACD3/RPSA/INPP5K/HSPA1A/CHMP7/HYAL2/VAPA/ZC3HAV1/SLC1A5/ITGA5/DDX56/PC/PPIE/BST2/DDX5/APOBEC3C/SLC52A2/PHB1/CD55/ZNFX1/SCARB2/KPNA2/GSN/AXL/IFITM3/PPIB/HSPA8/CHMP6/TARBP2/TRIM22/BANF1/APOBEC3F/ZFYVE1/OAS1/SLC3A2/IFITM1/EGFR/IFITM2/LY6E/TNFRSF14/APOBEC3B/F11R/ICAM1/TRIM11/ZC3H12A",70
"GO:0016032","viral process","93/2327","360/13061",0.258333333333333,1.44997493195817,4.03097028763588,7.5622784506672e-05,0.00289797313484497,0.00252739306114404,"ZDHHC9/TRIM68/CD74/VPS18/PPIA/VCP/EEF1A1/IFIT5/CTSB/STOM/HDAC1/BSG/RNASEL/SHFL/IFIT1/CLDN1/RAB7A/CTSL/MOGS/TRIM21/CHMP1B/CXADR/USF1/PARP10/P4HB/TRIM27/CHMP1A/TFRC/HSPA1B/TARDBP/CREB3/EIF2D/MGAT1/HSP90AB1/DDX3X/HACD3/RPSA/INPP5K/HSPA1A/CHMP7/OAZ2/BECN1/HYAL2/VAPA/ZC3HAV1/MAN1B1/SLC1A5/ITGA5/DDX56/PC/CANX/PPIE/BST2/EIF3F/DDX5/APOBEC3C/SLC52A2/PHB1/CD55/ZNFX1/MGAT2/SCARB2/ST6GALNAC4/MON1B/KPNA2/PSMC3/ST3GAL4/GSN/PTBP1/AXL/IFITM3/PPIB/EDEM2/HSPA8/CHMP6/TARBP2/TRIM22/BANF1/APOBEC3F/ZFYVE1/OAS1/SLC3A2/IFITM1/EGFR/IFITM2/LY6E/TNFRSF14/APOBEC3B/F11R/ICAM1/TRIM11/ZC3H12A/ST6GAL1",93
"GO:0007040","lysosome organization","36/2327","109/13061",0.330275229357798,1.85377085115694,4.16749549543443,8.91737916325917e-05,0.00314437285005294,0.00274228426320406,"ATP6AP1/ATP6AP2/HPS1/HEXB/VPS18/GAA/LAMP2/TPP1/GRN/RAB7A/MBTPS1/PPT1/CHMP1B/RAB34/CHMP1A/VPS35/SPNS1/LIPA/CHMP7/CCDC115/BECN1/PI4KB/ACP2/GBA1/SRPX/SNAPIN/MYO7A/SCARB2/ATP6V1F/HSPA8/CHMP6/CLN3/ATP6V0B/AP5Z1/OCA2/RAB20",36
"GO:0080171","lytic vacuole organization","36/2327","109/13061",0.330275229357798,1.85377085115694,4.16749549543443,8.91737916325917e-05,0.00314437285005294,0.00274228426320406,"ATP6AP1/ATP6AP2/HPS1/HEXB/VPS18/GAA/LAMP2/TPP1/GRN/RAB7A/MBTPS1/PPT1/CHMP1B/RAB34/CHMP1A/VPS35/SPNS1/LIPA/CHMP7/CCDC115/BECN1/PI4KB/ACP2/GBA1/SRPX/SNAPIN/MYO7A/SCARB2/ATP6V1F/HSPA8/CHMP6/CLN3/ATP6V0B/AP5Z1/OCA2/RAB20",36
"GO:0009117","nucleotide metabolic process","110/2327","442/13061",0.248868778280543,1.39685221878907,3.95199568665392,9.27315221484446e-05,0.00314437285005294,0.00274228426320406,"GMPR2/PGAM1/SDHA/PFKM/PGM1/ATP8/VCP/NAXD/ATP5F1B/PFKL/DHTKD1/SULT1C4/PGD/AMPD2/UCK1/ALDOA/PRPSAP1/MLST8/PARP10/NDUFS2/GALK1/IMPDH2/TMSB4X/HSPA1B/ENO1/TKT/CNP/UCP2/AK2/ATP6V1B2/IDH2/SULT1A1/LIPA/HSPA1A/DCTD/ATIC/ABHD14B/NADSYN1/LDHB/GPI/NDUFV1/NEIL2/NAPRT/MDH2/TPI1/SDHD/STOML2/AK4/SHPK/PC/LDHA/TSPO/NUDT17/ATP5F1A/BLOC1S6/PPP2CA/TPST2/ATP6V1B1/IDH1/CTNS/UCK2/ARL2/FCSK/NDUFS7/NMNAT3/SDHC/PRPS2/NME4/GPD1/MYH7/UNG/QPRT/PAPSS2/SMUG1/SHMT1/DCXR/EIF6/DDIT4/MDH1/NTHL1/FLAD1/COL6A1/NUDT11/HSPA8/MPP1/NMNAT1/NQO1/GUCY1B1/PGAM2/TALDO1/NDUFS8/CAD/ATP1A2/NUPR1/NUDT10/HK2/APRT/SULT1B1/GMPR/GUCY1A1/GUCA1A/NNMT/GCK/NMRK2/ENO3/FMO2/MYH8/OGDHL/FMO1/MYH3",110
"GO:0006163","purine nucleotide metabolic process","98/2327","386/13061",0.253886010362694,1.42501297006753,3.94648845380875,9.99626251912721e-05,0.00314437285005294,0.00274228426320406,"GMPR2/PGAM1/SDHA/PFKM/PGM1/ATP8/VCP/NAXD/ATP5F1B/PFKL/DHTKD1/SULT1C4/PGD/AMPD2/ALDOA/PRPSAP1/MLST8/PARP10/NDUFS2/GALK1/IMPDH2/TMSB4X/HSPA1B/ENO1/TKT/UCP2/AK2/ATP6V1B2/IDH2/SULT1A1/LIPA/HSPA1A/ATIC/ABHD14B/NADSYN1/LDHB/GPI/NDUFV1/NAPRT/MDH2/TPI1/SDHD/STOML2/AK4/SHPK/PC/LDHA/TSPO/NUDT17/ATP5F1A/BLOC1S6/PPP2CA/TPST2/ATP6V1B1/IDH1/CTNS/ARL2/NDUFS7/NMNAT3/SDHC/PRPS2/NME4/GPD1/MYH7/QPRT/PAPSS2/DCXR/EIF6/DDIT4/MDH1/COL6A1/NUDT11/HSPA8/MPP1/NMNAT1/NQO1/GUCY1B1/PGAM2/TALDO1/NDUFS8/ATP1A2/NUPR1/NUDT10/HK2/APRT/SULT1B1/GMPR/GUCY1A1/GUCA1A/NNMT/GCK/NMRK2/ENO3/FMO2/MYH8/OGDHL/FMO1/MYH3",98
"GO:0007033","vacuole organization","64/2327","230/13061",0.278260869565217,1.56182433063657,4.00242491353782,0.000103457199290367,0.00314437285005294,0.00274228426320406,"ATP6AP1/STBD1/ATP6AP2/HPS1/HEXB/VPS18/GAA/LAMP2/TPP1/UBQLN2/PIP4K2C/ATG13/GRN/TOM1/RAB7A/MBTPS1/PPT1/CHMP1B/ATG9A/SEC22B/RAB34/VPS11/NDP/CHMP1A/VPS35/ATG4B/VPS16/ULK3/SPNS1/LIPA/WDR45/CHMP7/CCDC115/BECN1/PI4KB/TBC1D14/ARFIP2/ACP2/GBA1/GABARAP/RNF5/SRPX/CTSD/MAP1LC3B/SNAPIN/WDR45B/MYO7A/MOAP1/SCARB2/ATP6V1F/HSPA8/CHMP6/CLN3/NSFL1C/EHMT2/MAP1LC3B2/ATP6V0B/AP5Z1/NUPR1/ATG101/OCA2/STING1/ANXA2/RAB20",64
"GO:0016054","organic acid catabolic process","57/2327","199/13061",0.28643216080402,1.60768820466751,4.02200009869202,0.000103933386297909,0.00314437285005294,0.00274228426320406,"CRAT/HEXB/ALDH6A1/GLUL/BCKDK/PLA2G15/GOT2/BCKDHA/LDHD/OAT/IVD/ILVBL/PGD/HADHA/CRYL1/ABCD4/CDO1/CPT2/GCAT/ACAD8/ACADVL/AKR1A1/ECI2/AMDHD2/SARDH/HIBADH/DECR2/HMGCL/GCSH/ACAT1/HADHB/ALDH4A1/BDH2/ACAA2/ECH1/HADH/MPST/PPM1K/IDS/DLD/QPRT/NAGK/PLIN5/SHMT1/DCXR/GOT1/ACAA1/ACOX2/ECHS1/NUDT7/HOGA1/HSD17B10/TYSND1/PEX5/SESN2/MFSD2A/FMO1",57
"GO:0046395","carboxylic acid catabolic process","57/2327","199/13061",0.28643216080402,1.60768820466751,4.02200009869202,0.000103933386297909,0.00314437285005294,0.00274228426320406,"CRAT/HEXB/ALDH6A1/GLUL/BCKDK/PLA2G15/GOT2/BCKDHA/LDHD/OAT/IVD/ILVBL/PGD/HADHA/CRYL1/ABCD4/CDO1/CPT2/GCAT/ACAD8/ACADVL/AKR1A1/ECI2/AMDHD2/SARDH/HIBADH/DECR2/HMGCL/GCSH/ACAT1/HADHB/ALDH4A1/BDH2/ACAA2/ECH1/HADH/MPST/PPM1K/IDS/DLD/QPRT/NAGK/PLIN5/SHMT1/DCXR/GOT1/ACAA1/ACOX2/ECHS1/NUDT7/HOGA1/HSD17B10/TYSND1/PEX5/SESN2/MFSD2A/FMO1",57
"GO:0006575","cellular modified amino acid metabolic process","44/2327","143/13061",0.307692307692308,1.72701728868467,4.07009083610832,0.000105496200001776,0.00314437285005294,0.00274228426320406,"CRAT/SERINC1/PLA2G15/GOT2/CTSB/PCYOX1/ALDH9A1/PTDSS1/ASS1/GSTM3/P4HB/CPT2/NDP/PLOD3/GSTM2/SLC46A1/ATIC/GGT5/SARDH/EGLN2/GSTM4/ALDH4A1/ABHD16A/GLO1/FOLR1/IDH1/CTNS/MBOAT1/SHMT1/CKM/SOD2/GSS/GATM/GAMT/HOGA1/GGH/SLC16A10/GGT1/CTSK/SULT1B1/SHMT2/DUOX2/PTDSS2/MFSD2A",44
"GO:1902652","secondary alcohol metabolic process","38/2327","119/13061",0.319327731092437,1.79232466514754,4.04263883214827,0.000129265286894169,0.00374869331993089,0.00326932688617115,"CES1/ACO2/SNX17/DHCR24/MBTPS1/SCAP/LDLRAP1/HDLBP/APOL2/ACADVL/EPHX2/IDH2/DHCR7/TM7SF2/IDH3G/LIPA/TSKU/GNAI1/STARD3/CYB5R3/LSS/GBA1/IDH3A/ACAA2/IDH1/IDH3B/PLPP6/PMVK/NPC2/HSD17B7/GBA2/MVD/FDFT1/CYP27A1/EBP/INSIG1/NSDHL/HMGCS2",38
"GO:0009100","glycoprotein metabolic process","85/2327","331/13061",0.256797583081571,1.44135506344151,3.78683945251933,0.000187731279321168,0.00530093849241087,0.00462307776500051,"NCSTN/SGSH/GLB1/STT3A/POMGNT1/HEXB/RPN1/B4GAT1/TM9SF2/DPAGT1/POMT1/B4GALT3/GFPT2/GUSB/DDOST/CTSL/MOGS/GORASP1/POFUT1/RFT1/B4GALT4/GALNT4/PLOD3/SLC35B2/ALG12/MGAT1/ITM2B/ITM2A/SLC35C2/B3GNT9/DOLK/RNF185/ALG3/MAN1B1/SLC2A10/ST6GALNAC6/RNF5/GMPPB/SLC35C1/MAGT1/POMGNT2/PMM1/PXYLP1/C1GALT1C1/DPM2/NDST2/B3GNT2/IDS/MGAT2/ST6GALNAC4/MAN2B1/ALG1/AGA/ST3GAL4/HS6ST2/GMPPA/FBXO6/EDEM2/XYLT2/TMEM59/CHST15/DSEL/NUDT14/DOLPP1/CHPF/CST3/IL33/SERP1/CHP1/GANAB/MANBA/ALG2/FBXO2/NCCRP1/B3GALNT1/CHST7/GALNT14/COL2A1/RAMP1/EXTL1/GALNT15/ST6GAL1/GALNT3/LARGE2/CHPF2",85
"GO:1901605","alpha-amino acid metabolic process","49/2327","169/13061",0.289940828402367,1.62738167587594,3.82211736309956,0.000224224546062855,0.00616904969039599,0.00538017871659591,"ALDH6A1/GLUL/GOT2/SMS/GFPT2/OAT/IVD/ILVBL/ASS1/ALDH18A1/CDO1/PSAT1/P4HB/NDP/PLOD3/GCAT/DGLUCY/ACAD8/UCP2/SARDH/EGLN2/PHGDH/HIBADH/HMGCL/GCSH/ACAT1/ALDH4A1/MMUT/BLOC1S6/PYCR3/MPST/SERINC3/ADI1/SRR/SHMT1/PSPH/GOT1/CLN3/DCT/CAD/TYR/HOGA1/PYCR1/ASL/HSD17B10/GGT1/SHMT2/OCA2/NAGS",49
"GO:0044403","biological process involved in symbiotic interaction","60/2327","221/13061",0.271493212669683,1.52383878413353,3.65679200965513,0.000343773949965717,0.00922173620783036,0.00804250109261901,"ZDHHC9/TRIM68/CD74/VPS18/PPIA/EEF1A1/CTSB/STOM/HDAC1/BSG/IFIT1/CLDN1/RAB7A/CTSL/TRIM21/CHMP1B/CXADR/MYD88/P4HB/CHMP1A/TFRC/HSPA1B/TARDBP/HSP90AB1/RPSA/INPP5K/HSPA1A/CHMP7/BECN1/HYAL2/VAPA/SLC1A5/ITGA5/DDX56/PC/FUCA2/SLC52A2/PHB1/CD55/SCARB2/RAB29/PSMC3/GSN/AXL/IFITM3/PPIB/HSPA8/CHMP6/TRIM22/ZFYVE1/SLC3A2/IFITM1/EGFR/IFITM2/LY6E/TNFRSF14/F11R/ICAM1/TRIM11/ZC3H12A",60
