gene_id	iso_ref	gene_ref	isoform_id	condition_1	condition_2	gene_name	gene_biotype	iso_biotype	gene_overall_mean	gene_value_1	gene_value_2	gene_stderr_1	gene_stderr_2	gene_log2_fold_change	gene_q_value	iso_overall_mean	iso_value_1	iso_value_2	iso_stderr_1	iso_stderr_2	iso_log2_fold_change	iso_q_value	IF_overall	IF1	IF2	dIF	isoform_switch_q_value	gene_switch_q_value	ensembl_gene_name
ENSG00000003249	isoComp_00000366	geneComp_00000110	ENST00000568662.2	RO_D100	RO_D200	DBNDD1	NA	NA	7.860211428571429	7.51952	5.53276	2.487627215721841	1.7223999999999997	-0.44195335666729774	NA	1.6908999999999998	3.9454333333333333	0	1.1967087261921525	0	-8.627691946066976	NA	0.2292857142857143	0.535	0	-0.535	3.0702474958064447e-6	3.0702474958064447e-6	DBNDD1
ENSG00000003249	isoComp_00000366	geneComp_00000110	ENST00000568662.2	RO_D100	RO_D200	DBNDD1	NA	NA	7.860211428571429	7.51952	5.53276	2.487627215721841	1.7223999999999997	-0.44195335666729774	NA	1.6908999999999998	3.9454333333333333	0	1.1967087261921525	0	-8.627691946066976	NA	0.2292857142857143	0.535	0	-0.535	3.0702474958064447e-6	3.0702474958064447e-6	DBNDD1
ENSG00000003249	isoComp_00000366	geneComp_00000110	ENST00000568662.2	RO_D100	RO_D200	DBNDD1	NA	NA	7.860211428571429	7.51952	5.53276	2.487627215721841	1.7223999999999997	-0.44195335666729774	NA	1.6908999999999998	3.9454333333333333	0	1.1967087261921525	0	-8.627691946066976	NA	0.2292857142857143	0.535	0	-0.535	3.0702474958064447e-6	3.0702474958064447e-6	DBNDD1
ENSG00000029153	isoComp_00003942	geneComp_00000536	ENST00000266503.10	RO_D100	RO_D200	BMAL2	NA	NA	2.884642857142857	2.2897266666666667	2.435175	0.2951801055476319	0.18643499999999988	0.08847532159733466	NA	1.5698642857142857	0.9090033333333333	2.22235	0.18090832064274373	0.1926700000000001	1.280421239031256	NA	0.5481428571428572	0.3900666666666667	0.9118999999999999	0.5218333333333333	2.1843662255894727e-6	2.1843662255894727e-6	BMAL2
ENSG00000029153	isoComp_00003942	geneComp_00000536	ENST00000266503.10	RO_D100	RO_D200	BMAL2	NA	NA	2.884642857142857	2.2897266666666667	2.435175	0.2951801055476319	0.18643499999999988	0.08847532159733466	NA	1.5698642857142857	0.9090033333333333	2.22235	0.18090832064274373	0.1926700000000001	1.280421239031256	NA	0.5481428571428572	0.3900666666666667	0.9118999999999999	0.5218333333333333	2.1843662255894727e-6	2.1843662255894727e-6	BMAL2
ENSG00000029153	isoComp_00003942	geneComp_00000536	ENST00000266503.10	RO_D100	RO_D200	BMAL2	NA	NA	2.884642857142857	2.2897266666666667	2.435175	0.2951801055476319	0.18643499999999988	0.08847532159733466	NA	1.5698642857142857	0.9090033333333333	2.22235	0.18090832064274373	0.1926700000000001	1.280421239031256	NA	0.5481428571428572	0.3900666666666667	0.9118999999999999	0.5218333333333333	2.1843662255894727e-6	2.1843662255894727e-6	BMAL2
ENSG00000047648	isoComp_00005167	geneComp_00000691	ENST00000380736.5	RO_D100	RO_D200	ARHGAP6	NA	NA	3.8874099999999996	3.945203333333333	5.3715649999999995	0.3606359679941964	0.25027500000000114	0.4442739162613237	NA	2.0808542857142855	3.5024466666666667	0.779175	0.5880326924112675	0.10660499999999999	-2.1540591602132277	NA	0.5742	0.8770666666666667	0.14629999999999999	-0.7307666666666667	0.008282757622259577	0.008282757622259577	ARHGAP6
ENSG00000047648	isoComp_00005167	geneComp_00000691	ENST00000380736.5	RO_D100	RO_D200	ARHGAP6	NA	NA	3.8874099999999996	3.945203333333333	5.3715649999999995	0.3606359679941964	0.25027500000000114	0.4442739162613237	NA	2.0808542857142855	3.5024466666666667	0.779175	0.5880326924112675	0.10660499999999999	-2.1540591602132277	NA	0.5742	0.8770666666666667	0.14629999999999999	-0.7307666666666667	0.008282757622259577	0.008282757622259577	ARHGAP6
ENSG00000047648	isoComp_00005167	geneComp_00000691	ENST00000380736.5	RO_D100	RO_D200	ARHGAP6	NA	NA	3.8874099999999996	3.945203333333333	5.3715649999999995	0.3606359679941964	0.25027500000000114	0.4442739162613237	NA	2.0808542857142855	3.5024466666666667	0.779175	0.5880326924112675	0.10660499999999999	-2.1540591602132277	NA	0.5742	0.8770666666666667	0.14629999999999999	-0.7307666666666667	0.008282757622259577	0.008282757622259577	ARHGAP6
ENSG00000055955	isoComp_00006286	geneComp_00000816	ENST00000266041.9	RO_D100	RO_D200	ITIH4	NA	NA	2.396997142857143	1.8877133333333331	3.6442550000000002	0.8500146781543115	0.2910250000000001	0.9453152343844731	NA	1.0349885714285714	0.12360333333333333	2.318455	0.080216101113042	0.19393499999999997	4.12334509286982	NA	0.41674285714285714	0.11006666666666666	0.636	0.5259333333333334	0.0010285490064319185	0.0010285490064319185	ITIH4
ENSG00000055955	isoComp_00006286	geneComp_00000816	ENST00000266041.9	RO_D100	RO_D200	ITIH4	NA	NA	2.396997142857143	1.8877133333333331	3.6442550000000002	0.8500146781543115	0.2910250000000001	0.9453152343844731	NA	1.0349885714285714	0.12360333333333333	2.318455	0.080216101113042	0.19393499999999997	4.12334509286982	NA	0.41674285714285714	0.11006666666666666	0.636	0.5259333333333334	0.0010285490064319185	0.0010285490064319185	ITIH4
ENSG00000055955	isoComp_00006286	geneComp_00000816	ENST00000266041.9	RO_D100	RO_D200	ITIH4	NA	NA	2.396997142857143	1.8877133333333331	3.6442550000000002	0.8500146781543115	0.2910250000000001	0.9453152343844731	NA	1.0349885714285714	0.12360333333333333	2.318455	0.080216101113042	0.19393499999999997	4.12334509286982	NA	0.41674285714285714	0.11006666666666666	0.636	0.5259333333333334	0.0010285490064319185	0.0010285490064319185	ITIH4
ENSG00000075618	isoComp_00010922	geneComp_00001362	ENST00000473330.1	RO_D100	RO_D200	FSCN1	NA	NA	101.71933714285714	109.83623	56.19091	1.3204066642642092	17.27528	-0.9668199605664201	NA	49.27270571428571	80.50256	3.931765	2.987214637417269	2.329875	-4.352300188420284	NA	0.43214285714285716	0.7325333333333334	0.0632	-0.6693333333333333	1.0150433467615245e-22	1.0150433467615245e-22	FSCN1
ENSG00000075618	isoComp_00010922	geneComp_00001362	ENST00000473330.1	RO_D100	RO_D200	FSCN1	NA	NA	101.71933714285714	109.83623	56.19091	1.3204066642642092	17.27528	-0.9668199605664201	NA	49.27270571428571	80.50256	3.931765	2.987214637417269	2.329875	-4.352300188420284	NA	0.43214285714285716	0.7325333333333334	0.0632	-0.6693333333333333	1.0150433467615245e-22	1.0150433467615245e-22	FSCN1
ENSG00000075618	isoComp_00010922	geneComp_00001362	ENST00000473330.1	RO_D100	RO_D200	FSCN1	NA	NA	101.71933714285714	109.83623	56.19091	1.3204066642642092	17.27528	-0.9668199605664201	NA	49.27270571428571	80.50256	3.931765	2.987214637417269	2.329875	-4.352300188420284	NA	0.43214285714285716	0.7325333333333334	0.0632	-0.6693333333333333	1.0150433467615245e-22	1.0150433467615245e-22	FSCN1
ENSG00000075618	isoComp_00010919	geneComp_00001362	ENST00000382361.8	RO_D100	RO_D200	FSCN1	NA	NA	101.71933714285714	109.83623	56.19091	1.3204066642642092	17.27528	-0.9668199605664201	NA	52.40374428571429	29.33367	52.228660000000005	1.7221040897789341	14.914919999999997	0.8320685705318271	NA	0.5674857142857143	0.26746666666666663	0.93635	0.6688833333333334	1.0150433467615245e-22	1.0150433467615245e-22	FSCN1
ENSG00000075618	isoComp_00010919	geneComp_00001362	ENST00000382361.8	RO_D100	RO_D200	FSCN1	NA	NA	101.71933714285714	109.83623	56.19091	1.3204066642642092	17.27528	-0.9668199605664201	NA	52.40374428571429	29.33367	52.228660000000005	1.7221040897789341	14.914919999999997	0.8320685705318271	NA	0.5674857142857143	0.26746666666666663	0.93635	0.6688833333333334	1.0150433467615245e-22	1.0150433467615245e-22	FSCN1
ENSG00000075618	isoComp_00010919	geneComp_00001362	ENST00000382361.8	RO_D100	RO_D200	FSCN1	NA	NA	101.71933714285714	109.83623	56.19091	1.3204066642642092	17.27528	-0.9668199605664201	NA	52.40374428571429	29.33367	52.228660000000005	1.7221040897789341	14.914919999999997	0.8320685705318271	NA	0.5674857142857143	0.26746666666666663	0.93635	0.6688833333333334	1.0150433467615245e-22	1.0150433467615245e-22	FSCN1
ENSG00000078369	isoComp_00011915	geneComp_00001466	BambuTx5	RO_D100	RO_D200	GNB1	NA	NA	273.4480071428572	206.70932333333334	429.5802050000001	4.695009152757615	64.01734499999998	1.0552878464057596	NA	71.41370571428571	6.8500700000000005	239.672865	2.4505526636454893	59.203035	5.126759666045615	NA	0.17101428571428573	0.032633333333333334	0.5496000000000001	0.5169666666666668	1.179817356724078e-10	6.041579089268856e-86	GNB1
ENSG00000078369	isoComp_00011915	geneComp_00001466	BambuTx5	RO_D100	RO_D200	GNB1	NA	NA	273.4480071428572	206.70932333333334	429.5802050000001	4.695009152757615	64.01734499999998	1.0552878464057596	NA	71.41370571428571	6.8500700000000005	239.672865	2.4505526636454893	59.203035	5.126759666045615	NA	0.17101428571428573	0.032633333333333334	0.5496000000000001	0.5169666666666668	1.179817356724078e-10	6.041579089268856e-86	GNB1
ENSG00000078369	isoComp_00011915	geneComp_00001466	BambuTx5	RO_D100	RO_D200	GNB1	NA	NA	273.4480071428572	206.70932333333334	429.5802050000001	4.695009152757615	64.01734499999998	1.0552878464057596	NA	71.41370571428571	6.8500700000000005	239.672865	2.4505526636454893	59.203035	5.126759666045615	NA	0.17101428571428573	0.032633333333333334	0.5496000000000001	0.5169666666666668	1.179817356724078e-10	6.041579089268856e-86	GNB1
ENSG00000078900	isoComp_00012083	geneComp_00001487	ENST00000378295.9	RO_D100	RO_D200	TP73	NA	NA	1.50684	1.6952466666666668	1.209085	0.5592343834604991	0.47746499999999986	-0.4841817219506134	NA	1.2627	1.6952466666666668	0.41984	0.5592343834604991	0.09179999999999999	-1.9881087942268292	NA	0.8293571428571429	1	0.4469	-0.5530999999999999	0.02754895577573399	0.02754895577573399	TP73
ENSG00000078900	isoComp_00012083	geneComp_00001487	ENST00000378295.9	RO_D100	RO_D200	TP73	NA	NA	1.50684	1.6952466666666668	1.209085	0.5592343834604991	0.47746499999999986	-0.4841817219506134	NA	1.2627	1.6952466666666668	0.41984	0.5592343834604991	0.09179999999999999	-1.9881087942268292	NA	0.8293571428571429	1	0.4469	-0.5530999999999999	0.02754895577573399	0.02754895577573399	TP73
ENSG00000078900	isoComp_00012083	geneComp_00001487	ENST00000378295.9	RO_D100	RO_D200	TP73	NA	NA	1.50684	1.6952466666666668	1.209085	0.5592343834604991	0.47746499999999986	-0.4841817219506134	NA	1.2627	1.6952466666666668	0.41984	0.5592343834604991	0.09179999999999999	-1.9881087942268292	NA	0.8293571428571429	1	0.4469	-0.5530999999999999	0.02754895577573399	0.02754895577573399	TP73
ENSG00000084453	isoComp_00013639	geneComp_00001667	ENST00000307378.10	RO_D100	RO_D200	SLCO1A2	NA	NA	3.3956157142857144	6.2484166666666665	2.0196300000000003	3.7024449017792436	1.16608	-1.624580962922784	NA	1.8401157142857143	2.77915	1.87412	1.632036866383028	1.08154	-0.5659346709118075	NA	0.6496666666666666	0.4114	0.9281999999999999	0.5167999999999999	1.0847527209424008e-5	1.0847527209424008e-5	SLCO1A2
ENSG00000084453	isoComp_00013639	geneComp_00001667	ENST00000307378.10	RO_D100	RO_D200	SLCO1A2	NA	NA	3.3956157142857144	6.2484166666666665	2.0196300000000003	3.7024449017792436	1.16608	-1.624580962922784	NA	1.8401157142857143	2.77915	1.87412	1.632036866383028	1.08154	-0.5659346709118075	NA	0.6496666666666666	0.4114	0.9281999999999999	0.5167999999999999	1.0847527209424008e-5	1.0847527209424008e-5	SLCO1A2
ENSG00000084453	isoComp_00013639	geneComp_00001667	ENST00000307378.10	RO_D100	RO_D200	SLCO1A2	NA	NA	3.3956157142857144	6.2484166666666665	2.0196300000000003	3.7024449017792436	1.16608	-1.624580962922784	NA	1.8401157142857143	2.77915	1.87412	1.632036866383028	1.08154	-0.5659346709118075	NA	0.6496666666666666	0.4114	0.9281999999999999	0.5167999999999999	1.0847527209424008e-5	1.0847527209424008e-5	SLCO1A2
ENSG00000086717	isoComp_00014186	geneComp_00001742	ENST00000470157.2	RO_D100	RO_D200	PPEF1	NA	NA	1.2675857142857143	1.7899066666666665	1.3600050000000001	0.32612856694527353	0.20161499999999996	-0.3937409397193677	NA	0.9139471428571428	1.5953533333333332	0.451405	0.3996042577489773	0.05784499999999997	-1.798785322104656	NA	0.7242428571428572	0.8679666666666667	0.3329	-0.5350666666666667	0.013033310212476777	4.896843009442446e-4	PPEF1
ENSG00000086717	isoComp_00014186	geneComp_00001742	ENST00000470157.2	RO_D100	RO_D200	PPEF1	NA	NA	1.2675857142857143	1.7899066666666665	1.3600050000000001	0.32612856694527353	0.20161499999999996	-0.3937409397193677	NA	0.9139471428571428	1.5953533333333332	0.451405	0.3996042577489773	0.05784499999999997	-1.798785322104656	NA	0.7242428571428572	0.8679666666666667	0.3329	-0.5350666666666667	0.013033310212476777	4.896843009442446e-4	PPEF1
ENSG00000086717	isoComp_00014186	geneComp_00001742	ENST00000470157.2	RO_D100	RO_D200	PPEF1	NA	NA	1.2675857142857143	1.7899066666666665	1.3600050000000001	0.32612856694527353	0.20161499999999996	-0.3937409397193677	NA	0.9139471428571428	1.5953533333333332	0.451405	0.3996042577489773	0.05784499999999997	-1.798785322104656	NA	0.7242428571428572	0.8679666666666667	0.3329	-0.5350666666666667	0.013033310212476777	4.896843009442446e-4	PPEF1
ENSG00000099364	isoComp_00017340	geneComp_00002120	ENST00000562319.7	RO_D100	RO_D200	FBXL19	NA	NA	22.359481428571428	19.470993333333332	21.27172	1.8119405676450253	3.968949999999999	0.1275475128069254	NA	4.98722	0.4477933333333333	16.689284999999998	0.4477933333333333	2.882924999999999	5.18894606943211	NA	0.23588571428571428	0.0237	0.7866500000000001	0.76295	0.008073218622348066	0.008073218622348066	FBXL19
ENSG00000099364	isoComp_00017340	geneComp_00002120	ENST00000562319.7	RO_D100	RO_D200	FBXL19	NA	NA	22.359481428571428	19.470993333333332	21.27172	1.8119405676450253	3.968949999999999	0.1275475128069254	NA	4.98722	0.4477933333333333	16.689284999999998	0.4477933333333333	2.882924999999999	5.18894606943211	NA	0.23588571428571428	0.0237	0.7866500000000001	0.76295	0.008073218622348066	0.008073218622348066	FBXL19
ENSG00000099364	isoComp_00017340	geneComp_00002120	ENST00000562319.7	RO_D100	RO_D200	FBXL19	NA	NA	22.359481428571428	19.470993333333332	21.27172	1.8119405676450253	3.968949999999999	0.1275475128069254	NA	4.98722	0.4477933333333333	16.689284999999998	0.4477933333333333	2.882924999999999	5.18894606943211	NA	0.23588571428571428	0.0237	0.7866500000000001	0.76295	0.008073218622348066	0.008073218622348066	FBXL19
ENSG00000099364	isoComp_00017338	geneComp_00002120	ENST00000338343.10	RO_D100	RO_D200	FBXL19	NA	NA	22.359481428571428	19.470993333333332	21.27172	1.8119405676450253	3.968949999999999	0.1275475128069254	NA	16.53452	18.37952	3.57526	2.2603402486425206	0.7897700000000001	-2.358734172421842	NA	0.7263857142857143	0.9422333333333334	0.16695	-0.7752833333333333	0.045414857674450915	0.008073218622348066	FBXL19
ENSG00000099364	isoComp_00017338	geneComp_00002120	ENST00000338343.10	RO_D100	RO_D200	FBXL19	NA	NA	22.359481428571428	19.470993333333332	21.27172	1.8119405676450253	3.968949999999999	0.1275475128069254	NA	16.53452	18.37952	3.57526	2.2603402486425206	0.7897700000000001	-2.358734172421842	NA	0.7263857142857143	0.9422333333333334	0.16695	-0.7752833333333333	0.045414857674450915	0.008073218622348066	FBXL19
ENSG00000099364	isoComp_00017338	geneComp_00002120	ENST00000338343.10	RO_D100	RO_D200	FBXL19	NA	NA	22.359481428571428	19.470993333333332	21.27172	1.8119405676450253	3.968949999999999	0.1275475128069254	NA	16.53452	18.37952	3.57526	2.2603402486425206	0.7897700000000001	-2.358734172421842	NA	0.7263857142857143	0.9422333333333334	0.16695	-0.7752833333333333	0.045414857674450915	0.008073218622348066	FBXL19
ENSG00000100767	isoComp_00019345	geneComp_00002389	ENST00000340738.9	RO_D100	RO_D200	PAPLN	NA	NA	2.83255	2.1401399999999997	2.339235	0.16319002737095584	0.46529499999999985	0.12776043736331918	NA	0.7300642857142857	0.26383	1.436205	0.08299509804801727	0.084395	2.400919651503697	NA	0.2722857142857143	0.13016666666666665	0.6318	0.5016333333333334	0.010827204337544428	1.414552136889342e-4	PAPLN
ENSG00000100767	isoComp_00019345	geneComp_00002389	ENST00000340738.9	RO_D100	RO_D200	PAPLN	NA	NA	2.83255	2.1401399999999997	2.339235	0.16319002737095584	0.46529499999999985	0.12776043736331918	NA	0.7300642857142857	0.26383	1.436205	0.08299509804801727	0.084395	2.400919651503697	NA	0.2722857142857143	0.13016666666666665	0.6318	0.5016333333333334	0.010827204337544428	1.414552136889342e-4	PAPLN
ENSG00000100767	isoComp_00019345	geneComp_00002389	ENST00000340738.9	RO_D100	RO_D200	PAPLN	NA	NA	2.83255	2.1401399999999997	2.339235	0.16319002737095584	0.46529499999999985	0.12776043736331918	NA	0.7300642857142857	0.26383	1.436205	0.08299509804801727	0.084395	2.400919651503697	NA	0.2722857142857143	0.13016666666666665	0.6318	0.5016333333333334	0.010827204337544428	1.414552136889342e-4	PAPLN
ENSG00000100767	isoComp_00019351	geneComp_00002389	ENST00000555700.1	RO_D100	RO_D200	PAPLN	NA	NA	2.83255	2.1401399999999997	2.339235	0.16319002737095584	0.46529499999999985	0.12776043736331918	NA	1.2381285714285715	1.5163533333333334	0.453145	0.1352916262909292	0.11630500000000002	-1.7205531244232786	NA	0.4627857142857143	0.7076	0.19135000000000002	-0.51625	1.414552136889342e-4	1.414552136889342e-4	PAPLN
ENSG00000100767	isoComp_00019351	geneComp_00002389	ENST00000555700.1	RO_D100	RO_D200	PAPLN	NA	NA	2.83255	2.1401399999999997	2.339235	0.16319002737095584	0.46529499999999985	0.12776043736331918	NA	1.2381285714285715	1.5163533333333334	0.453145	0.1352916262909292	0.11630500000000002	-1.7205531244232786	NA	0.4627857142857143	0.7076	0.19135000000000002	-0.51625	1.414552136889342e-4	1.414552136889342e-4	PAPLN
ENSG00000100767	isoComp_00019351	geneComp_00002389	ENST00000555700.1	RO_D100	RO_D200	PAPLN	NA	NA	2.83255	2.1401399999999997	2.339235	0.16319002737095584	0.46529499999999985	0.12776043736331918	NA	1.2381285714285715	1.5163533333333334	0.453145	0.1352916262909292	0.11630500000000002	-1.7205531244232786	NA	0.4627857142857143	0.7076	0.19135000000000002	-0.51625	1.414552136889342e-4	1.414552136889342e-4	PAPLN
ENSG00000106211	isoComp_00025424	geneComp_00003224	ENST00000248553.7	RO_D100	RO_D200	HSPB1	NA	NA	111.16198142857144	137.59585	41.72977	27.970562737711116	1.2525200000000005	-1.721047248341562	NA	50.13179857142857	34.665486666666666	35.412144999999995	6.289648146243512	0.33646500000000046	0.030735446864174048	NA	0.5424	0.2870666666666667	0.8495999999999999	0.5625333333333332	0.0033297792284173212	6.126294463945723e-10	HSPB1
ENSG00000106211	isoComp_00025424	geneComp_00003224	ENST00000248553.7	RO_D100	RO_D200	HSPB1	NA	NA	111.16198142857144	137.59585	41.72977	27.970562737711116	1.2525200000000005	-1.721047248341562	NA	50.13179857142857	34.665486666666666	35.412144999999995	6.289648146243512	0.33646500000000046	0.030735446864174048	NA	0.5424	0.2870666666666667	0.8495999999999999	0.5625333333333332	0.0033297792284173212	6.126294463945723e-10	HSPB1
ENSG00000106211	isoComp_00025424	geneComp_00003224	ENST00000248553.7	RO_D100	RO_D200	HSPB1	NA	NA	111.16198142857144	137.59585	41.72977	27.970562737711116	1.2525200000000005	-1.721047248341562	NA	50.13179857142857	34.665486666666666	35.412144999999995	6.289648146243512	0.33646500000000046	0.030735446864174048	NA	0.5424	0.2870666666666667	0.8495999999999999	0.5625333333333332	0.0033297792284173212	6.126294463945723e-10	HSPB1
ENSG00000108061	isoComp_00027073	geneComp_00003435	ENST00000691151.1	RO_D100	RO_D200	SHOC2	NA	NA	45.917544285714285	34.338033333333335	70.789125	1.9191717803984558	16.16198499999999	1.0435040333179282	NA	15.160177142857142	3.7500633333333333	45.558099999999996	0.38472123736255803	15.539089999999996	3.599195349914928	NA	0.2406	0.11093333333333334	0.6261	0.5151666666666667	7.040112339622882e-9	1.1148757578042653e-13	SHOC2
ENSG00000108061	isoComp_00027073	geneComp_00003435	ENST00000691151.1	RO_D100	RO_D200	SHOC2	NA	NA	45.917544285714285	34.338033333333335	70.789125	1.9191717803984558	16.16198499999999	1.0435040333179282	NA	15.160177142857142	3.7500633333333333	45.558099999999996	0.38472123736255803	15.539089999999996	3.599195349914928	NA	0.2406	0.11093333333333334	0.6261	0.5151666666666667	7.040112339622882e-9	1.1148757578042653e-13	SHOC2
ENSG00000108061	isoComp_00027073	geneComp_00003435	ENST00000691151.1	RO_D100	RO_D200	SHOC2	NA	NA	45.917544285714285	34.338033333333335	70.789125	1.9191717803984558	16.16198499999999	1.0435040333179282	NA	15.160177142857142	3.7500633333333333	45.558099999999996	0.38472123736255803	15.539089999999996	3.599195349914928	NA	0.2406	0.11093333333333334	0.6261	0.5151666666666667	7.040112339622882e-9	1.1148757578042653e-13	SHOC2
ENSG00000112679	isoComp_00031387	geneComp_00004021	ENST00000419235.7	RO_D100	RO_D200	DUSP22	NA	NA	24.57239714285714	26.04287	21.781515	6.44284179271073	7.726905	-0.257675809754461	NA	14.419442857142858	20.674503333333334	6.20493	5.21970815431391	4.2146300000000005	-1.734740269548079	NA	0.5643714285714285	0.7938666666666667	0.24735000000000001	-0.5465166666666668	1.8967767904942595e-4	1.8967767904942595e-4	DUSP22
ENSG00000112679	isoComp_00031387	geneComp_00004021	ENST00000419235.7	RO_D100	RO_D200	DUSP22	NA	NA	24.57239714285714	26.04287	21.781515	6.44284179271073	7.726905	-0.257675809754461	NA	14.419442857142858	20.674503333333334	6.20493	5.21970815431391	4.2146300000000005	-1.734740269548079	NA	0.5643714285714285	0.7938666666666667	0.24735000000000001	-0.5465166666666668	1.8967767904942595e-4	1.8967767904942595e-4	DUSP22
ENSG00000112679	isoComp_00031387	geneComp_00004021	ENST00000419235.7	RO_D100	RO_D200	DUSP22	NA	NA	24.57239714285714	26.04287	21.781515	6.44284179271073	7.726905	-0.257675809754461	NA	14.419442857142858	20.674503333333334	6.20493	5.21970815431391	4.2146300000000005	-1.734740269548079	NA	0.5643714285714285	0.7938666666666667	0.24735000000000001	-0.5465166666666668	1.8967767904942595e-4	1.8967767904942595e-4	DUSP22
ENSG00000113851	isoComp_00032392	geneComp_00004156	ENST00000231948.9	RO_D100	RO_D200	CRBN	NA	NA	30.802815714285714	27.882326666666668	30.44711	2.7554234112947333	2.097100000000001	0.1269107712944747	NA	9.53435	22.246816666666668	0	2.2183553985278777	0	-11.120031547259748	NA	0.34255714285714284	0.7993	0	-0.7993	1.7493837300325122e-32	1.7493837300325122e-32	CRBN
ENSG00000113851	isoComp_00032392	geneComp_00004156	ENST00000231948.9	RO_D100	RO_D200	CRBN	NA	NA	30.802815714285714	27.882326666666668	30.44711	2.7554234112947333	2.097100000000001	0.1269107712944747	NA	9.53435	22.246816666666668	0	2.2183553985278777	0	-11.120031547259748	NA	0.34255714285714284	0.7993	0	-0.7993	1.7493837300325122e-32	1.7493837300325122e-32	CRBN
ENSG00000113851	isoComp_00032392	geneComp_00004156	ENST00000231948.9	RO_D100	RO_D200	CRBN	NA	NA	30.802815714285714	27.882326666666668	30.44711	2.7554234112947333	2.097100000000001	0.1269107712944747	NA	9.53435	22.246816666666668	0	2.2183553985278777	0	-11.120031547259748	NA	0.34255714285714284	0.7993	0	-0.7993	1.7493837300325122e-32	1.7493837300325122e-32	CRBN
ENSG00000113851	isoComp_00032394	geneComp_00004156	ENST00000432408.6	RO_D100	RO_D200	CRBN	NA	NA	30.802815714285714	27.882326666666668	30.44711	2.7554234112947333	2.097100000000001	0.1269107712944747	NA	15.844635714285715	1.23282	24.68112	1.23282	0.45092999999999955	4.312303010894942	NA	0.48875714285714283	0.046066666666666665	0.8155	0.7694333333333333	0.040599165561110734	1.7493837300325122e-32	CRBN
ENSG00000113851	isoComp_00032394	geneComp_00004156	ENST00000432408.6	RO_D100	RO_D200	CRBN	NA	NA	30.802815714285714	27.882326666666668	30.44711	2.7554234112947333	2.097100000000001	0.1269107712944747	NA	15.844635714285715	1.23282	24.68112	1.23282	0.45092999999999955	4.312303010894942	NA	0.48875714285714283	0.046066666666666665	0.8155	0.7694333333333333	0.040599165561110734	1.7493837300325122e-32	CRBN
ENSG00000113851	isoComp_00032394	geneComp_00004156	ENST00000432408.6	RO_D100	RO_D200	CRBN	NA	NA	30.802815714285714	27.882326666666668	30.44711	2.7554234112947333	2.097100000000001	0.1269107712944747	NA	15.844635714285715	1.23282	24.68112	1.23282	0.45092999999999955	4.312303010894942	NA	0.48875714285714283	0.046066666666666665	0.8155	0.7694333333333333	0.040599165561110734	1.7493837300325122e-32	CRBN
ENSG00000114115	isoComp_00032572	geneComp_00004175	ENST00000619087.5	RO_D100	RO_D200	RBP1	NA	NA	550.2559714285715	899.6559533333334	303.78306	101.42722125779692	10.32300999999998	-1.5663005145052156	NA	140.52740857142857	137.14528666666666	285.93911	136.84675295823214	2.9096800000000083	1.0599481831355628	NA	0.3406571428571429	0.1664	0.94205	0.7756500000000001	0.03048371839362183	0.00892648865899751	RBP1
ENSG00000114115	isoComp_00032572	geneComp_00004175	ENST00000619087.5	RO_D100	RO_D200	RBP1	NA	NA	550.2559714285715	899.6559533333334	303.78306	101.42722125779692	10.32300999999998	-1.5663005145052156	NA	140.52740857142857	137.14528666666666	285.93911	136.84675295823214	2.9096800000000083	1.0599481831355628	NA	0.3406571428571429	0.1664	0.94205	0.7756500000000001	0.03048371839362183	0.00892648865899751	RBP1
ENSG00000114115	isoComp_00032572	geneComp_00004175	ENST00000619087.5	RO_D100	RO_D200	RBP1	NA	NA	550.2559714285715	899.6559533333334	303.78306	101.42722125779692	10.32300999999998	-1.5663005145052156	NA	140.52740857142857	137.14528666666666	285.93911	136.84675295823214	2.9096800000000083	1.0599481831355628	NA	0.3406571428571429	0.1664	0.94205	0.7756500000000001	0.03048371839362183	0.00892648865899751	RBP1
ENSG00000118407	isoComp_00036713	geneComp_00004710	ENST00000498523.1	RO_D100	RO_D200	FILIP1	NA	NA	9.598472857142857	9.447333333333333	9.635245000000001	3.043201255752092	0.7339349999999997	0.028384437934264185	NA	4.223717142857143	5.837963333333333	1.16186	1.7366506611322585	0.13662000000000007	-2.31913404175528	NA	0.4592857142857143	0.6255	0.12240000000000001	-0.5030999999999999	1.4506225602933741e-12	1.4506225602933741e-12	FILIP1
ENSG00000118407	isoComp_00036713	geneComp_00004710	ENST00000498523.1	RO_D100	RO_D200	FILIP1	NA	NA	9.598472857142857	9.447333333333333	9.635245000000001	3.043201255752092	0.7339349999999997	0.028384437934264185	NA	4.223717142857143	5.837963333333333	1.16186	1.7366506611322585	0.13662000000000007	-2.31913404175528	NA	0.4592857142857143	0.6255	0.12240000000000001	-0.5030999999999999	1.4506225602933741e-12	1.4506225602933741e-12	FILIP1
ENSG00000118407	isoComp_00036713	geneComp_00004710	ENST00000498523.1	RO_D100	RO_D200	FILIP1	NA	NA	9.598472857142857	9.447333333333333	9.635245000000001	3.043201255752092	0.7339349999999997	0.028384437934264185	NA	4.223717142857143	5.837963333333333	1.16186	1.7366506611322585	0.13662000000000007	-2.31913404175528	NA	0.4592857142857143	0.6255	0.12240000000000001	-0.5030999999999999	1.4506225602933741e-12	1.4506225602933741e-12	FILIP1
ENSG00000118407	isoComp_00036712	geneComp_00004710	ENST00000393004.6	RO_D100	RO_D200	FILIP1	NA	NA	9.598472857142857	9.447333333333333	9.635245000000001	3.043201255752092	0.7339349999999997	0.028384437934264185	NA	4.072418571428571	1.6544133333333333	8.17126	0.6230744433407973	1.1310799999999994	2.297309299745956	NA	0.40184285714285717	0.16723333333333334	0.8440000000000001	0.6767666666666667	2.0873008897681568e-11	1.4506225602933741e-12	FILIP1
ENSG00000118407	isoComp_00036712	geneComp_00004710	ENST00000393004.6	RO_D100	RO_D200	FILIP1	NA	NA	9.598472857142857	9.447333333333333	9.635245000000001	3.043201255752092	0.7339349999999997	0.028384437934264185	NA	4.072418571428571	1.6544133333333333	8.17126	0.6230744433407973	1.1310799999999994	2.297309299745956	NA	0.40184285714285717	0.16723333333333334	0.8440000000000001	0.6767666666666667	2.0873008897681568e-11	1.4506225602933741e-12	FILIP1
ENSG00000118407	isoComp_00036712	geneComp_00004710	ENST00000393004.6	RO_D100	RO_D200	FILIP1	NA	NA	9.598472857142857	9.447333333333333	9.635245000000001	3.043201255752092	0.7339349999999997	0.028384437934264185	NA	4.072418571428571	1.6544133333333333	8.17126	0.6230744433407973	1.1310799999999994	2.297309299745956	NA	0.40184285714285717	0.16723333333333334	0.8440000000000001	0.6767666666666667	2.0873008897681568e-11	1.4506225602933741e-12	FILIP1
ENSG00000119771	isoComp_00037788	geneComp_00004857	ENST00000471654.1	RO_D100	RO_D200	KLHL29	NA	NA	15.666262857142858	13.619656666666668	22.275109999999998	2.9764554712461444	0.10008000000000015	0.7093308612847657	NA	6.729495714285714	9.52346	3.9166600000000003	2.5173521913510637	2.00183	-1.2796972257827486	NA	0.45408571428571426	0.6853	0.17625000000000002	-0.50905	0.0020898741280212085	3.653143873428707e-5	KLHL29
ENSG00000119771	isoComp_00037788	geneComp_00004857	ENST00000471654.1	RO_D100	RO_D200	KLHL29	NA	NA	15.666262857142858	13.619656666666668	22.275109999999998	2.9764554712461444	0.10008000000000015	0.7093308612847657	NA	6.729495714285714	9.52346	3.9166600000000003	2.5173521913510637	2.00183	-1.2796972257827486	NA	0.45408571428571426	0.6853	0.17625000000000002	-0.50905	0.0020898741280212085	3.653143873428707e-5	KLHL29
ENSG00000119771	isoComp_00037788	geneComp_00004857	ENST00000471654.1	RO_D100	RO_D200	KLHL29	NA	NA	15.666262857142858	13.619656666666668	22.275109999999998	2.9764554712461444	0.10008000000000015	0.7093308612847657	NA	6.729495714285714	9.52346	3.9166600000000003	2.5173521913510637	2.00183	-1.2796972257827486	NA	0.45408571428571426	0.6853	0.17625000000000002	-0.50905	0.0020898741280212085	3.653143873428707e-5	KLHL29
ENSG00000122432	isoComp_00039788	geneComp_00005148	ENST00000468437.1	RO_D100	RO_D200	SPATA1	NA	NA	2.44948	1.8964366666666665	3.89691	0.35425652105657995	1.7731000000000003	1.0351494174356368	NA	0.8810342857142857	1.32216	0.39534	0.10180805321780788	0.09049999999999998	-1.7165629123013413	NA	0.46355714285714283	0.7291666666666666	0.1413	-0.5878666666666666	0.01835923360288002	0.01835923360288002	SPATA1
ENSG00000122432	isoComp_00039788	geneComp_00005148	ENST00000468437.1	RO_D100	RO_D200	SPATA1	NA	NA	2.44948	1.8964366666666665	3.89691	0.35425652105657995	1.7731000000000003	1.0351494174356368	NA	0.8810342857142857	1.32216	0.39534	0.10180805321780788	0.09049999999999998	-1.7165629123013413	NA	0.46355714285714283	0.7291666666666666	0.1413	-0.5878666666666666	0.01835923360288002	0.01835923360288002	SPATA1
ENSG00000122432	isoComp_00039788	geneComp_00005148	ENST00000468437.1	RO_D100	RO_D200	SPATA1	NA	NA	2.44948	1.8964366666666665	3.89691	0.35425652105657995	1.7731000000000003	1.0351494174356368	NA	0.8810342857142857	1.32216	0.39534	0.10180805321780788	0.09049999999999998	-1.7165629123013413	NA	0.46355714285714283	0.7291666666666666	0.1413	-0.5878666666666666	0.01835923360288002	0.01835923360288002	SPATA1
ENSG00000129946	isoComp_00045675	geneComp_00006027	ENST00000264554.11	RO_D100	RO_D200	SHC2	NA	NA	30.65258	34.40644666666667	26.544015	2.33855583127945	0.8156050000000031	-0.3741681389096545	NA	15.261251428571429	10.0345	22.25467	0.49798865191220354	2.3876899999999988	1.1483504780789464	NA	0.5252428571428571	0.29433333333333334	0.84195	0.5476166666666666	0.018396273121438517	0.018396273121438517	SHC2
ENSG00000129946	isoComp_00045675	geneComp_00006027	ENST00000264554.11	RO_D100	RO_D200	SHC2	NA	NA	30.65258	34.40644666666667	26.544015	2.33855583127945	0.8156050000000031	-0.3741681389096545	NA	15.261251428571429	10.0345	22.25467	0.49798865191220354	2.3876899999999988	1.1483504780789464	NA	0.5252428571428571	0.29433333333333334	0.84195	0.5476166666666666	0.018396273121438517	0.018396273121438517	SHC2
ENSG00000129946	isoComp_00045675	geneComp_00006027	ENST00000264554.11	RO_D100	RO_D200	SHC2	NA	NA	30.65258	34.40644666666667	26.544015	2.33855583127945	0.8156050000000031	-0.3741681389096545	NA	15.261251428571429	10.0345	22.25467	0.49798865191220354	2.3876899999999988	1.1483504780789464	NA	0.5252428571428571	0.29433333333333334	0.84195	0.5476166666666666	0.018396273121438517	0.018396273121438517	SHC2
ENSG00000132692	isoComp_00048711	geneComp_00006448	ENST00000329117.10	RO_D100	RO_D200	BCAN	NA	NA	1.1748557142857141	1.0744633333333333	2.3771999999999998	0.29491762897083273	0.12138999999999989	1.1383381656692606	NA	0.7531585714285715	0.3525733333333333	2.02513	0.12936714476421146	0.10236999999999996	2.4887762276129806	NA	0.5544833333333333	0.31876666666666664	0.85195	0.5331833333333333	0.00258586288613421	0.00258586288613421	BCAN
ENSG00000132692	isoComp_00048711	geneComp_00006448	ENST00000329117.10	RO_D100	RO_D200	BCAN	NA	NA	1.1748557142857141	1.0744633333333333	2.3771999999999998	0.29491762897083273	0.12138999999999989	1.1383381656692606	NA	0.7531585714285715	0.3525733333333333	2.02513	0.12936714476421146	0.10236999999999996	2.4887762276129806	NA	0.5544833333333333	0.31876666666666664	0.85195	0.5331833333333333	0.00258586288613421	0.00258586288613421	BCAN
ENSG00000132692	isoComp_00048711	geneComp_00006448	ENST00000329117.10	RO_D100	RO_D200	BCAN	NA	NA	1.1748557142857141	1.0744633333333333	2.3771999999999998	0.29491762897083273	0.12138999999999989	1.1383381656692606	NA	0.7531585714285715	0.3525733333333333	2.02513	0.12936714476421146	0.10236999999999996	2.4887762276129806	NA	0.5544833333333333	0.31876666666666664	0.85195	0.5331833333333333	0.00258586288613421	0.00258586288613421	BCAN
ENSG00000132837	isoComp_00048871	geneComp_00006474	ENST00000520855.1	RO_D100	RO_D200	DMGDH	NA	NA	1.5088242857142857	1.6963	2.303715	0.7475548939264149	1.694035	0.4393398441520994	NA	0.44841	1.0189333333333332	0	0.6623682868901392	0	-6.685005699912182	NA	0.27121428571428574	0.5772666666666667	0	-0.5772666666666667	0.023387120190072202	0.023387120190072202	DMGDH
ENSG00000132837	isoComp_00048871	geneComp_00006474	ENST00000520855.1	RO_D100	RO_D200	DMGDH	NA	NA	1.5088242857142857	1.6963	2.303715	0.7475548939264149	1.694035	0.4393398441520994	NA	0.44841	1.0189333333333332	0	0.6623682868901392	0	-6.685005699912182	NA	0.27121428571428574	0.5772666666666667	0	-0.5772666666666667	0.023387120190072202	0.023387120190072202	DMGDH
ENSG00000132837	isoComp_00048871	geneComp_00006474	ENST00000520855.1	RO_D100	RO_D200	DMGDH	NA	NA	1.5088242857142857	1.6963	2.303715	0.7475548939264149	1.694035	0.4393398441520994	NA	0.44841	1.0189333333333332	0	0.6623682868901392	0	-6.685005699912182	NA	0.27121428571428574	0.5772666666666667	0	-0.5772666666666667	0.023387120190072202	0.023387120190072202	DMGDH
ENSG00000134183	isoComp_00050059	geneComp_00006643	ENST00000351050.8	RO_D100	RO_D200	GNAT2	NA	NA	25.727554285714287	24.000343333333333	53.803455	0.6931308944283984	12.284395000000004	1.1643109021322893	NA	15.781011428571428	5.787873333333333	46.346565	1.837421086644116	10.724724999999998	2.9991779471041573	NA	0.49264285714285716	0.24230000000000002	0.8608	0.6185	2.971068646505598e-4	2.971068646505598e-4	GNAT2
ENSG00000134183	isoComp_00050059	geneComp_00006643	ENST00000351050.8	RO_D100	RO_D200	GNAT2	NA	NA	25.727554285714287	24.000343333333333	53.803455	0.6931308944283984	12.284395000000004	1.1643109021322893	NA	15.781011428571428	5.787873333333333	46.346565	1.837421086644116	10.724724999999998	2.9991779471041573	NA	0.49264285714285716	0.24230000000000002	0.8608	0.6185	2.971068646505598e-4	2.971068646505598e-4	GNAT2
ENSG00000134183	isoComp_00050059	geneComp_00006643	ENST00000351050.8	RO_D100	RO_D200	GNAT2	NA	NA	25.727554285714287	24.000343333333333	53.803455	0.6931308944283984	12.284395000000004	1.1643109021322893	NA	15.781011428571428	5.787873333333333	46.346565	1.837421086644116	10.724724999999998	2.9991779471041573	NA	0.49264285714285716	0.24230000000000002	0.8608	0.6185	2.971068646505598e-4	2.971068646505598e-4	GNAT2
ENSG00000134183	isoComp_00050060	geneComp_00006643	ENST00000679935.1	RO_D100	RO_D200	GNAT2	NA	NA	25.727554285714287	24.000343333333333	53.803455	0.6931308944283984	12.284395000000004	1.1643109021322893	NA	9.946542857142857	18.21247	7.45689	2.0530345810125397	1.55967	-1.2871391423332743	NA	0.5073571428571428	0.7577	0.1392	-0.6185	2.9772594617980447e-4	2.971068646505598e-4	GNAT2
ENSG00000134183	isoComp_00050060	geneComp_00006643	ENST00000679935.1	RO_D100	RO_D200	GNAT2	NA	NA	25.727554285714287	24.000343333333333	53.803455	0.6931308944283984	12.284395000000004	1.1643109021322893	NA	9.946542857142857	18.21247	7.45689	2.0530345810125397	1.55967	-1.2871391423332743	NA	0.5073571428571428	0.7577	0.1392	-0.6185	2.9772594617980447e-4	2.971068646505598e-4	GNAT2
ENSG00000134183	isoComp_00050060	geneComp_00006643	ENST00000679935.1	RO_D100	RO_D200	GNAT2	NA	NA	25.727554285714287	24.000343333333333	53.803455	0.6931308944283984	12.284395000000004	1.1643109021322893	NA	9.946542857142857	18.21247	7.45689	2.0530345810125397	1.55967	-1.2871391423332743	NA	0.5073571428571428	0.7577	0.1392	-0.6185	2.9772594617980447e-4	2.971068646505598e-4	GNAT2
ENSG00000135744	isoComp_00052251	geneComp_00006934	ENST00000366667.6	RO_D100	RO_D200	AGT	NA	NA	8.0101	8.521576666666666	13.320665000000002	2.6943113205995908	4.419365	0.6438644644087861	NA	3.1359185714285713	0.6486233333333333	8.902325000000001	0.613955966291105	1.8469950000000004	3.75827631453385	NA	0.3903	0.05963333333333334	0.6992499999999999	0.6396166666666666	0.023397083901307153	0.023397083901307153	AGT
ENSG00000135744	isoComp_00052251	geneComp_00006934	ENST00000366667.6	RO_D100	RO_D200	AGT	NA	NA	8.0101	8.521576666666666	13.320665000000002	2.6943113205995908	4.419365	0.6438644644087861	NA	3.1359185714285713	0.6486233333333333	8.902325000000001	0.613955966291105	1.8469950000000004	3.75827631453385	NA	0.3903	0.05963333333333334	0.6992499999999999	0.6396166666666666	0.023397083901307153	0.023397083901307153	AGT
ENSG00000135744	isoComp_00052251	geneComp_00006934	ENST00000366667.6	RO_D100	RO_D200	AGT	NA	NA	8.0101	8.521576666666666	13.320665000000002	2.6943113205995908	4.419365	0.6438644644087861	NA	3.1359185714285713	0.6486233333333333	8.902325000000001	0.613955966291105	1.8469950000000004	3.75827631453385	NA	0.3903	0.05963333333333334	0.6992499999999999	0.6396166666666666	0.023397083901307153	0.023397083901307153	AGT
ENSG00000138031	isoComp_00055277	geneComp_00007362	ENST00000260600.9	RO_D100	RO_D200	ADCY3	NA	NA	10.90195142857143	12.53876	5.01304	1.931262219542788	1.32761	-1.3209121431772382	NA	7.851474285714286	11.3811	2.025195	1.8632069575152768	0.8230649999999999	-2.4846681334674474	NA	0.6582571428571429	0.908	0.3877	-0.5203	2.6939407160526447e-4	2.6939407160526447e-4	ADCY3
ENSG00000138031	isoComp_00055277	geneComp_00007362	ENST00000260600.9	RO_D100	RO_D200	ADCY3	NA	NA	10.90195142857143	12.53876	5.01304	1.931262219542788	1.32761	-1.3209121431772382	NA	7.851474285714286	11.3811	2.025195	1.8632069575152768	0.8230649999999999	-2.4846681334674474	NA	0.6582571428571429	0.908	0.3877	-0.5203	2.6939407160526447e-4	2.6939407160526447e-4	ADCY3
ENSG00000138031	isoComp_00055277	geneComp_00007362	ENST00000260600.9	RO_D100	RO_D200	ADCY3	NA	NA	10.90195142857143	12.53876	5.01304	1.931262219542788	1.32761	-1.3209121431772382	NA	7.851474285714286	11.3811	2.025195	1.8632069575152768	0.8230649999999999	-2.4846681334674474	NA	0.6582571428571429	0.908	0.3877	-0.5203	2.6939407160526447e-4	2.6939407160526447e-4	ADCY3
ENSG00000138031	isoComp_00055281	geneComp_00007362	ENST00000679454.1	RO_D100	RO_D200	ADCY3	NA	NA	10.90195142857143	12.53876	5.01304	1.931262219542788	1.32761	-1.3209121431772382	NA	2.9962400000000002	1.07225	2.92613	0.4588113176822618	0.5052899999999999	1.4398820457654864	NA	0.33527142857142855	0.08573333333333333	0.5990500000000001	0.5133166666666668	2.813555751706064e-4	2.6939407160526447e-4	ADCY3
ENSG00000138031	isoComp_00055281	geneComp_00007362	ENST00000679454.1	RO_D100	RO_D200	ADCY3	NA	NA	10.90195142857143	12.53876	5.01304	1.931262219542788	1.32761	-1.3209121431772382	NA	2.9962400000000002	1.07225	2.92613	0.4588113176822618	0.5052899999999999	1.4398820457654864	NA	0.33527142857142855	0.08573333333333333	0.5990500000000001	0.5133166666666668	2.813555751706064e-4	2.6939407160526447e-4	ADCY3
ENSG00000138031	isoComp_00055281	geneComp_00007362	ENST00000679454.1	RO_D100	RO_D200	ADCY3	NA	NA	10.90195142857143	12.53876	5.01304	1.931262219542788	1.32761	-1.3209121431772382	NA	2.9962400000000002	1.07225	2.92613	0.4588113176822618	0.5052899999999999	1.4398820457654864	NA	0.33527142857142855	0.08573333333333333	0.5990500000000001	0.5133166666666668	2.813555751706064e-4	2.6939407160526447e-4	ADCY3
ENSG00000141391	isoComp_00058925	geneComp_00007850	ENST00000587735.1	RO_D100	RO_D200	PRELID3A	NA	NA	5.509857142857142	6.868566666666666	6.083169999999999	0.23581535999826442	0.4131699999999996	-0.174914979907423	NA	1.3180257142857144	0.29539333333333334	4.0992999999999995	0.1613801780819992	0.03738000000000019	3.7501521846079973	NA	0.21804285714285715	0.0416	0.67745	0.63585	3.849314697181441e-9	5.734032667501281e-15	PRELID3A
ENSG00000141391	isoComp_00058925	geneComp_00007850	ENST00000587735.1	RO_D100	RO_D200	PRELID3A	NA	NA	5.509857142857142	6.868566666666666	6.083169999999999	0.23581535999826442	0.4131699999999996	-0.174914979907423	NA	1.3180257142857144	0.29539333333333334	4.0992999999999995	0.1613801780819992	0.03738000000000019	3.7501521846079973	NA	0.21804285714285715	0.0416	0.67745	0.63585	3.849314697181441e-9	5.734032667501281e-15	PRELID3A
ENSG00000141391	isoComp_00058925	geneComp_00007850	ENST00000587735.1	RO_D100	RO_D200	PRELID3A	NA	NA	5.509857142857142	6.868566666666666	6.083169999999999	0.23581535999826442	0.4131699999999996	-0.174914979907423	NA	1.3180257142857144	0.29539333333333334	4.0992999999999995	0.1613801780819992	0.03738000000000019	3.7501521846079973	NA	0.21804285714285715	0.0416	0.67745	0.63585	3.849314697181441e-9	5.734032667501281e-15	PRELID3A
ENSG00000141391	isoComp_00058930	geneComp_00007850	ENST00000592149.5	RO_D100	RO_D200	PRELID3A	NA	NA	5.509857142857142	6.868566666666666	6.083169999999999	0.23581535999826442	0.4131699999999996	-0.174914979907423	NA	2.770215714285714	4.8880099999999995	0.39874	0.22753987350205968	0.08706	-3.5829403793766295	NA	0.5161714285714286	0.7131333333333334	0.0649	-0.6482333333333334	5.734032667501281e-15	5.734032667501281e-15	PRELID3A
ENSG00000141391	isoComp_00058930	geneComp_00007850	ENST00000592149.5	RO_D100	RO_D200	PRELID3A	NA	NA	5.509857142857142	6.868566666666666	6.083169999999999	0.23581535999826442	0.4131699999999996	-0.174914979907423	NA	2.770215714285714	4.8880099999999995	0.39874	0.22753987350205968	0.08706	-3.5829403793766295	NA	0.5161714285714286	0.7131333333333334	0.0649	-0.6482333333333334	5.734032667501281e-15	5.734032667501281e-15	PRELID3A
ENSG00000141391	isoComp_00058930	geneComp_00007850	ENST00000592149.5	RO_D100	RO_D200	PRELID3A	NA	NA	5.509857142857142	6.868566666666666	6.083169999999999	0.23581535999826442	0.4131699999999996	-0.174914979907423	NA	2.770215714285714	4.8880099999999995	0.39874	0.22753987350205968	0.08706	-3.5829403793766295	NA	0.5161714285714286	0.7131333333333334	0.0649	-0.6482333333333334	5.734032667501281e-15	5.734032667501281e-15	PRELID3A
ENSG00000143110	isoComp_00060402	geneComp_00008059	ENST00000464591.1	RO_D100	RO_D200	C1orf162	NA	NA	3.045107142857143	2.3113133333333336	6.63508	0.3383363415958216	2.6721799999999996	1.517345295854246	NA	2.2652200000000002	0.78348	6.567775	0.40533178228869904	2.674855	3.0513338951620685	NA	0.5050285714285714	0.29773333333333335	0.9877	0.6899666666666666	0.007123454320512112	0.007123454320512112	C1orf162
ENSG00000143110	isoComp_00060402	geneComp_00008059	ENST00000464591.1	RO_D100	RO_D200	C1orf162	NA	NA	3.045107142857143	2.3113133333333336	6.63508	0.3383363415958216	2.6721799999999996	1.517345295854246	NA	2.2652200000000002	0.78348	6.567775	0.40533178228869904	2.674855	3.0513338951620685	NA	0.5050285714285714	0.29773333333333335	0.9877	0.6899666666666666	0.007123454320512112	0.007123454320512112	C1orf162
ENSG00000143110	isoComp_00060402	geneComp_00008059	ENST00000464591.1	RO_D100	RO_D200	C1orf162	NA	NA	3.045107142857143	2.3113133333333336	6.63508	0.3383363415958216	2.6721799999999996	1.517345295854246	NA	2.2652200000000002	0.78348	6.567775	0.40533178228869904	2.674855	3.0513338951620685	NA	0.5050285714285714	0.29773333333333335	0.9877	0.6899666666666666	0.007123454320512112	0.007123454320512112	C1orf162
ENSG00000145700	isoComp_00063274	geneComp_00008454	ENST00000506364.6	RO_D100	RO_D200	ANKRD31	NA	NA	1.3707514285714284	1.7490433333333333	1.323535	0.2516695601599667	0.261625	-0.39953533306304134	NA	0.5662985714285714	0.38117999999999996	1.1135599999999999	0.11259451422397689	0.4715999999999999	1.5221726528225836	NA	0.42842857142857144	0.2079	0.80225	0.59435	0.19342016760522188	3.2732092692134776e-4	ANKRD31
ENSG00000145700	isoComp_00063274	geneComp_00008454	ENST00000506364.6	RO_D100	RO_D200	ANKRD31	NA	NA	1.3707514285714284	1.7490433333333333	1.323535	0.2516695601599667	0.261625	-0.39953533306304134	NA	0.5662985714285714	0.38117999999999996	1.1135599999999999	0.11259451422397689	0.4715999999999999	1.5221726528225836	NA	0.42842857142857144	0.2079	0.80225	0.59435	0.19342016760522188	3.2732092692134776e-4	ANKRD31
ENSG00000145700	isoComp_00063274	geneComp_00008454	ENST00000506364.6	RO_D100	RO_D200	ANKRD31	NA	NA	1.3707514285714284	1.7490433333333333	1.323535	0.2516695601599667	0.261625	-0.39953533306304134	NA	0.5662985714285714	0.38117999999999996	1.1135599999999999	0.11259451422397689	0.4715999999999999	1.5221726528225836	NA	0.42842857142857144	0.2079	0.80225	0.59435	0.19342016760522188	3.2732092692134776e-4	ANKRD31
ENSG00000145700	isoComp_00063275	geneComp_00008454	ENST00000674120.1	RO_D100	RO_D200	ANKRD31	NA	NA	1.3707514285714284	1.7490433333333333	1.323535	0.2516695601599667	0.261625	-0.39953533306304134	NA	0.5439285714285714	0.9866833333333334	0	0.10009827459940447	0	-6.639063298610366	NA	0.3883714285714286	0.5842333333333334	0	-0.5842333333333334	3.2732092692134776e-4	3.2732092692134776e-4	ANKRD31
ENSG00000145700	isoComp_00063275	geneComp_00008454	ENST00000674120.1	RO_D100	RO_D200	ANKRD31	NA	NA	1.3707514285714284	1.7490433333333333	1.323535	0.2516695601599667	0.261625	-0.39953533306304134	NA	0.5439285714285714	0.9866833333333334	0	0.10009827459940447	0	-6.639063298610366	NA	0.3883714285714286	0.5842333333333334	0	-0.5842333333333334	3.2732092692134776e-4	3.2732092692134776e-4	ANKRD31
ENSG00000145700	isoComp_00063275	geneComp_00008454	ENST00000674120.1	RO_D100	RO_D200	ANKRD31	NA	NA	1.3707514285714284	1.7490433333333333	1.323535	0.2516695601599667	0.261625	-0.39953533306304134	NA	0.5439285714285714	0.9866833333333334	0	0.10009827459940447	0	-6.639063298610366	NA	0.3883714285714286	0.5842333333333334	0	-0.5842333333333334	3.2732092692134776e-4	3.2732092692134776e-4	ANKRD31
ENSG00000154330	isoComp_00069903	geneComp_00009427	ENST00000496758.1	RO_D100	RO_D200	PGM5	NA	NA	11.505065714285713	13.39804	4.853885	3.0395891716041716	1.730645	-1.4629173344071331	NA	4.60408	8.600393333333333	0.462275	1.8893454059217913	0.17410499999999995	-4.188380070022245	NA	0.3579142857142857	0.6444666666666666	0.12380000000000001	-0.5206666666666666	6.068968340340429e-5	6.068968340340429e-5	PGM5
ENSG00000154330	isoComp_00069903	geneComp_00009427	ENST00000496758.1	RO_D100	RO_D200	PGM5	NA	NA	11.505065714285713	13.39804	4.853885	3.0395891716041716	1.730645	-1.4629173344071331	NA	4.60408	8.600393333333333	0.462275	1.8893454059217913	0.17410499999999995	-4.188380070022245	NA	0.3579142857142857	0.6444666666666666	0.12380000000000001	-0.5206666666666666	6.068968340340429e-5	6.068968340340429e-5	PGM5
ENSG00000154330	isoComp_00069903	geneComp_00009427	ENST00000496758.1	RO_D100	RO_D200	PGM5	NA	NA	11.505065714285713	13.39804	4.853885	3.0395891716041716	1.730645	-1.4629173344071331	NA	4.60408	8.600393333333333	0.462275	1.8893454059217913	0.17410499999999995	-4.188380070022245	NA	0.3579142857142857	0.6444666666666666	0.12380000000000001	-0.5206666666666666	6.068968340340429e-5	6.068968340340429e-5	PGM5
ENSG00000154330	isoComp_00069902	geneComp_00009427	ENST00000396396.6	RO_D100	RO_D200	PGM5	NA	NA	11.505065714285713	13.39804	4.853885	3.0395891716041716	1.730645	-1.4629173344071331	NA	6.864582857142857	4.7408	4.39161	1.0995849064230252	1.90475	-0.11013915077827656	NA	0.6398142857142857	0.3525666666666667	0.8762000000000001	0.5236333333333334	6.0841151669668716e-5	6.068968340340429e-5	PGM5
ENSG00000154330	isoComp_00069902	geneComp_00009427	ENST00000396396.6	RO_D100	RO_D200	PGM5	NA	NA	11.505065714285713	13.39804	4.853885	3.0395891716041716	1.730645	-1.4629173344071331	NA	6.864582857142857	4.7408	4.39161	1.0995849064230252	1.90475	-0.11013915077827656	NA	0.6398142857142857	0.3525666666666667	0.8762000000000001	0.5236333333333334	6.0841151669668716e-5	6.068968340340429e-5	PGM5
ENSG00000154330	isoComp_00069902	geneComp_00009427	ENST00000396396.6	RO_D100	RO_D200	PGM5	NA	NA	11.505065714285713	13.39804	4.853885	3.0395891716041716	1.730645	-1.4629173344071331	NA	6.864582857142857	4.7408	4.39161	1.0995849064230252	1.90475	-0.11013915077827656	NA	0.6398142857142857	0.3525666666666667	0.8762000000000001	0.5236333333333334	6.0841151669668716e-5	6.068968340340429e-5	PGM5
ENSG00000159140	isoComp_00073296	geneComp_00009941	ENST00000356577.10	RO_D100	RO_D200	SON	NA	NA	271.6551057142857	264.10206666666664	306.00046499999996	20.371694332017285	18.287194999999997	0.21243077490661175	NA	172.10621857142857	220.66759333333334	67.55936	14.736272463598498	12.590089999999998	-1.7074990564673334	NA	0.657	0.8369333333333334	0.22405000000000003	-0.6128833333333334	5.092986531680602e-13	9.570460712793582e-40	SON
ENSG00000159140	isoComp_00073296	geneComp_00009941	ENST00000356577.10	RO_D100	RO_D200	SON	NA	NA	271.6551057142857	264.10206666666664	306.00046499999996	20.371694332017285	18.287194999999997	0.21243077490661175	NA	172.10621857142857	220.66759333333334	67.55936	14.736272463598498	12.590089999999998	-1.7074990564673334	NA	0.657	0.8369333333333334	0.22405000000000003	-0.6128833333333334	5.092986531680602e-13	9.570460712793582e-40	SON
ENSG00000159140	isoComp_00073296	geneComp_00009941	ENST00000356577.10	RO_D100	RO_D200	SON	NA	NA	271.6551057142857	264.10206666666664	306.00046499999996	20.371694332017285	18.287194999999997	0.21243077490661175	NA	172.10621857142857	220.66759333333334	67.55936	14.736272463598498	12.590089999999998	-1.7074990564673334	NA	0.657	0.8369333333333334	0.22405000000000003	-0.6128833333333334	5.092986531680602e-13	9.570460712793582e-40	SON
ENSG00000159140	isoComp_00073295	geneComp_00009941	ENST00000300278.8	RO_D100	RO_D200	SON	NA	NA	271.6551057142857	264.10206666666664	306.00046499999996	20.371694332017285	18.287194999999997	0.21243077490661175	NA	59.56406142857143	7.999833333333334	184.95308999999997	0.2218885719104175	27.775289999999995	4.529321370943983	NA	0.19792857142857143	0.030699999999999998	0.6011500000000001	0.5704500000000001	9.570460712793582e-40	9.570460712793582e-40	SON
ENSG00000159140	isoComp_00073295	geneComp_00009941	ENST00000300278.8	RO_D100	RO_D200	SON	NA	NA	271.6551057142857	264.10206666666664	306.00046499999996	20.371694332017285	18.287194999999997	0.21243077490661175	NA	59.56406142857143	7.999833333333334	184.95308999999997	0.2218885719104175	27.775289999999995	4.529321370943983	NA	0.19792857142857143	0.030699999999999998	0.6011500000000001	0.5704500000000001	9.570460712793582e-40	9.570460712793582e-40	SON
ENSG00000159140	isoComp_00073295	geneComp_00009941	ENST00000300278.8	RO_D100	RO_D200	SON	NA	NA	271.6551057142857	264.10206666666664	306.00046499999996	20.371694332017285	18.287194999999997	0.21243077490661175	NA	59.56406142857143	7.999833333333334	184.95308999999997	0.2218885719104175	27.775289999999995	4.529321370943983	NA	0.19792857142857143	0.030699999999999998	0.6011500000000001	0.5704500000000001	9.570460712793582e-40	9.570460712793582e-40	SON
ENSG00000160360	isoComp_00074328	geneComp_00010108	ENST00000291775.3	RO_D100	RO_D200	GPSM1	NA	NA	40.96197	50.596106666666664	35.94008	3.4949316154222214	4.724569999999999	-0.4933165051177189	NA	21.789992857142856	40.61159	7.5387249999999995	0.8440419817955331	0.7576849999999999	-2.427941815298043	NA	0.4837	0.8112333333333334	0.2163	-0.5949333333333333	3.517504346279039e-4	4.171658152500461e-5	GPSM1
ENSG00000160360	isoComp_00074328	geneComp_00010108	ENST00000291775.3	RO_D100	RO_D200	GPSM1	NA	NA	40.96197	50.596106666666664	35.94008	3.4949316154222214	4.724569999999999	-0.4933165051177189	NA	21.789992857142856	40.61159	7.5387249999999995	0.8440419817955331	0.7576849999999999	-2.427941815298043	NA	0.4837	0.8112333333333334	0.2163	-0.5949333333333333	3.517504346279039e-4	4.171658152500461e-5	GPSM1
ENSG00000160360	isoComp_00074328	geneComp_00010108	ENST00000291775.3	RO_D100	RO_D200	GPSM1	NA	NA	40.96197	50.596106666666664	35.94008	3.4949316154222214	4.724569999999999	-0.4933165051177189	NA	21.789992857142856	40.61159	7.5387249999999995	0.8440419817955331	0.7576849999999999	-2.427941815298043	NA	0.4837	0.8112333333333334	0.2163	-0.5949333333333333	3.517504346279039e-4	4.171658152500461e-5	GPSM1
ENSG00000160781	isoComp_00074635	geneComp_00010151	ENST00000623241.3	RO_D100	RO_D200	PAQR6	NA	NA	7.6982028571428565	6.73773	13.62155	0.983163610206019	1.2450900000000011	1.0144754630363013	NA	2.75436	5.001596666666667	1.109855	0.5663924540555878	0.2992250000000001	-2.1619583685167933	NA	0.4410142857142857	0.7493	0.0842	-0.6651	7.104086703994002e-12	7.104086703994002e-12	PAQR6
ENSG00000160781	isoComp_00074635	geneComp_00010151	ENST00000623241.3	RO_D100	RO_D200	PAQR6	NA	NA	7.6982028571428565	6.73773	13.62155	0.983163610206019	1.2450900000000011	1.0144754630363013	NA	2.75436	5.001596666666667	1.109855	0.5663924540555878	0.2992250000000001	-2.1619583685167933	NA	0.4410142857142857	0.7493	0.0842	-0.6651	7.104086703994002e-12	7.104086703994002e-12	PAQR6
ENSG00000160781	isoComp_00074635	geneComp_00010151	ENST00000623241.3	RO_D100	RO_D200	PAQR6	NA	NA	7.6982028571428565	6.73773	13.62155	0.983163610206019	1.2450900000000011	1.0144754630363013	NA	2.75436	5.001596666666667	1.109855	0.5663924540555878	0.2992250000000001	-2.1619583685167933	NA	0.4410142857142857	0.7493	0.0842	-0.6651	7.104086703994002e-12	7.104086703994002e-12	PAQR6
ENSG00000162512	isoComp_00075876	geneComp_00010362	ENST00000339394.7	RO_D100	RO_D200	SDC3	NA	NA	39.902522857142856	33.632106666666665	20.88924	3.6660911265557927	7.521749999999999	-0.6868175701827565	NA	26.909198571428572	8.76828	17.090665	0.8791530233886101	8.057865	0.9620422352705955	NA	0.6028	0.26156666666666667	0.78045	0.5188833333333334	4.175525246305245e-4	4.172952626539221e-4	SDC3
ENSG00000162512	isoComp_00075876	geneComp_00010362	ENST00000339394.7	RO_D100	RO_D200	SDC3	NA	NA	39.902522857142856	33.632106666666665	20.88924	3.6660911265557927	7.521749999999999	-0.6868175701827565	NA	26.909198571428572	8.76828	17.090665	0.8791530233886101	8.057865	0.9620422352705955	NA	0.6028	0.26156666666666667	0.78045	0.5188833333333334	4.175525246305245e-4	4.172952626539221e-4	SDC3
ENSG00000162512	isoComp_00075876	geneComp_00010362	ENST00000339394.7	RO_D100	RO_D200	SDC3	NA	NA	39.902522857142856	33.632106666666665	20.88924	3.6660911265557927	7.521749999999999	-0.6868175701827565	NA	26.909198571428572	8.76828	17.090665	0.8791530233886101	8.057865	0.9620422352705955	NA	0.6028	0.26156666666666667	0.78045	0.5188833333333334	4.175525246305245e-4	4.172952626539221e-4	SDC3
ENSG00000162512	isoComp_00075875	geneComp_00010362	ENST00000336798.11	RO_D100	RO_D200	SDC3	NA	NA	39.902522857142856	33.632106666666665	20.88924	3.6660911265557927	7.521749999999999	-0.6868175701827565	NA	12.895225714285715	24.778453333333335	3.58329	2.875417586579576	0.6256700000000001	-2.7862909785202654	NA	0.3931857142857143	0.7357666666666667	0.20950000000000002	-0.5262666666666667	4.172952626539221e-4	4.172952626539221e-4	SDC3
ENSG00000162512	isoComp_00075875	geneComp_00010362	ENST00000336798.11	RO_D100	RO_D200	SDC3	NA	NA	39.902522857142856	33.632106666666665	20.88924	3.6660911265557927	7.521749999999999	-0.6868175701827565	NA	12.895225714285715	24.778453333333335	3.58329	2.875417586579576	0.6256700000000001	-2.7862909785202654	NA	0.3931857142857143	0.7357666666666667	0.20950000000000002	-0.5262666666666667	4.172952626539221e-4	4.172952626539221e-4	SDC3
ENSG00000162512	isoComp_00075875	geneComp_00010362	ENST00000336798.11	RO_D100	RO_D200	SDC3	NA	NA	39.902522857142856	33.632106666666665	20.88924	3.6660911265557927	7.521749999999999	-0.6868175701827565	NA	12.895225714285715	24.778453333333335	3.58329	2.875417586579576	0.6256700000000001	-2.7862909785202654	NA	0.3931857142857143	0.7357666666666667	0.20950000000000002	-0.5262666666666667	4.172952626539221e-4	4.172952626539221e-4	SDC3
ENSG00000162804	isoComp_00076326	geneComp_00010446	ENST00000310397.13	RO_D100	RO_D200	SNED1	NA	NA	5.339134285714286	3.887096666666667	9.834729999999999	2.53823711089891	5.712049999999999	1.336951921845409	NA	2.963987142857143	0.25938	8.947195	0.1713390516879714	5.917915	5.055332366668486	NA	0.43065714285714285	0.18896666666666667	0.8455	0.6565333333333334	0.21307265116411692	4.389751309528433e-6	SNED1
ENSG00000162804	isoComp_00076326	geneComp_00010446	ENST00000310397.13	RO_D100	RO_D200	SNED1	NA	NA	5.339134285714286	3.887096666666667	9.834729999999999	2.53823711089891	5.712049999999999	1.336951921845409	NA	2.963987142857143	0.25938	8.947195	0.1713390516879714	5.917915	5.055332366668486	NA	0.43065714285714285	0.18896666666666667	0.8455	0.6565333333333334	0.21307265116411692	4.389751309528433e-6	SNED1
ENSG00000162804	isoComp_00076326	geneComp_00010446	ENST00000310397.13	RO_D100	RO_D200	SNED1	NA	NA	5.339134285714286	3.887096666666667	9.834729999999999	2.53823711089891	5.712049999999999	1.336951921845409	NA	2.963987142857143	0.25938	8.947195	0.1713390516879714	5.917915	5.055332366668486	NA	0.43065714285714285	0.18896666666666667	0.8455	0.6565333333333334	0.21307265116411692	4.389751309528433e-6	SNED1
ENSG00000163565	isoComp_00077424	geneComp_00010656	ENST00000368132.7	RO_D100	RO_D200	IFI16	NA	NA	4.919915714285714	2.8215666666666666	10.693185	0.4359394652675735	1.073595000000001	1.9183677681715277	NA	1.5272	1.9641066666666667	1.966195	0.3612464247727736	0.9299949999999998	0.0015253662523110774	NA	0.40187142857142855	0.6919666666666666	0.1769	-0.5150666666666666	0.0023350403701905323	0.0023350403701905323	IFI16
ENSG00000163565	isoComp_00077424	geneComp_00010656	ENST00000368132.7	RO_D100	RO_D200	IFI16	NA	NA	4.919915714285714	2.8215666666666666	10.693185	0.4359394652675735	1.073595000000001	1.9183677681715277	NA	1.5272	1.9641066666666667	1.966195	0.3612464247727736	0.9299949999999998	0.0015253662523110774	NA	0.40187142857142855	0.6919666666666666	0.1769	-0.5150666666666666	0.0023350403701905323	0.0023350403701905323	IFI16
ENSG00000163565	isoComp_00077424	geneComp_00010656	ENST00000368132.7	RO_D100	RO_D200	IFI16	NA	NA	4.919915714285714	2.8215666666666666	10.693185	0.4359394652675735	1.073595000000001	1.9183677681715277	NA	1.5272	1.9641066666666667	1.966195	0.3612464247727736	0.9299949999999998	0.0015253662523110774	NA	0.40187142857142855	0.6919666666666666	0.1769	-0.5150666666666666	0.0023350403701905323	0.0023350403701905323	IFI16
ENSG00000163565	isoComp_00077421	geneComp_00010656	ENST00000295809.12	RO_D100	RO_D200	IFI16	NA	NA	4.919915714285714	2.8215666666666666	10.693185	0.4359394652675735	1.073595000000001	1.9183677681715277	NA	2.4956771428571427	0.28002	7.209125	0.28002	0.09143500000000016	4.637599686534608	NA	0.3838142857142857	0.10439999999999999	0.68015	0.57575	0.12257376516474108	0.0023350403701905323	IFI16
ENSG00000163565	isoComp_00077421	geneComp_00010656	ENST00000295809.12	RO_D100	RO_D200	IFI16	NA	NA	4.919915714285714	2.8215666666666666	10.693185	0.4359394652675735	1.073595000000001	1.9183677681715277	NA	2.4956771428571427	0.28002	7.209125	0.28002	0.09143500000000016	4.637599686534608	NA	0.3838142857142857	0.10439999999999999	0.68015	0.57575	0.12257376516474108	0.0023350403701905323	IFI16
ENSG00000163565	isoComp_00077421	geneComp_00010656	ENST00000295809.12	RO_D100	RO_D200	IFI16	NA	NA	4.919915714285714	2.8215666666666666	10.693185	0.4359394652675735	1.073595000000001	1.9183677681715277	NA	2.4956771428571427	0.28002	7.209125	0.28002	0.09143500000000016	4.637599686534608	NA	0.3838142857142857	0.10439999999999999	0.68015	0.57575	0.12257376516474108	0.0023350403701905323	IFI16
ENSG00000164007	isoComp_00078483	geneComp_00010800	ENST00000372539.3	RO_D100	RO_D200	CLDN19	NA	NA	3.960362857142857	5.42979	2.374205	2.106312786799086	0.125475	-1.1900426704125615	NA	0.9199042857142857	0.8218166666666666	1.82683	0.4214141416838205	0.007989999999999942	1.1428806132178437	NA	0.31894285714285714	0.20333333333333334	0.7717499999999999	0.5684166666666666	0.18796293619653	0.0027404164150268613	CLDN19
ENSG00000164007	isoComp_00078483	geneComp_00010800	ENST00000372539.3	RO_D100	RO_D200	CLDN19	NA	NA	3.960362857142857	5.42979	2.374205	2.106312786799086	0.125475	-1.1900426704125615	NA	0.9199042857142857	0.8218166666666666	1.82683	0.4214141416838205	0.007989999999999942	1.1428806132178437	NA	0.31894285714285714	0.20333333333333334	0.7717499999999999	0.5684166666666666	0.18796293619653	0.0027404164150268613	CLDN19
ENSG00000164007	isoComp_00078483	geneComp_00010800	ENST00000372539.3	RO_D100	RO_D200	CLDN19	NA	NA	3.960362857142857	5.42979	2.374205	2.106312786799086	0.125475	-1.1900426704125615	NA	0.9199042857142857	0.8218166666666666	1.82683	0.4214141416838205	0.007989999999999942	1.1428806132178437	NA	0.31894285714285714	0.20333333333333334	0.7717499999999999	0.5684166666666666	0.18796293619653	0.0027404164150268613	CLDN19
ENSG00000164023	isoComp_00078528	geneComp_00010805	ENST00000690982.1	RO_D100	RO_D200	SGMS2	NA	NA	2.1008042857142857	2.2567366666666664	2.40843	0.2760380505373207	0.15261999999999976	0.09345398167759782	NA	0.9296514285714286	0.3927966666666666	1.60988	0.3191879874688965	0.06390999999999991	2.007763293330902	NA	0.44754285714285713	0.1491	0.66945	0.52035	0.13418737968428773	0.01460657521964822	SGMS2
ENSG00000164023	isoComp_00078528	geneComp_00010805	ENST00000690982.1	RO_D100	RO_D200	SGMS2	NA	NA	2.1008042857142857	2.2567366666666664	2.40843	0.2760380505373207	0.15261999999999976	0.09345398167759782	NA	0.9296514285714286	0.3927966666666666	1.60988	0.3191879874688965	0.06390999999999991	2.007763293330902	NA	0.44754285714285713	0.1491	0.66945	0.52035	0.13418737968428773	0.01460657521964822	SGMS2
ENSG00000164023	isoComp_00078528	geneComp_00010805	ENST00000690982.1	RO_D100	RO_D200	SGMS2	NA	NA	2.1008042857142857	2.2567366666666664	2.40843	0.2760380505373207	0.15261999999999976	0.09345398167759782	NA	0.9296514285714286	0.3927966666666666	1.60988	0.3191879874688965	0.06390999999999991	2.007763293330902	NA	0.44754285714285713	0.1491	0.66945	0.52035	0.13418737968428773	0.01460657521964822	SGMS2
ENSG00000164169	isoComp_00078977	geneComp_00010875	ENST00000322396.7	RO_D100	RO_D200	PRMT9	NA	NA	12.17214857142857	6.26421	19.437444999999997	0.7387240128988183	2.571925	1.6320749041726252	NA	6.935182857142857	6.011733333333334	6.43675	0.7607607172064318	0.31428999999999974	0.09839321685360682	NA	0.6907714285714286	0.9578	0.33925	-0.6185499999999999	8.689265714820394e-12	5.332120253750317e-12	PRMT9
ENSG00000164169	isoComp_00078977	geneComp_00010875	ENST00000322396.7	RO_D100	RO_D200	PRMT9	NA	NA	12.17214857142857	6.26421	19.437444999999997	0.7387240128988183	2.571925	1.6320749041726252	NA	6.935182857142857	6.011733333333334	6.43675	0.7607607172064318	0.31428999999999974	0.09839321685360682	NA	0.6907714285714286	0.9578	0.33925	-0.6185499999999999	8.689265714820394e-12	5.332120253750317e-12	PRMT9
ENSG00000164169	isoComp_00078977	geneComp_00010875	ENST00000322396.7	RO_D100	RO_D200	PRMT9	NA	NA	12.17214857142857	6.26421	19.437444999999997	0.7387240128988183	2.571925	1.6320749041726252	NA	6.935182857142857	6.011733333333334	6.43675	0.7607607172064318	0.31428999999999974	0.09839321685360682	NA	0.6907714285714286	0.9578	0.33925	-0.6185499999999999	8.689265714820394e-12	5.332120253750317e-12	PRMT9
ENSG00000164169	isoComp_00078979	geneComp_00010875	ENST00000511687.1	RO_D100	RO_D200	PRMT9	NA	NA	12.17214857142857	6.26421	19.437444999999997	0.7387240128988183	2.571925	1.6320749041726252	NA	4.545277142857143	0	12.634915	0	2.9559849999999996	10.30434162379921	NA	0.25155714285714287	0	0.64115	0.64115	5.332120253750317e-12	5.332120253750317e-12	PRMT9
ENSG00000164169	isoComp_00078979	geneComp_00010875	ENST00000511687.1	RO_D100	RO_D200	PRMT9	NA	NA	12.17214857142857	6.26421	19.437444999999997	0.7387240128988183	2.571925	1.6320749041726252	NA	4.545277142857143	0	12.634915	0	2.9559849999999996	10.30434162379921	NA	0.25155714285714287	0	0.64115	0.64115	5.332120253750317e-12	5.332120253750317e-12	PRMT9
ENSG00000164169	isoComp_00078979	geneComp_00010875	ENST00000511687.1	RO_D100	RO_D200	PRMT9	NA	NA	12.17214857142857	6.26421	19.437444999999997	0.7387240128988183	2.571925	1.6320749041726252	NA	4.545277142857143	0	12.634915	0	2.9559849999999996	10.30434162379921	NA	0.25155714285714287	0	0.64115	0.64115	5.332120253750317e-12	5.332120253750317e-12	PRMT9
ENSG00000164181	isoComp_00079010	geneComp_00010881	ENST00000505959.5	RO_D100	RO_D200	ELOVL7	NA	NA	1.6088328571428572	2.3237433333333333	1.45145	0.19321583581868004	0.11016999999999999	-0.6752454295515529	NA	0.26273285714285716	0	0.8375	0	0.05669000000000002	6.405141463136344	NA	0.21428571428571427	0	0.58335	0.58335	2.6155581748025135e-5	2.6155581748025135e-5	ELOVL7
ENSG00000164181	isoComp_00079010	geneComp_00010881	ENST00000505959.5	RO_D100	RO_D200	ELOVL7	NA	NA	1.6088328571428572	2.3237433333333333	1.45145	0.19321583581868004	0.11016999999999999	-0.6752454295515529	NA	0.26273285714285716	0	0.8375	0	0.05669000000000002	6.405141463136344	NA	0.21428571428571427	0	0.58335	0.58335	2.6155581748025135e-5	2.6155581748025135e-5	ELOVL7
ENSG00000164181	isoComp_00079010	geneComp_00010881	ENST00000505959.5	RO_D100	RO_D200	ELOVL7	NA	NA	1.6088328571428572	2.3237433333333333	1.45145	0.19321583581868004	0.11016999999999999	-0.6752454295515529	NA	0.26273285714285716	0	0.8375	0	0.05669000000000002	6.405141463136344	NA	0.21428571428571427	0	0.58335	0.58335	2.6155581748025135e-5	2.6155581748025135e-5	ELOVL7
ENSG00000164733	isoComp_00079761	geneComp_00011025	ENST00000353047.11	RO_D100	RO_D200	CTSB	NA	NA	15.769658571428572	14.937216666666668	13.300589999999998	2.5513841874711423	4.867829999999999	-0.16730234301689384	NA	5.731002857142857	0.19141999999999998	11.709724999999999	0.08404942534009378	3.656424999999999	5.862587964635686	NA	0.3845857142857143	0.013600000000000001	0.9004	0.8868	6.95302334800051e-11	1.7344224184744877e-11	CTSB
ENSG00000164733	isoComp_00079761	geneComp_00011025	ENST00000353047.11	RO_D100	RO_D200	CTSB	NA	NA	15.769658571428572	14.937216666666668	13.300589999999998	2.5513841874711423	4.867829999999999	-0.16730234301689384	NA	5.731002857142857	0.19141999999999998	11.709724999999999	0.08404942534009378	3.656424999999999	5.862587964635686	NA	0.3845857142857143	0.013600000000000001	0.9004	0.8868	6.95302334800051e-11	1.7344224184744877e-11	CTSB
ENSG00000164733	isoComp_00079761	geneComp_00011025	ENST00000353047.11	RO_D100	RO_D200	CTSB	NA	NA	15.769658571428572	14.937216666666668	13.300589999999998	2.5513841874711423	4.867829999999999	-0.16730234301689384	NA	5.731002857142857	0.19141999999999998	11.709724999999999	0.08404942534009378	3.656424999999999	5.862587964635686	NA	0.3845857142857143	0.013600000000000001	0.9004	0.8868	6.95302334800051e-11	1.7344224184744877e-11	CTSB
ENSG00000164733	isoComp_00079762	geneComp_00011025	ENST00000453527.7	RO_D100	RO_D200	CTSB	NA	NA	15.769658571428572	14.937216666666668	13.300589999999998	2.5513841874711423	4.867829999999999	-0.16730234301689384	NA	8.342621428571428	13.071896666666667	0	1.633706042717328	0	-10.353356008466266	NA	0.5172714285714286	0.8876333333333333	0	-0.8876333333333333	1.7344224184744877e-11	1.7344224184744877e-11	CTSB
ENSG00000164733	isoComp_00079762	geneComp_00011025	ENST00000453527.7	RO_D100	RO_D200	CTSB	NA	NA	15.769658571428572	14.937216666666668	13.300589999999998	2.5513841874711423	4.867829999999999	-0.16730234301689384	NA	8.342621428571428	13.071896666666667	0	1.633706042717328	0	-10.353356008466266	NA	0.5172714285714286	0.8876333333333333	0	-0.8876333333333333	1.7344224184744877e-11	1.7344224184744877e-11	CTSB
ENSG00000164733	isoComp_00079762	geneComp_00011025	ENST00000453527.7	RO_D100	RO_D200	CTSB	NA	NA	15.769658571428572	14.937216666666668	13.300589999999998	2.5513841874711423	4.867829999999999	-0.16730234301689384	NA	8.342621428571428	13.071896666666667	0	1.633706042717328	0	-10.353356008466266	NA	0.5172714285714286	0.8876333333333333	0	-0.8876333333333333	1.7344224184744877e-11	1.7344224184744877e-11	CTSB
ENSG00000164919	isoComp_00080064	geneComp_00011070	ENST00000520468.7	RO_D100	RO_D200	COX6C	NA	NA	256.8617142857143	273.0593033333333	226.462555	5.563395042089358	15.518605000000022	-0.26993091651559503	NA	122.57382428571428	190.74302333333333	1.6996449999999999	73.83726489559712	1.5728449999999998	-6.801865325807547	NA	0.44380000000000003	0.6999	0.008	-0.6919	0.026506584239583228	0.026506584239583228	COX6C
ENSG00000164919	isoComp_00080064	geneComp_00011070	ENST00000520468.7	RO_D100	RO_D200	COX6C	NA	NA	256.8617142857143	273.0593033333333	226.462555	5.563395042089358	15.518605000000022	-0.26993091651559503	NA	122.57382428571428	190.74302333333333	1.6996449999999999	73.83726489559712	1.5728449999999998	-6.801865325807547	NA	0.44380000000000003	0.6999	0.008	-0.6919	0.026506584239583228	0.026506584239583228	COX6C
ENSG00000164919	isoComp_00080064	geneComp_00011070	ENST00000520468.7	RO_D100	RO_D200	COX6C	NA	NA	256.8617142857143	273.0593033333333	226.462555	5.563395042089358	15.518605000000022	-0.26993091651559503	NA	122.57382428571428	190.74302333333333	1.6996449999999999	73.83726489559712	1.5728449999999998	-6.801865325807547	NA	0.44380000000000003	0.6999	0.008	-0.6919	0.026506584239583228	0.026506584239583228	COX6C
ENSG00000168676	isoComp_00085767	geneComp_00011959	ENST00000569333.5	RO_D100	RO_D200	KCTD19	NA	NA	1.0004814285714285	1.01831	1.299035	0.260693707058686	0.26258500000000007	0.34822841860083315	NA	0.2590042857142857	0	0.75859	0	0.14891	6.264142300738687	NA	0.22515714285714283	0	0.5846499999999999	0.5846499999999999	5.214326611782766e-4	5.214326611782766e-4	KCTD19
ENSG00000168676	isoComp_00085767	geneComp_00011959	ENST00000569333.5	RO_D100	RO_D200	KCTD19	NA	NA	1.0004814285714285	1.01831	1.299035	0.260693707058686	0.26258500000000007	0.34822841860083315	NA	0.2590042857142857	0	0.75859	0	0.14891	6.264142300738687	NA	0.22515714285714283	0	0.5846499999999999	0.5846499999999999	5.214326611782766e-4	5.214326611782766e-4	KCTD19
ENSG00000168676	isoComp_00085767	geneComp_00011959	ENST00000569333.5	RO_D100	RO_D200	KCTD19	NA	NA	1.0004814285714285	1.01831	1.299035	0.260693707058686	0.26258500000000007	0.34822841860083315	NA	0.2590042857142857	0	0.75859	0	0.14891	6.264142300738687	NA	0.22515714285714283	0	0.5846499999999999	0.5846499999999999	5.214326611782766e-4	5.214326611782766e-4	KCTD19
ENSG00000168676	isoComp_00085768	geneComp_00011959	ENST00000570049.5	RO_D100	RO_D200	KCTD19	NA	NA	1.0004814285714285	1.01831	1.299035	0.260693707058686	0.26258500000000007	0.34822841860083315	NA	0.5101385714285714	0.84436	0.32706	0.3292665993284672	0.32705999999999996	-1.341838675346517	NA	0.4702	0.7564333333333333	0.20945	-0.5469833333333333	0.3801371791410326	5.214326611782766e-4	KCTD19
ENSG00000168676	isoComp_00085768	geneComp_00011959	ENST00000570049.5	RO_D100	RO_D200	KCTD19	NA	NA	1.0004814285714285	1.01831	1.299035	0.260693707058686	0.26258500000000007	0.34822841860083315	NA	0.5101385714285714	0.84436	0.32706	0.3292665993284672	0.32705999999999996	-1.341838675346517	NA	0.4702	0.7564333333333333	0.20945	-0.5469833333333333	0.3801371791410326	5.214326611782766e-4	KCTD19
ENSG00000168676	isoComp_00085768	geneComp_00011959	ENST00000570049.5	RO_D100	RO_D200	KCTD19	NA	NA	1.0004814285714285	1.01831	1.299035	0.260693707058686	0.26258500000000007	0.34822841860083315	NA	0.5101385714285714	0.84436	0.32706	0.3292665993284672	0.32705999999999996	-1.341838675346517	NA	0.4702	0.7564333333333333	0.20945	-0.5469833333333333	0.3801371791410326	5.214326611782766e-4	KCTD19
ENSG00000168994	isoComp_00086148	geneComp_00012028	ENST00000380283.5	RO_D100	RO_D200	PXDC1	NA	NA	4.265327142857143	3.16052	7.1998549999999994	0.6547698967067237	1.6404749999999997	1.1852507676401551	NA	3.473192857142857	1.40097	7.0667100000000005	0.6424926197241492	1.50733	2.3263914858716306	NA	0.74374285714285715	0.4121	0.98495	0.57285	2.650841694116829e-4	5.810468195402161e-11	PXDC1
ENSG00000168994	isoComp_00086148	geneComp_00012028	ENST00000380283.5	RO_D100	RO_D200	PXDC1	NA	NA	4.265327142857143	3.16052	7.1998549999999994	0.6547698967067237	1.6404749999999997	1.1852507676401551	NA	3.473192857142857	1.40097	7.0667100000000005	0.6424926197241492	1.50733	2.3263914858716306	NA	0.74374285714285715	0.4121	0.98495	0.57285	2.650841694116829e-4	5.810468195402161e-11	PXDC1
ENSG00000168994	isoComp_00086148	geneComp_00012028	ENST00000380283.5	RO_D100	RO_D200	PXDC1	NA	NA	4.265327142857143	3.16052	7.1998549999999994	0.6547698967067237	1.6404749999999997	1.1852507676401551	NA	3.473192857142857	1.40097	7.0667100000000005	0.6424926197241492	1.50733	2.3263914858716306	NA	0.74374285714285715	0.4121	0.98495	0.57285	2.650841694116829e-4	5.810468195402161e-11	PXDC1
ENSG00000172748	isoComp_00090377	geneComp_00012819	ENST00000320552.6	RO_D100	RO_D200	ZNF596	NA	NA	5.4458142857142855	3.217213333333333	7.497415	0.6217000041374007	0.0016250000000002094	1.218027285864632	NA	2.0491685714285715	2.6406533333333333	1.96403	0.6145539211583562	0.45013999999999993	-0.42520408405922855	NA	0.5316142857142857	0.8140333333333333	0.26195	-0.5520833333333333	0.0010959132240856515	0.0010959132240856515	ZNF596
ENSG00000172748	isoComp_00090377	geneComp_00012819	ENST00000320552.6	RO_D100	RO_D200	ZNF596	NA	NA	5.4458142857142855	3.217213333333333	7.497415	0.6217000041374007	0.0016250000000002094	1.218027285864632	NA	2.0491685714285715	2.6406533333333333	1.96403	0.6145539211583562	0.45013999999999993	-0.42520408405922855	NA	0.5316142857142857	0.8140333333333333	0.26195	-0.5520833333333333	0.0010959132240856515	0.0010959132240856515	ZNF596
ENSG00000172748	isoComp_00090377	geneComp_00012819	ENST00000320552.6	RO_D100	RO_D200	ZNF596	NA	NA	5.4458142857142855	3.217213333333333	7.497415	0.6217000041374007	0.0016250000000002094	1.218027285864632	NA	2.0491685714285715	2.6406533333333333	1.96403	0.6145539211583562	0.45013999999999993	-0.42520408405922855	NA	0.5316142857142857	0.8140333333333333	0.26195	-0.5520833333333333	0.0010959132240856515	0.0010959132240856515	ZNF596
ENSG00000172828	isoComp_00090530	geneComp_00012841	ENST00000303334.9	RO_D100	RO_D200	CES3	NA	NA	3.2891728571428573	4.1821	2.65755	0.6897118274564628	0.34076999999999996	-0.6521578190223867	NA	2.5601585714285715	4.1821	0.8022199999999999	0.6897118274564628	0.02143	-2.36773067435207	NA	0.7232571428571428	1	0.30585	-0.69415	2.7656414982584762e-12	2.7656414982584762e-12	CES3
ENSG00000172828	isoComp_00090530	geneComp_00012841	ENST00000303334.9	RO_D100	RO_D200	CES3	NA	NA	3.2891728571428573	4.1821	2.65755	0.6897118274564628	0.34076999999999996	-0.6521578190223867	NA	2.5601585714285715	4.1821	0.8022199999999999	0.6897118274564628	0.02143	-2.36773067435207	NA	0.7232571428571428	1	0.30585	-0.69415	2.7656414982584762e-12	2.7656414982584762e-12	CES3
ENSG00000172828	isoComp_00090530	geneComp_00012841	ENST00000303334.9	RO_D100	RO_D200	CES3	NA	NA	3.2891728571428573	4.1821	2.65755	0.6897118274564628	0.34076999999999996	-0.6521578190223867	NA	2.5601585714285715	4.1821	0.8022199999999999	0.6897118274564628	0.02143	-2.36773067435207	NA	0.7232571428571428	1	0.30585	-0.69415	2.7656414982584762e-12	2.7656414982584762e-12	CES3
ENSG00000172828	isoComp_00090531	geneComp_00012841	ENST00000543856.1	RO_D100	RO_D200	CES3	NA	NA	3.2891728571428573	4.1821	2.65755	0.6897118274564628	0.34076999999999996	-0.6521578190223867	NA	0.6166857142857143	0	1.46218	0	0.0041800000000000725	7.201810266897346	NA	0.2383	0	0.5596	0.5596	2.4487818093660217e-8	2.7656414982584762e-12	CES3
ENSG00000172828	isoComp_00090531	geneComp_00012841	ENST00000543856.1	RO_D100	RO_D200	CES3	NA	NA	3.2891728571428573	4.1821	2.65755	0.6897118274564628	0.34076999999999996	-0.6521578190223867	NA	0.6166857142857143	0	1.46218	0	0.0041800000000000725	7.201810266897346	NA	0.2383	0	0.5596	0.5596	2.4487818093660217e-8	2.7656414982584762e-12	CES3
ENSG00000172828	isoComp_00090531	geneComp_00012841	ENST00000543856.1	RO_D100	RO_D200	CES3	NA	NA	3.2891728571428573	4.1821	2.65755	0.6897118274564628	0.34076999999999996	-0.6521578190223867	NA	0.6166857142857143	0	1.46218	0	0.0041800000000000725	7.201810266897346	NA	0.2383	0	0.5596	0.5596	2.4487818093660217e-8	2.7656414982584762e-12	CES3
ENSG00000176871	isoComp_00094343	geneComp_00013556	ENST00000315436.8	RO_D100	RO_D200	WSB2	NA	NA	57.005112857142855	61.18198666666667	48.376219999999996	3.860684232383915	5.275440000000002	-0.3387465004120326	NA	36.94952142857143	22.20731333333333	43.059219999999996	2.1776716478870526	8.148210000000002	0.9549728291530775	NA	0.6659285714285714	0.3697	0.8822000000000001	0.5125000000000002	0.0035341982178352903	0.0035341982178352903	WSB2
ENSG00000176871	isoComp_00094343	geneComp_00013556	ENST00000315436.8	RO_D100	RO_D200	WSB2	NA	NA	57.005112857142855	61.18198666666667	48.376219999999996	3.860684232383915	5.275440000000002	-0.3387465004120326	NA	36.94952142857143	22.20731333333333	43.059219999999996	2.1776716478870526	8.148210000000002	0.9549728291530775	NA	0.6659285714285714	0.3697	0.8822000000000001	0.5125000000000002	0.0035341982178352903	0.0035341982178352903	WSB2
ENSG00000176871	isoComp_00094343	geneComp_00013556	ENST00000315436.8	RO_D100	RO_D200	WSB2	NA	NA	57.005112857142855	61.18198666666667	48.376219999999996	3.860684232383915	5.275440000000002	-0.3387465004120326	NA	36.94952142857143	22.20731333333333	43.059219999999996	2.1776716478870526	8.148210000000002	0.9549728291530775	NA	0.6659285714285714	0.3697	0.8822000000000001	0.5125000000000002	0.0035341982178352903	0.0035341982178352903	WSB2
ENSG00000196576	isoComp_00106484	geneComp_00016158	ENST00000479701.5	RO_D100	RO_D200	PLXNB2	NA	NA	50.243204285714285	60.36881666666667	38.717225	2.7527364443969393	5.423455000000001	-0.6406943537606298	NA	26.148084285714287	42.04454333333333	2.721645	5.907390969185222	1.628555	-3.94441975875915	NA	0.47968571428571427	0.6949333333333333	0.07775	-0.6171833333333333	0.0015995477381337037	0.0015995477381337037	PLXNB2
ENSG00000196576	isoComp_00106484	geneComp_00016158	ENST00000479701.5	RO_D100	RO_D200	PLXNB2	NA	NA	50.243204285714285	60.36881666666667	38.717225	2.7527364443969393	5.423455000000001	-0.6406943537606298	NA	26.148084285714287	42.04454333333333	2.721645	5.907390969185222	1.628555	-3.94441975875915	NA	0.47968571428571427	0.6949333333333333	0.07775	-0.6171833333333333	0.0015995477381337037	0.0015995477381337037	PLXNB2
ENSG00000196576	isoComp_00106484	geneComp_00016158	ENST00000479701.5	RO_D100	RO_D200	PLXNB2	NA	NA	50.243204285714285	60.36881666666667	38.717225	2.7527364443969393	5.423455000000001	-0.6406943537606298	NA	26.148084285714287	42.04454333333333	2.721645	5.907390969185222	1.628555	-3.94441975875915	NA	0.47968571428571427	0.6949333333333333	0.07775	-0.6171833333333333	0.0015995477381337037	0.0015995477381337037	PLXNB2
ENSG00000204758	isoComp_00112272	geneComp_00017719	ENST00000518894.1	RO_D100	RO_D200	RPL26L1-AS1	NA	NA	1.6007657142857143	2.0831866666666667	1.6796049999999998	1.3622509301927863	1.4297549999999997	-0.30901496516857174	NA	0.8808242857142857	1.9806466666666667	0	1.4143440407639314	0	-7.637093359861372	NA	0.43174285714285715	0.8407333333333333	0	-0.8407333333333333	0.015408280815106468	5.579987918660597e-4	RPL26L1-AS1
ENSG00000204758	isoComp_00112272	geneComp_00017719	ENST00000518894.1	RO_D100	RO_D200	RPL26L1-AS1	NA	NA	1.6007657142857143	2.0831866666666667	1.6796049999999998	1.3622509301927863	1.4297549999999997	-0.30901496516857174	NA	0.8808242857142857	1.9806466666666667	0	1.4143440407639314	0	-7.637093359861372	NA	0.43174285714285715	0.8407333333333333	0	-0.8407333333333333	0.015408280815106468	5.579987918660597e-4	RPL26L1-AS1
ENSG00000204758	isoComp_00112272	geneComp_00017719	ENST00000518894.1	RO_D100	RO_D200	RPL26L1-AS1	NA	NA	1.6007657142857143	2.0831866666666667	1.6796049999999998	1.3622509301927863	1.4297549999999997	-0.30901496516857174	NA	0.8808242857142857	1.9806466666666667	0	1.4143440407639314	0	-7.637093359861372	NA	0.43174285714285715	0.8407333333333333	0	-0.8407333333333333	0.015408280815106468	5.579987918660597e-4	RPL26L1-AS1
ENSG00000204758	isoComp_00112271	geneComp_00017719	ENST00000518818.1	RO_D100	RO_D200	RPL26L1-AS1	NA	NA	1.6007657142857143	2.0831866666666667	1.6796049999999998	1.3622509301927863	1.4297549999999997	-0.30901496516857174	NA	0.5638285714285715	0.057883333333333335	1.24123	0.057883333333333335	1.0538399999999999	4.204145790083568	NA	0.4644142857142857	0.1114	0.74405	0.6326499999999999	5.579987918660597e-4	5.579987918660597e-4	RPL26L1-AS1
ENSG00000204758	isoComp_00112271	geneComp_00017719	ENST00000518818.1	RO_D100	RO_D200	RPL26L1-AS1	NA	NA	1.6007657142857143	2.0831866666666667	1.6796049999999998	1.3622509301927863	1.4297549999999997	-0.30901496516857174	NA	0.5638285714285715	0.057883333333333335	1.24123	0.057883333333333335	1.0538399999999999	4.204145790083568	NA	0.4644142857142857	0.1114	0.74405	0.6326499999999999	5.579987918660597e-4	5.579987918660597e-4	RPL26L1-AS1
ENSG00000204758	isoComp_00112271	geneComp_00017719	ENST00000518818.1	RO_D100	RO_D200	RPL26L1-AS1	NA	NA	1.6007657142857143	2.0831866666666667	1.6796049999999998	1.3622509301927863	1.4297549999999997	-0.30901496516857174	NA	0.5638285714285715	0.057883333333333335	1.24123	0.057883333333333335	1.0538399999999999	4.204145790083568	NA	0.4644142857142857	0.1114	0.74405	0.6326499999999999	5.579987918660597e-4	5.579987918660597e-4	RPL26L1-AS1
ENSG00000205707	isoComp_00113044	geneComp_00017920	ENST00000381356.9	RO_D100	RO_D200	ETFRF1	NA	NA	23.675071428571428	24.469366666666666	26.212424999999996	0.6919513474306639	1.4595050000000016	0.09923487650200605	NA	17.214848571428572	23.40842	6.55659	0.3634992415856372	2.7849999999999997	-1.8344274577869673	NA	0.7510571428571429	0.9576	0.25685	-0.70075	2.8893565461397913e-6	5.610123257938671e-10	ETFRF1
ENSG00000205707	isoComp_00113044	geneComp_00017920	ENST00000381356.9	RO_D100	RO_D200	ETFRF1	NA	NA	23.675071428571428	24.469366666666666	26.212424999999996	0.6919513474306639	1.4595050000000016	0.09923487650200605	NA	17.214848571428572	23.40842	6.55659	0.3634992415856372	2.7849999999999997	-1.8344274577869673	NA	0.7510571428571429	0.9576	0.25685	-0.70075	2.8893565461397913e-6	5.610123257938671e-10	ETFRF1
ENSG00000205707	isoComp_00113044	geneComp_00017920	ENST00000381356.9	RO_D100	RO_D200	ETFRF1	NA	NA	23.675071428571428	24.469366666666666	26.212424999999996	0.6919513474306639	1.4595050000000016	0.09923487650200605	NA	17.214848571428572	23.40842	6.55659	0.3634992415856372	2.7849999999999997	-1.8344274577869673	NA	0.7510571428571429	0.9576	0.25685	-0.70075	2.8893565461397913e-6	5.610123257938671e-10	ETFRF1
ENSG00000205707	isoComp_00113051	geneComp_00017920	ENST00000557540.7	RO_D100	RO_D200	ETFRF1	NA	NA	23.675071428571428	24.469366666666666	26.212424999999996	0.6919513474306639	1.4595050000000016	0.09923487650200605	NA	5.307628571428571	0	18.327575	0	4.382935	10.8405871511419	NA	0.20084285714285716	0	0.69205	0.69205	5.610123257938671e-10	5.610123257938671e-10	ETFRF1
ENSG00000205707	isoComp_00113051	geneComp_00017920	ENST00000557540.7	RO_D100	RO_D200	ETFRF1	NA	NA	23.675071428571428	24.469366666666666	26.212424999999996	0.6919513474306639	1.4595050000000016	0.09923487650200605	NA	5.307628571428571	0	18.327575	0	4.382935	10.8405871511419	NA	0.20084285714285716	0	0.69205	0.69205	5.610123257938671e-10	5.610123257938671e-10	ETFRF1
ENSG00000205707	isoComp_00113051	geneComp_00017920	ENST00000557540.7	RO_D100	RO_D200	ETFRF1	NA	NA	23.675071428571428	24.469366666666666	26.212424999999996	0.6919513474306639	1.4595050000000016	0.09923487650200605	NA	5.307628571428571	0	18.327575	0	4.382935	10.8405871511419	NA	0.20084285714285716	0	0.69205	0.69205	5.610123257938671e-10	5.610123257938671e-10	ETFRF1
ENSG00000205740	isoComp_00113078	geneComp_00017924	ENST00000381466.2	RO_D100	RO_D200		NA	NA	2.8808857142857143	2.647533333333333	2.85147	0.2562696751687782	1.4772499999999997	0.10666869404011087	NA	0.8516771428571428	0.4370266666666667	2.235055	0.17156683530851113	1.423015	2.3283179881830787	NA	0.2871714285714286	0.17473333333333332	0.718	0.5432666666666667	0.03079759312781147	0.030587171118128625	
ENSG00000205740	isoComp_00113078	geneComp_00017924	ENST00000381466.2	RO_D100	RO_D200		NA	NA	2.8808857142857143	2.647533333333333	2.85147	0.2562696751687782	1.4772499999999997	0.10666869404011087	NA	0.8516771428571428	0.4370266666666667	2.235055	0.17156683530851113	1.423015	2.3283179881830787	NA	0.2871714285714286	0.17473333333333332	0.718	0.5432666666666667	0.03079759312781147	0.030587171118128625	
ENSG00000205740	isoComp_00113078	geneComp_00017924	ENST00000381466.2	RO_D100	RO_D200		NA	NA	2.8808857142857143	2.647533333333333	2.85147	0.2562696751687782	1.4772499999999997	0.10666869404011087	NA	0.8516771428571428	0.4370266666666667	2.235055	0.17156683530851113	1.423015	2.3283179881830787	NA	0.2871714285714286	0.17473333333333332	0.718	0.5432666666666667	0.03079759312781147	0.030587171118128625	
ENSG00000205740	isoComp_00113079	geneComp_00017924	ENST00000615314.1	RO_D100	RO_D200		NA	NA	2.8808857142857143	2.647533333333333	2.85147	0.2562696751687782	1.4772499999999997	0.10666869404011087	NA	2.0292085714285713	2.2105066666666664	0.6164149999999999	0.3783381920246018	0.05423499999999997	-1.8256982381175162	NA	0.7128285714285715	0.8252666666666667	0.28200000000000003	-0.5432666666666667	0.030587171118128625	0.030587171118128625	
ENSG00000205740	isoComp_00113079	geneComp_00017924	ENST00000615314.1	RO_D100	RO_D200		NA	NA	2.8808857142857143	2.647533333333333	2.85147	0.2562696751687782	1.4772499999999997	0.10666869404011087	NA	2.0292085714285713	2.2105066666666664	0.6164149999999999	0.3783381920246018	0.05423499999999997	-1.8256982381175162	NA	0.7128285714285715	0.8252666666666667	0.28200000000000003	-0.5432666666666667	0.030587171118128625	0.030587171118128625	
ENSG00000205740	isoComp_00113079	geneComp_00017924	ENST00000615314.1	RO_D100	RO_D200		NA	NA	2.8808857142857143	2.647533333333333	2.85147	0.2562696751687782	1.4772499999999997	0.10666869404011087	NA	2.0292085714285713	2.2105066666666664	0.6164149999999999	0.3783381920246018	0.05423499999999997	-1.8256982381175162	NA	0.7128285714285715	0.8252666666666667	0.28200000000000003	-0.5432666666666667	0.030587171118128625	0.030587171118128625	
ENSG00000205930	isoComp_00113183	geneComp_00017964	ENST00000666106.1	RO_D100	RO_D200	C21orf62-AS1	NA	NA	0.9537585714285715	1.17033	1.27304	0.21498867791893905	0.6633600000000001	0.12037587978430198	NA	0.36669285714285715	0.73127	0	0.2226015672301822	0	-6.211927220025349	NA	0.4076	0.6177333333333334	0	-0.6177333333333334	8.350191384472776e-4	8.350191384472776e-4	C21orf62-AS1
ENSG00000205930	isoComp_00113183	geneComp_00017964	ENST00000666106.1	RO_D100	RO_D200	C21orf62-AS1	NA	NA	0.9537585714285715	1.17033	1.27304	0.21498867791893905	0.6633600000000001	0.12037587978430198	NA	0.36669285714285715	0.73127	0	0.2226015672301822	0	-6.211927220025349	NA	0.4076	0.6177333333333334	0	-0.6177333333333334	8.350191384472776e-4	8.350191384472776e-4	C21orf62-AS1
ENSG00000205930	isoComp_00113183	geneComp_00017964	ENST00000666106.1	RO_D100	RO_D200	C21orf62-AS1	NA	NA	0.9537585714285715	1.17033	1.27304	0.21498867791893905	0.6633600000000001	0.12037587978430198	NA	0.36669285714285715	0.73127	0	0.2226015672301822	0	-6.211927220025349	NA	0.4076	0.6177333333333334	0	-0.6177333333333334	8.350191384472776e-4	8.350191384472776e-4	C21orf62-AS1
ENSG00000226266	isoComp_00120444	geneComp_00021552	ENST00000693353.1	RO_D100	RO_D200		NA	NA	2.10432	2.00923	3.691	0.49400124372313076	0.9425499999999998	0.8741098857113183	NA	0.5368171428571429	1.12985	0	0.12496421407747099	0	-6.832700173380089	NA	0.33764285714285713	0.6160333333333333	0	-0.6160333333333333	3.945935977400812e-4	3.945935977400812e-4	
ENSG00000226266	isoComp_00120444	geneComp_00021552	ENST00000693353.1	RO_D100	RO_D200		NA	NA	2.10432	2.00923	3.691	0.49400124372313076	0.9425499999999998	0.8741098857113183	NA	0.5368171428571429	1.12985	0	0.12496421407747099	0	-6.832700173380089	NA	0.33764285714285713	0.6160333333333333	0	-0.6160333333333333	3.945935977400812e-4	3.945935977400812e-4	
ENSG00000226266	isoComp_00120444	geneComp_00021552	ENST00000693353.1	RO_D100	RO_D200		NA	NA	2.10432	2.00923	3.691	0.49400124372313076	0.9425499999999998	0.8741098857113183	NA	0.5368171428571429	1.12985	0	0.12496421407747099	0	-6.832700173380089	NA	0.33764285714285713	0.6160333333333333	0	-0.6160333333333333	3.945935977400812e-4	3.945935977400812e-4	
ENSG00000226803	isoComp_00121087	geneComp_00021812	ENST00000586234.1	RO_D100	RO_D200	ZNF451-AS1	NA	NA	3.0844728571428575	4.2078	1.12287	1.1953718231579664	1.00094	-1.896508369550193	NA	1.8196757142857143	3.91039	0.09295	1.264863130158095	0.031979999999999995	-5.250981445553286	NA	0.6018428571428571	0.915	0.2794	-0.6356	0.08009200791444823	0.021173993470544057	ZNF451-AS1
ENSG00000226803	isoComp_00121087	geneComp_00021812	ENST00000586234.1	RO_D100	RO_D200	ZNF451-AS1	NA	NA	3.0844728571428575	4.2078	1.12287	1.1953718231579664	1.00094	-1.896508369550193	NA	1.8196757142857143	3.91039	0.09295	1.264863130158095	0.031979999999999995	-5.250981445553286	NA	0.6018428571428571	0.915	0.2794	-0.6356	0.08009200791444823	0.021173993470544057	ZNF451-AS1
ENSG00000226803	isoComp_00121087	geneComp_00021812	ENST00000586234.1	RO_D100	RO_D200	ZNF451-AS1	NA	NA	3.0844728571428575	4.2078	1.12287	1.1953718231579664	1.00094	-1.896508369550193	NA	1.8196757142857143	3.91039	0.09295	1.264863130158095	0.031979999999999995	-5.250981445553286	NA	0.6018428571428571	0.915	0.2794	-0.6356	0.08009200791444823	0.021173993470544057	ZNF451-AS1
ENSG00000230303	isoComp_00124556	geneComp_00023447	ENST00000655407.1	RO_D100	RO_D200		NA	NA	2.47379	2.7276966666666667	3.5558000000000005	0.09123102256238168	0.6293499999999999	0.38126318012027494	NA	0.5662871428571429	0.03564666666666667	1.8780450000000002	0.03564666666666667	0.101395	5.370239828625311	NA	0.17288571428571428	0.0133	0.5400499999999999	0.5267499999999999	2.7679711603087367e-6	2.7679711603087367e-6	
ENSG00000230303	isoComp_00124556	geneComp_00023447	ENST00000655407.1	RO_D100	RO_D200		NA	NA	2.47379	2.7276966666666667	3.5558000000000005	0.09123102256238168	0.6293499999999999	0.38126318012027494	NA	0.5662871428571429	0.03564666666666667	1.8780450000000002	0.03564666666666667	0.101395	5.370239828625311	NA	0.17288571428571428	0.0133	0.5400499999999999	0.5267499999999999	2.7679711603087367e-6	2.7679711603087367e-6	
ENSG00000230303	isoComp_00124556	geneComp_00023447	ENST00000655407.1	RO_D100	RO_D200		NA	NA	2.47379	2.7276966666666667	3.5558000000000005	0.09123102256238168	0.6293499999999999	0.38126318012027494	NA	0.5662871428571429	0.03564666666666667	1.8780450000000002	0.03564666666666667	0.101395	5.370239828625311	NA	0.17288571428571428	0.0133	0.5400499999999999	0.5267499999999999	2.7679711603087367e-6	2.7679711603087367e-6	
ENSG00000231616	isoComp_00125864	geneComp_00024069	ENST00000586206.5	RO_D100	RO_D200		NA	NA	1.1176685714285715	1.4548333333333334	1.2595649999999998	0.3473663609856955	0.44752500000000006	-0.20640226528323238	NA	0.39576	0.8737	0	0.2581976940898841	0	-6.465484779018499	NA	0.2988	0.5861	0	-0.5861	3.490684047543486e-5	3.490684047543486e-5	
ENSG00000231616	isoComp_00125864	geneComp_00024069	ENST00000586206.5	RO_D100	RO_D200		NA	NA	1.1176685714285715	1.4548333333333334	1.2595649999999998	0.3473663609856955	0.44752500000000006	-0.20640226528323238	NA	0.39576	0.8737	0	0.2581976940898841	0	-6.465484779018499	NA	0.2988	0.5861	0	-0.5861	3.490684047543486e-5	3.490684047543486e-5	
ENSG00000231616	isoComp_00125864	geneComp_00024069	ENST00000586206.5	RO_D100	RO_D200		NA	NA	1.1176685714285715	1.4548333333333334	1.2595649999999998	0.3473663609856955	0.44752500000000006	-0.20640226528323238	NA	0.39576	0.8737	0	0.2581976940898841	0	-6.465484779018499	NA	0.2988	0.5861	0	-0.5861	3.490684047543486e-5	3.490684047543486e-5	
ENSG00000232907	isoComp_00127178	geneComp_00024694	ENST00000433238.5	RO_D100	RO_D200	DLGAP4-AS1	NA	NA	0.9947585714285715	1.0893833333333334	1.01944	0.2511303694852094	0.10492	-0.09483476716122674	NA	0.18024285714285715	0	0.63085	0	0.17359000000000002	6.001914808080216	NA	0.17364285714285715	0	0.60775	0.60775	0.0025604774732633302	0.0025604774732633302	DLGAP4-AS1
ENSG00000232907	isoComp_00127178	geneComp_00024694	ENST00000433238.5	RO_D100	RO_D200	DLGAP4-AS1	NA	NA	0.9947585714285715	1.0893833333333334	1.01944	0.2511303694852094	0.10492	-0.09483476716122674	NA	0.18024285714285715	0	0.63085	0	0.17359000000000002	6.001914808080216	NA	0.17364285714285715	0	0.60775	0.60775	0.0025604774732633302	0.0025604774732633302	DLGAP4-AS1
ENSG00000232907	isoComp_00127178	geneComp_00024694	ENST00000433238.5	RO_D100	RO_D200	DLGAP4-AS1	NA	NA	0.9947585714285715	1.0893833333333334	1.01944	0.2511303694852094	0.10492	-0.09483476716122674	NA	0.18024285714285715	0	0.63085	0	0.17359000000000002	6.001914808080216	NA	0.17364285714285715	0	0.60775	0.60775	0.0025604774732633302	0.0025604774732633302	DLGAP4-AS1
ENSG00000232907	isoComp_00127177	geneComp_00024694	ENST00000425233.6	RO_D100	RO_D200	DLGAP4-AS1	NA	NA	0.9947585714285715	1.0893833333333334	1.01944	0.2511303694852094	0.10492	-0.09483476716122674	NA	0.6686942857142857	0.9198466666666667	0.33255999999999997	0.255201679744559	0.12469999999999999	-1.4406361320751204	NA	0.6615428571428571	0.8472333333333333	0.34245000000000003	-0.5047833333333333	0.19134430831670846	0.0025604774732633302	DLGAP4-AS1
ENSG00000232907	isoComp_00127177	geneComp_00024694	ENST00000425233.6	RO_D100	RO_D200	DLGAP4-AS1	NA	NA	0.9947585714285715	1.0893833333333334	1.01944	0.2511303694852094	0.10492	-0.09483476716122674	NA	0.6686942857142857	0.9198466666666667	0.33255999999999997	0.255201679744559	0.12469999999999999	-1.4406361320751204	NA	0.6615428571428571	0.8472333333333333	0.34245000000000003	-0.5047833333333333	0.19134430831670846	0.0025604774732633302	DLGAP4-AS1
ENSG00000232907	isoComp_00127177	geneComp_00024694	ENST00000425233.6	RO_D100	RO_D200	DLGAP4-AS1	NA	NA	0.9947585714285715	1.0893833333333334	1.01944	0.2511303694852094	0.10492	-0.09483476716122674	NA	0.6686942857142857	0.9198466666666667	0.33255999999999997	0.255201679744559	0.12469999999999999	-1.4406361320751204	NA	0.6615428571428571	0.8472333333333333	0.34245000000000003	-0.5047833333333333	0.19134430831670846	0.0025604774732633302	DLGAP4-AS1
ENSG00000245614	isoComp_00136279	geneComp_00028856	ENST00000618041.2	RO_D100	RO_D200	DDX11-AS1	NA	NA	2.0870285714285712	1.68708	2.24105	0.9233595526301407	0.92928	0.40754352725420956	NA	1.0152914285714287	1.2413100000000001	0.24419000000000002	0.7470805644194831	0.04580000000000001	-2.299460067574199	NA	0.4723857142857143	0.6735	0.12135	-0.55215	1.4707696847892103e-4	1.4707696847892103e-4	DDX11-AS1
ENSG00000245614	isoComp_00136279	geneComp_00028856	ENST00000618041.2	RO_D100	RO_D200	DDX11-AS1	NA	NA	2.0870285714285712	1.68708	2.24105	0.9233595526301407	0.92928	0.40754352725420956	NA	1.0152914285714287	1.2413100000000001	0.24419000000000002	0.7470805644194831	0.04580000000000001	-2.299460067574199	NA	0.4723857142857143	0.6735	0.12135	-0.55215	1.4707696847892103e-4	1.4707696847892103e-4	DDX11-AS1
ENSG00000245614	isoComp_00136279	geneComp_00028856	ENST00000618041.2	RO_D100	RO_D200	DDX11-AS1	NA	NA	2.0870285714285712	1.68708	2.24105	0.9233595526301407	0.92928	0.40754352725420956	NA	1.0152914285714287	1.2413100000000001	0.24419000000000002	0.7470805644194831	0.04580000000000001	-2.299460067574199	NA	0.4723857142857143	0.6735	0.12135	-0.55215	1.4707696847892103e-4	1.4707696847892103e-4	DDX11-AS1
ENSG00000250303	isoComp_00139299	geneComp_00030064	ENST00000701847.1	RO_D100	RO_D200	LINC02762	NA	NA	16.604185714285716	17.610603333333334	26.942550000000004	0.6721802599584269	0.6044700000000008	0.6131584505434958	NA	5.085815714285714	0.5168433333333333	16.94675	0.3279935052880028	0.6683500000000002	5.008341859917396	NA	0.19735714285714284	0.0302	0.6288	0.5986	8.240636393510142e-6	1.4684064744761638e-6	LINC02762
ENSG00000250303	isoComp_00139299	geneComp_00030064	ENST00000701847.1	RO_D100	RO_D200	LINC02762	NA	NA	16.604185714285716	17.610603333333334	26.942550000000004	0.6721802599584269	0.6044700000000008	0.6131584505434958	NA	5.085815714285714	0.5168433333333333	16.94675	0.3279935052880028	0.6683500000000002	5.008341859917396	NA	0.19735714285714284	0.0302	0.6288	0.5986	8.240636393510142e-6	1.4684064744761638e-6	LINC02762
ENSG00000250303	isoComp_00139299	geneComp_00030064	ENST00000701847.1	RO_D100	RO_D200	LINC02762	NA	NA	16.604185714285716	17.610603333333334	26.942550000000004	0.6721802599584269	0.6044700000000008	0.6131584505434958	NA	5.085815714285714	0.5168433333333333	16.94675	0.3279935052880028	0.6683500000000002	5.008341859917396	NA	0.19735714285714284	0.0302	0.6288	0.5986	8.240636393510142e-6	1.4684064744761638e-6	LINC02762
ENSG00000283189	isoComp_00157912	geneComp_00041264	ENST00000636204.1	RO_D100	RO_D200		NA	NA	13.446424285714286	16.126920000000002	10.2262	0.9636745389566618	1.4186500000000013	-0.6566850016459885	NA	5.427507142857143	9.311563333333334	0.119355	3.8132853209506603	0.119355	-6.171164206551284	NA	0.3644857142857143	0.5847	0.01025	-0.57445	0.04872897008837583	0.04872897008837583	
ENSG00000283189	isoComp_00157912	geneComp_00041264	ENST00000636204.1	RO_D100	RO_D200		NA	NA	13.446424285714286	16.126920000000002	10.2262	0.9636745389566618	1.4186500000000013	-0.6566850016459885	NA	5.427507142857143	9.311563333333334	0.119355	3.8132853209506603	0.119355	-6.171164206551284	NA	0.3644857142857143	0.5847	0.01025	-0.57445	0.04872897008837583	0.04872897008837583	
ENSG00000283189	isoComp_00157912	geneComp_00041264	ENST00000636204.1	RO_D100	RO_D200		NA	NA	13.446424285714286	16.126920000000002	10.2262	0.9636745389566618	1.4186500000000013	-0.6566850016459885	NA	5.427507142857143	9.311563333333334	0.119355	3.8132853209506603	0.119355	-6.171164206551284	NA	0.3644857142857143	0.5847	0.01025	-0.57445	0.04872897008837583	0.04872897008837583	
ENSG00000283189	isoComp_00157915	geneComp_00041264	ENST00000637442.1	RO_D100	RO_D200		NA	NA	13.446424285714286	16.126920000000002	10.2262	0.9636745389566618	1.4186500000000013	-0.6566850016459885	NA	5.399297142857143	4.144996666666667	7.7704699999999995	4.144996666666667	0.5653000000000001	0.9050099880794557	NA	0.4369571428571429	0.24933333333333332	0.76695	0.5176166666666667	0.30272919632486206	0.04872897008837583	
ENSG00000283189	isoComp_00157915	geneComp_00041264	ENST00000637442.1	RO_D100	RO_D200		NA	NA	13.446424285714286	16.126920000000002	10.2262	0.9636745389566618	1.4186500000000013	-0.6566850016459885	NA	5.399297142857143	4.144996666666667	7.7704699999999995	4.144996666666667	0.5653000000000001	0.9050099880794557	NA	0.4369571428571429	0.24933333333333332	0.76695	0.5176166666666667	0.30272919632486206	0.04872897008837583	
ENSG00000283189	isoComp_00157915	geneComp_00041264	ENST00000637442.1	RO_D100	RO_D200		NA	NA	13.446424285714286	16.126920000000002	10.2262	0.9636745389566618	1.4186500000000013	-0.6566850016459885	NA	5.399297142857143	4.144996666666667	7.7704699999999995	4.144996666666667	0.5653000000000001	0.9050099880794557	NA	0.4369571428571429	0.24933333333333332	0.76695	0.5176166666666667	0.30272919632486206	0.04872897008837583	
ENSG00000291129	isoComp_00164650	geneComp_00045616	ENST00000431553.7	RO_D100	RO_D200		NA	NA	2.161165714285714	2.3646066666666665	2.13708	0.2772619436762123	0.6738500000000002	-0.14531261622869435	NA	0.9894171428571428	1.58999	0.090155	0.18328044849355865	0.09015499999999999	-3.9977565370631307	NA	0.4632857142857143	0.6796666666666666	0.03205	-0.6476166666666666	3.7934020188177505e-6	3.7934020188177505e-6	
ENSG00000291129	isoComp_00164650	geneComp_00045616	ENST00000431553.7	RO_D100	RO_D200		NA	NA	2.161165714285714	2.3646066666666665	2.13708	0.2772619436762123	0.6738500000000002	-0.14531261622869435	NA	0.9894171428571428	1.58999	0.090155	0.18328044849355865	0.09015499999999999	-3.9977565370631307	NA	0.4632857142857143	0.6796666666666666	0.03205	-0.6476166666666666	3.7934020188177505e-6	3.7934020188177505e-6	
ENSG00000291129	isoComp_00164650	geneComp_00045616	ENST00000431553.7	RO_D100	RO_D200		NA	NA	2.161165714285714	2.3646066666666665	2.13708	0.2772619436762123	0.6738500000000002	-0.14531261622869435	NA	0.9894171428571428	1.58999	0.090155	0.18328044849355865	0.09015499999999999	-3.9977565370631307	NA	0.4632857142857143	0.6796666666666666	0.03205	-0.6476166666666666	3.7934020188177505e-6	3.7934020188177505e-6	
