gene_id	seqnames	start	end	width	strand	isoform_id	gene_name	ensembl_gene_name
ENSG00000006704	chr7	74535113	74535138	26	+	ENST00000265755.7	GTF2IRD1	GTF2IRD1
ENSG00000006704	chr7	74535113	74535138	26	+	ENST00000265755.7	GTF2IRD1	GTF2IRD1
ENSG00000006704	chr7	74535113	74535138	26	+	ENST00000265755.7	GTF2IRD1	GTF2IRD1
ENSG00000007062	chr4	15979881	15979904	24	-	ENST00000447510.7	PROM1	PROM1
ENSG00000007062	chr4	15979881	15979904	24	-	ENST00000447510.7	PROM1	PROM1
ENSG00000007062	chr4	15979881	15979904	24	-	ENST00000447510.7	PROM1	PROM1
ENSG00000007062	chr4	15979881	15979904	24	-	ENST00000505450.5	PROM1	PROM1
ENSG00000007062	chr4	15979881	15979904	24	-	ENST00000505450.5	PROM1	PROM1
ENSG00000007062	chr4	15979881	15979904	24	-	ENST00000505450.5	PROM1	PROM1
ENSG00000007062	chr4	15979881	15979904	24	-	ENST00000508167.5	PROM1	PROM1
ENSG00000007062	chr4	15979881	15979904	24	-	ENST00000508167.5	PROM1	PROM1
ENSG00000007062	chr4	15979881	15979904	24	-	ENST00000508167.5	PROM1	PROM1
ENSG00000007062	chr4	15979881	15979904	24	-	ENST00000540805.6	PROM1	PROM1
ENSG00000007062	chr4	15979881	15979904	24	-	ENST00000540805.6	PROM1	PROM1
ENSG00000007062	chr4	15979881	15979904	24	-	ENST00000540805.6	PROM1	PROM1
ENSG00000011426	chr7	36426015	36426036	22	+	ENST00000265748.7	ANLN	ANLN
ENSG00000011426	chr7	36426015	36426036	22	+	ENST00000265748.7	ANLN	ANLN
ENSG00000011426	chr7	36426015	36426036	22	+	ENST00000265748.7	ANLN	ANLN
ENSG00000011426	chr7	36426015	36426036	22	+	ENST00000396068.6	ANLN	ANLN
ENSG00000011426	chr7	36426015	36426036	22	+	ENST00000396068.6	ANLN	ANLN
ENSG00000011426	chr7	36426015	36426036	22	+	ENST00000396068.6	ANLN	ANLN
ENSG00000012983	chr14	50438092	50438094	3	-	ENST00000554990.6	MAP4K5	MAP4K5
ENSG00000012983	chr14	50438092	50438094	3	-	ENST00000554990.6	MAP4K5	MAP4K5
ENSG00000012983	chr14	50438092	50438094	3	-	ENST00000554990.6	MAP4K5	MAP4K5
ENSG00000012983	chr14	50438092	50438094	3	-	ENST00000682126.1	MAP4K5	MAP4K5
ENSG00000012983	chr14	50438092	50438094	3	-	ENST00000682126.1	MAP4K5	MAP4K5
ENSG00000012983	chr14	50438092	50438094	3	-	ENST00000682126.1	MAP4K5	MAP4K5
ENSG00000022976	chr14	102338816	102338830	15	+	ENST00000560568.5	ZNF839	ZNF839
ENSG00000022976	chr14	102338816	102338830	15	+	ENST00000560568.5	ZNF839	ZNF839
ENSG00000022976	chr14	102338816	102338830	15	+	ENST00000560568.5	ZNF839	ZNF839
ENSG00000023171	chr11	123584312	123584332	21	+	ENST00000635736.2	GRAMD1B	GRAMD1B
ENSG00000023171	chr11	123584312	123584332	21	+	ENST00000635736.2	GRAMD1B	GRAMD1B
ENSG00000023171	chr11	123584312	123584332	21	+	ENST00000635736.2	GRAMD1B	GRAMD1B
ENSG00000026036	chr20	63688170	63688179	10	+	ENST00000496281.2	RTEL1-TNFRSF6B	RTEL1-TNFRSF6B
ENSG00000026036	chr20	63688170	63688179	10	+	ENST00000496281.2	RTEL1-TNFRSF6B	RTEL1-TNFRSF6B
ENSG00000026036	chr20	63688170	63688179	10	+	ENST00000496281.2	RTEL1-TNFRSF6B	RTEL1-TNFRSF6B
ENSG00000030110	chr6	33574506	33574525	20	-	ENST00000442998.6	BAK1	BAK1
ENSG00000030110	chr6	33574506	33574525	20	-	ENST00000442998.6	BAK1	BAK1
ENSG00000030110	chr6	33574506	33574525	20	-	ENST00000442998.6	BAK1	BAK1
ENSG00000035664	chr15	64046298	64046322	25	-	ENST00000612884.4	DAPK2	DAPK2
ENSG00000035664	chr15	64046298	64046322	25	-	ENST00000612884.4	DAPK2	DAPK2
ENSG00000035664	chr15	64046298	64046322	25	-	ENST00000612884.4	DAPK2	DAPK2
ENSG00000039523	chr16	67539728	67539751	24	+	ENST00000042381.9	RIPOR1	RIPOR1
ENSG00000039523	chr16	67539728	67539751	24	+	ENST00000042381.9	RIPOR1	RIPOR1
ENSG00000039523	chr16	67539728	67539751	24	+	ENST00000042381.9	RIPOR1	RIPOR1
ENSG00000039523	chr16	67539728	67539751	24	+	ENST00000540839.7	RIPOR1	RIPOR1
ENSG00000039523	chr16	67539728	67539751	24	+	ENST00000540839.7	RIPOR1	RIPOR1
ENSG00000039523	chr16	67539728	67539751	24	+	ENST00000540839.7	RIPOR1	RIPOR1
ENSG00000047932	chr6	117577448	117577471	24	-	ENST00000368498.7	GOPC	GOPC
ENSG00000047932	chr6	117577448	117577471	24	-	ENST00000368498.7	GOPC	GOPC
ENSG00000047932	chr6	117577448	117577471	24	-	ENST00000368498.7	GOPC	GOPC
ENSG00000056487	chr22	44889760	44889782	23	-	ENST00000396103.7	PHF21B	PHF21B
ENSG00000056487	chr22	44889760	44889782	23	-	ENST00000396103.7	PHF21B	PHF21B
ENSG00000056487	chr22	44889760	44889782	23	-	ENST00000396103.7	PHF21B	PHF21B
ENSG00000065609	chr6	83601585	83601599	15	-	ENST00000439399.6	SNAP91	SNAP91
ENSG00000065609	chr6	83601585	83601599	15	-	ENST00000439399.6	SNAP91	SNAP91
ENSG00000065609	chr6	83601585	83601599	15	-	ENST00000439399.6	SNAP91	SNAP91
ENSG00000065609	chr6	83614857	83614862	6	-	ENST00000439399.6	SNAP91	SNAP91
ENSG00000065609	chr6	83614857	83614862	6	-	ENST00000439399.6	SNAP91	SNAP91
ENSG00000065609	chr6	83614857	83614862	6	-	ENST00000439399.6	SNAP91	SNAP91
ENSG00000067064	chr10	1048864	1048886	23	-	ENST00000695775.1	IDI1	IDI1
ENSG00000067064	chr10	1048864	1048886	23	-	ENST00000695775.1	IDI1	IDI1
ENSG00000067064	chr10	1048864	1048886	23	-	ENST00000695775.1	IDI1	IDI1
ENSG00000067191	chr17	39185131	39185150	20	-	ENST00000394310.7	CACNB1	CACNB1
ENSG00000067191	chr17	39185131	39185150	20	-	ENST00000394310.7	CACNB1	CACNB1
ENSG00000067191	chr17	39185131	39185150	20	-	ENST00000394310.7	CACNB1	CACNB1
ENSG00000067798	chr12	78049993	78050007	15	+	ENST00000549464.5	NAV3	NAV3
ENSG00000067798	chr12	78049993	78050007	15	+	ENST00000549464.5	NAV3	NAV3
ENSG00000067798	chr12	78049993	78050007	15	+	ENST00000549464.5	NAV3	NAV3
ENSG00000074054	chr2	121401868	121401870	3	-	ENST00000541377.5	CLASP1	CLASP1
ENSG00000074054	chr2	121401868	121401870	3	-	ENST00000541377.5	CLASP1	CLASP1
ENSG00000074054	chr2	121401868	121401870	3	-	ENST00000541377.5	CLASP1	CLASP1
ENSG00000074054	chr2	121409024	121409047	24	-	ENST00000541377.5	CLASP1	CLASP1
ENSG00000074054	chr2	121409024	121409047	24	-	ENST00000541377.5	CLASP1	CLASP1
ENSG00000074054	chr2	121409024	121409047	24	-	ENST00000541377.5	CLASP1	CLASP1
ENSG00000074410	chr15	63375658	63375678	21	-	ENST00000178638.8	CA12	CA12
ENSG00000074410	chr15	63375658	63375678	21	-	ENST00000178638.8	CA12	CA12
ENSG00000074410	chr15	63375658	63375678	21	-	ENST00000178638.8	CA12	CA12
ENSG00000074410	chr15	63375658	63375678	21	-	ENST00000344366.7	CA12	CA12
ENSG00000074410	chr15	63375658	63375678	21	-	ENST00000344366.7	CA12	CA12
ENSG00000074410	chr15	63375658	63375678	21	-	ENST00000344366.7	CA12	CA12
ENSG00000074964	chr1	17634548	17634562	15	+	ENST00000361221.8	ARHGEF10L	ARHGEF10L
ENSG00000074964	chr1	17634548	17634562	15	+	ENST00000361221.8	ARHGEF10L	ARHGEF10L
ENSG00000074964	chr1	17634548	17634562	15	+	ENST00000361221.8	ARHGEF10L	ARHGEF10L
ENSG00000075240	chr22	46663838	46663863	26	+	BambuTx309	GRAMD4	GRAMD4
ENSG00000075240	chr22	46663838	46663863	26	+	BambuTx309	GRAMD4	GRAMD4
ENSG00000075240	chr22	46663838	46663863	26	+	BambuTx309	GRAMD4	GRAMD4
ENSG00000075240	chr22	46663838	46663863	26	+	ENST00000361034.7	GRAMD4	GRAMD4
ENSG00000075240	chr22	46663838	46663863	26	+	ENST00000361034.7	GRAMD4	GRAMD4
ENSG00000075240	chr22	46663838	46663863	26	+	ENST00000361034.7	GRAMD4	GRAMD4
ENSG00000077157	chr1	202558877	202558893	17	+	ENST00000391959.5	PPP1R12B	PPP1R12B
ENSG00000077157	chr1	202558877	202558893	17	+	ENST00000391959.5	PPP1R12B	PPP1R12B
ENSG00000077157	chr1	202558877	202558893	17	+	ENST00000391959.5	PPP1R12B	PPP1R12B
ENSG00000077157	chr1	202558877	202558893	17	+	ENST00000608999.6	PPP1R12B	PPP1R12B
ENSG00000077157	chr1	202558877	202558893	17	+	ENST00000608999.6	PPP1R12B	PPP1R12B
ENSG00000077157	chr1	202558877	202558893	17	+	ENST00000608999.6	PPP1R12B	PPP1R12B
ENSG00000078053	chr7	38429842	38429865	24	-	ENST00000325590.9	AMPH	AMPH
ENSG00000078053	chr7	38429842	38429865	24	-	ENST00000325590.9	AMPH	AMPH
ENSG00000078053	chr7	38429842	38429865	24	-	ENST00000325590.9	AMPH	AMPH
ENSG00000078053	chr7	38429842	38429865	24	-	ENST00000356264.7	AMPH	AMPH
ENSG00000078053	chr7	38429842	38429865	24	-	ENST00000356264.7	AMPH	AMPH
ENSG00000078053	chr7	38429842	38429865	24	-	ENST00000356264.7	AMPH	AMPH
ENSG00000078053	chr7	38432189	38432212	24	-	ENST00000325590.9	AMPH	AMPH
ENSG00000078053	chr7	38432189	38432212	24	-	ENST00000325590.9	AMPH	AMPH
ENSG00000078053	chr7	38432189	38432212	24	-	ENST00000325590.9	AMPH	AMPH
ENSG00000078053	chr7	38432189	38432212	24	-	ENST00000356264.7	AMPH	AMPH
ENSG00000078053	chr7	38432189	38432212	24	-	ENST00000356264.7	AMPH	AMPH
ENSG00000078053	chr7	38432189	38432212	24	-	ENST00000356264.7	AMPH	AMPH
ENSG00000078814	chr20	34977667	34977680	14	+	ENST00000470929.5	MYH7B	MYH7B
ENSG00000078814	chr20	34977667	34977680	14	+	ENST00000470929.5	MYH7B	MYH7B
ENSG00000078814	chr20	34977667	34977680	14	+	ENST00000470929.5	MYH7B	MYH7B
ENSG00000079308	chr2	217830367	217830390	24	-	ENST00000705226.1	TNS1	TNS1
ENSG00000079308	chr2	217830367	217830390	24	-	ENST00000705226.1	TNS1	TNS1
ENSG00000079308	chr2	217830367	217830390	24	-	ENST00000705226.1	TNS1	TNS1
ENSG00000081189	chr5	88730211	88730234	24	-	ENST00000437473.6	MEF2C	MEF2C
ENSG00000081189	chr5	88730211	88730234	24	-	ENST00000437473.6	MEF2C	MEF2C
ENSG00000081189	chr5	88730211	88730234	24	-	ENST00000437473.6	MEF2C	MEF2C
ENSG00000084234	chr11	130068147	130068158	12	+	ENST00000650012.1	APLP2	APLP2
ENSG00000084234	chr11	130068147	130068158	12	+	ENST00000650012.1	APLP2	APLP2
ENSG00000084234	chr11	130068147	130068158	12	+	ENST00000650012.1	APLP2	APLP2
ENSG00000085552	chr1	159945573	159945596	24	-	ENST00000361509.7	IGSF9	IGSF9
ENSG00000085552	chr1	159945573	159945596	24	-	ENST00000361509.7	IGSF9	IGSF9
ENSG00000085552	chr1	159945573	159945596	24	-	ENST00000361509.7	IGSF9	IGSF9
ENSG00000087152	chr17	44196396	44196418	23	-	ENST00000587097.6	ATXN7L3	ATXN7L3
ENSG00000087152	chr17	44196396	44196418	23	-	ENST00000587097.6	ATXN7L3	ATXN7L3
ENSG00000087152	chr17	44196396	44196418	23	-	ENST00000587097.6	ATXN7L3	ATXN7L3
ENSG00000088543	chr3	50561722	50561747	26	-	ENST00000357203.8	C3orf18	C3orf18
ENSG00000088543	chr3	50561722	50561747	26	-	ENST00000357203.8	C3orf18	C3orf18
ENSG00000088543	chr3	50561722	50561747	26	-	ENST00000357203.8	C3orf18	C3orf18
ENSG00000089280	chr16	31182398	31182422	25	+	ENST00000254108.12	FUS	FUS
ENSG00000089280	chr16	31182398	31182422	25	+	ENST00000254108.12	FUS	FUS
ENSG00000089280	chr16	31182398	31182422	25	+	ENST00000254108.12	FUS	FUS
ENSG00000089356	chr19	35121222	35121245	24	+	ENST00000344013.10	FXYD3	FXYD3
ENSG00000089356	chr19	35121222	35121245	24	+	ENST00000344013.10	FXYD3	FXYD3
ENSG00000089356	chr19	35121222	35121245	24	+	ENST00000344013.10	FXYD3	FXYD3
ENSG00000089356	chr19	35121222	35121245	24	+	ENST00000604404.6	FXYD3	FXYD3
ENSG00000089356	chr19	35121222	35121245	24	+	ENST00000604404.6	FXYD3	FXYD3
ENSG00000089356	chr19	35121222	35121245	24	+	ENST00000604404.6	FXYD3	FXYD3
ENSG00000090006	chr19	40593166	40593181	16	+	ENST00000204005.13	LTBP4	LTBP4
ENSG00000090006	chr19	40593166	40593181	16	+	ENST00000204005.13	LTBP4	LTBP4
ENSG00000090006	chr19	40593166	40593181	16	+	ENST00000204005.13	LTBP4	LTBP4
ENSG00000090097	chr3	51961010	51961033	24	-	ENST00000355852.6	PCBP4	PCBP4
ENSG00000090097	chr3	51961010	51961033	24	-	ENST00000355852.6	PCBP4	PCBP4
ENSG00000090097	chr3	51961010	51961033	24	-	ENST00000355852.6	PCBP4	PCBP4
ENSG00000092421	chr5	116473073	116473093	21	-	ENST00000343348.11	SEMA6A	SEMA6A
ENSG00000092421	chr5	116473073	116473093	21	-	ENST00000343348.11	SEMA6A	SEMA6A
ENSG00000092421	chr5	116473073	116473093	21	-	ENST00000343348.11	SEMA6A	SEMA6A
ENSG00000092758	chr20	62821507	62821530	24	+	ENST00000649368.1	COL9A3	COL9A3
ENSG00000092758	chr20	62821507	62821530	24	+	ENST00000649368.1	COL9A3	COL9A3
ENSG00000092758	chr20	62821507	62821530	24	+	ENST00000649368.1	COL9A3	COL9A3
ENSG00000093144	chr6	127316450	127316459	10	-	ENST00000461239.2	ECHDC1	ECHDC1
ENSG00000093144	chr6	127316450	127316459	10	-	ENST00000461239.2	ECHDC1	ECHDC1
ENSG00000093144	chr6	127316450	127316459	10	-	ENST00000461239.2	ECHDC1	ECHDC1
ENSG00000099954	chr22	17534744	17534747	4	+	ENST00000342247.10	CECR2	CECR2
ENSG00000099954	chr22	17534744	17534747	4	+	ENST00000342247.10	CECR2	CECR2
ENSG00000099954	chr22	17534744	17534747	4	+	ENST00000342247.10	CECR2	CECR2
ENSG00000100280	chr22	29329712	29329720	9	-	ENST00000357586.7	AP1B1	AP1B1
ENSG00000100280	chr22	29329712	29329720	9	-	ENST00000357586.7	AP1B1	AP1B1
ENSG00000100280	chr22	29329712	29329720	9	-	ENST00000357586.7	AP1B1	AP1B1
ENSG00000100280	chr22	29339754	29339774	21	-	ENST00000357586.7	AP1B1	AP1B1
ENSG00000100280	chr22	29339754	29339774	21	-	ENST00000357586.7	AP1B1	AP1B1
ENSG00000100280	chr22	29339754	29339774	21	-	ENST00000357586.7	AP1B1	AP1B1
ENSG00000100354	chr22	40251179	40251200	22	+	ENST00000454349.7	TNRC6B	TNRC6B
ENSG00000100354	chr22	40251179	40251200	22	+	ENST00000454349.7	TNRC6B	TNRC6B
ENSG00000100354	chr22	40251179	40251200	22	+	ENST00000454349.7	TNRC6B	TNRC6B
ENSG00000100523	chr14	53103031	53103051	21	-	ENST00000395606.5	DDHD1	DDHD1
ENSG00000100523	chr14	53103031	53103051	21	-	ENST00000395606.5	DDHD1	DDHD1
ENSG00000100523	chr14	53103031	53103051	21	-	ENST00000395606.5	DDHD1	DDHD1
ENSG00000100629	chr14	80559279	80559302	24	-	ENST00000281129.7	CEP128	CEP128
ENSG00000100629	chr14	80559279	80559302	24	-	ENST00000281129.7	CEP128	CEP128
ENSG00000100629	chr14	80559279	80559302	24	-	ENST00000281129.7	CEP128	CEP128
ENSG00000100629	chr14	80559279	80559302	24	-	ENST00000555265.6	CEP128	CEP128
ENSG00000100629	chr14	80559279	80559302	24	-	ENST00000555265.6	CEP128	CEP128
ENSG00000100629	chr14	80559279	80559302	24	-	ENST00000555265.6	CEP128	CEP128
ENSG00000101474	chr20	24964375	24964398	24	-	ENST00000451442.5	APMAP	APMAP
ENSG00000101474	chr20	24964375	24964398	24	-	ENST00000451442.5	APMAP	APMAP
ENSG00000101474	chr20	24964375	24964398	24	-	ENST00000451442.5	APMAP	APMAP
ENSG00000101654	chr18	13726704	13726729	26	+	ENST00000592764.5	RNMT	RNMT
ENSG00000101654	chr18	13726704	13726729	26	+	ENST00000592764.5	RNMT	RNMT
ENSG00000101654	chr18	13726704	13726729	26	+	ENST00000592764.5	RNMT	RNMT
ENSG00000104177	chr15	48166121	48166128	8	-	ENST00000267836.10	MYEF2	MYEF2
ENSG00000104177	chr15	48166121	48166128	8	-	ENST00000267836.10	MYEF2	MYEF2
ENSG00000104177	chr15	48166121	48166128	8	-	ENST00000267836.10	MYEF2	MYEF2
ENSG00000104866	chr19	45141418	45141441	24	+	ENST00000422370.2	PPP1R37	PPP1R37
ENSG00000104866	chr19	45141418	45141441	24	+	ENST00000422370.2	PPP1R37	PPP1R37
ENSG00000104866	chr19	45141418	45141441	24	+	ENST00000422370.2	PPP1R37	PPP1R37
ENSG00000104953	chr19	2987356	2987372	17	+	ENST00000246112.9	TLE6	TLE6
ENSG00000104953	chr19	2987356	2987372	17	+	ENST00000246112.9	TLE6	TLE6
ENSG00000104953	chr19	2987356	2987372	17	+	ENST00000246112.9	TLE6	TLE6
ENSG00000105642	chr19	17993054	17993062	9	+	ENST00000684775.1	KCNN1	KCNN1
ENSG00000105642	chr19	17993054	17993062	9	+	ENST00000684775.1	KCNN1	KCNN1
ENSG00000105642	chr19	17993054	17993062	9	+	ENST00000684775.1	KCNN1	KCNN1
ENSG00000106012	chr7	2601441	2601464	24	+	ENST00000402050.7	IQCE	IQCE
ENSG00000106012	chr7	2601441	2601464	24	+	ENST00000402050.7	IQCE	IQCE
ENSG00000106012	chr7	2601441	2601464	24	+	ENST00000402050.7	IQCE	IQCE
ENSG00000106701	chr9	105479354	105479376	23	+	ENST00000394926.7	FSD1L	FSD1L
ENSG00000106701	chr9	105479354	105479376	23	+	ENST00000394926.7	FSD1L	FSD1L
ENSG00000106701	chr9	105479354	105479376	23	+	ENST00000394926.7	FSD1L	FSD1L
ENSG00000106772	chr9	76637539	76637549	11	-	ENST00000466266.6	PRUNE2	PRUNE2
ENSG00000106772	chr9	76637539	76637549	11	-	ENST00000466266.6	PRUNE2	PRUNE2
ENSG00000106772	chr9	76637539	76637549	11	-	ENST00000466266.6	PRUNE2	PRUNE2
ENSG00000106976	chr9	128239985	128239996	12	+	ENST00000341179.11	DNM1	DNM1
ENSG00000106976	chr9	128239985	128239996	12	+	ENST00000341179.11	DNM1	DNM1
ENSG00000106976	chr9	128239985	128239996	12	+	ENST00000341179.11	DNM1	DNM1
ENSG00000106976	chr9	128239985	128239996	12	+	ENST00000627543.2	DNM1	DNM1
ENSG00000106976	chr9	128239985	128239996	12	+	ENST00000627543.2	DNM1	DNM1
ENSG00000106976	chr9	128239985	128239996	12	+	ENST00000627543.2	DNM1	DNM1
ENSG00000106976	chr9	128247924	128247935	12	+	ENST00000341179.11	DNM1	DNM1
ENSG00000106976	chr9	128247924	128247935	12	+	ENST00000341179.11	DNM1	DNM1
ENSG00000106976	chr9	128247924	128247935	12	+	ENST00000341179.11	DNM1	DNM1
ENSG00000106976	chr9	128247924	128247935	12	+	ENST00000627543.2	DNM1	DNM1
ENSG00000106976	chr9	128247924	128247935	12	+	ENST00000627543.2	DNM1	DNM1
ENSG00000106976	chr9	128247924	128247935	12	+	ENST00000627543.2	DNM1	DNM1
ENSG00000107331	chr9	137023838	137023840	3	-	ENST00000341511.11	ABCA2	ABCA2
ENSG00000107331	chr9	137023838	137023840	3	-	ENST00000341511.11	ABCA2	ABCA2
ENSG00000107331	chr9	137023838	137023840	3	-	ENST00000341511.11	ABCA2	ABCA2
ENSG00000107736	chr10	71643861	71643866	6	+	ENST00000299366.11	CDH23	CDH23
ENSG00000107736	chr10	71643861	71643866	6	+	ENST00000299366.11	CDH23	CDH23
ENSG00000107736	chr10	71643861	71643866	6	+	ENST00000299366.11	CDH23	CDH23
ENSG00000107863	chr10	24605767	24605774	8	-	ENST00000612832.4	ARHGAP21	ARHGAP21
ENSG00000107863	chr10	24605767	24605774	8	-	ENST00000612832.4	ARHGAP21	ARHGAP21
ENSG00000107863	chr10	24605767	24605774	8	-	ENST00000612832.4	ARHGAP21	ARHGAP21
ENSG00000107863	chr10	24666985	24667009	25	-	ENST00000376410.7	ARHGAP21	ARHGAP21
ENSG00000107863	chr10	24666985	24667009	25	-	ENST00000376410.7	ARHGAP21	ARHGAP21
ENSG00000107863	chr10	24666985	24667009	25	-	ENST00000376410.7	ARHGAP21	ARHGAP21
ENSG00000107863	chr10	24666985	24667009	25	-	ENST00000612832.4	ARHGAP21	ARHGAP21
ENSG00000107863	chr10	24666985	24667009	25	-	ENST00000612832.4	ARHGAP21	ARHGAP21
ENSG00000107863	chr10	24666985	24667009	25	-	ENST00000612832.4	ARHGAP21	ARHGAP21
ENSG00000108509	chr17	4969500	4969520	21	-	ENST00000348066.8	CAMTA2	CAMTA2
ENSG00000108509	chr17	4969500	4969520	21	-	ENST00000348066.8	CAMTA2	CAMTA2
ENSG00000108509	chr17	4969500	4969520	21	-	ENST00000348066.8	CAMTA2	CAMTA2
ENSG00000109323	chr4	102723862	102723884	23	-	ENST00000506478.1	MANBA	MANBA
ENSG00000109323	chr4	102723862	102723884	23	-	ENST00000506478.1	MANBA	MANBA
ENSG00000109323	chr4	102723862	102723884	23	-	ENST00000506478.1	MANBA	MANBA
ENSG00000110066	chr11	68171232	68171251	20	-	ENST00000401547.6	KMT5B	KMT5B
ENSG00000110066	chr11	68171232	68171251	20	-	ENST00000401547.6	KMT5B	KMT5B
ENSG00000110066	chr11	68171232	68171251	20	-	ENST00000401547.6	KMT5B	KMT5B
ENSG00000111237	chr12	110499535	110499546	12	-	ENST00000621131.4	VPS29	VPS29
ENSG00000111237	chr12	110499535	110499546	12	-	ENST00000621131.4	VPS29	VPS29
ENSG00000111237	chr12	110499535	110499546	12	-	ENST00000621131.4	VPS29	VPS29
ENSG00000111254	chr12	4641986	4642004	19	-	ENST00000544636.1	AKAP3	AKAP3
ENSG00000111254	chr12	4641986	4642004	19	-	ENST00000544636.1	AKAP3	AKAP3
ENSG00000111254	chr12	4641986	4642004	19	-	ENST00000544636.1	AKAP3	AKAP3
ENSG00000111752	chr12	8916061	8916069	9	+	ENST00000543824.5	PHC1	PHC1
ENSG00000111752	chr12	8916061	8916069	9	+	ENST00000543824.5	PHC1	PHC1
ENSG00000111752	chr12	8916061	8916069	9	+	ENST00000543824.5	PHC1	PHC1
ENSG00000111752	chr12	8922633	8922656	24	+	ENST00000540574.5	PHC1	PHC1
ENSG00000111752	chr12	8922633	8922656	24	+	ENST00000540574.5	PHC1	PHC1
ENSG00000111752	chr12	8922633	8922656	24	+	ENST00000540574.5	PHC1	PHC1
ENSG00000111913	chr6	24870866	24870889	24	-	ENST00000378023.8	RIPOR2	RIPOR2
ENSG00000111913	chr6	24870866	24870889	24	-	ENST00000378023.8	RIPOR2	RIPOR2
ENSG00000111913	chr6	24870866	24870889	24	-	ENST00000378023.8	RIPOR2	RIPOR2
ENSG00000111913	chr6	24870866	24870889	24	-	ENST00000643898.2	RIPOR2	RIPOR2
ENSG00000111913	chr6	24870866	24870889	24	-	ENST00000643898.2	RIPOR2	RIPOR2
ENSG00000111913	chr6	24870866	24870889	24	-	ENST00000643898.2	RIPOR2	RIPOR2
ENSG00000113716	chr5	150000046	150000055	10	+	ENST00000613459.4	HMGXB3	HMGXB3
ENSG00000113716	chr5	150000046	150000055	10	+	ENST00000613459.4	HMGXB3	HMGXB3
ENSG00000113716	chr5	150000046	150000055	10	+	ENST00000613459.4	HMGXB3	HMGXB3
ENSG00000114541	chr3	69249226	69249248	23	-	ENST00000398540.8	FRMD4B	FRMD4B
ENSG00000114541	chr3	69249226	69249248	23	-	ENST00000398540.8	FRMD4B	FRMD4B
ENSG00000114541	chr3	69249226	69249248	23	-	ENST00000398540.8	FRMD4B	FRMD4B
ENSG00000114541	chr3	69249226	69249248	23	-	ENST00000483668.5	FRMD4B	FRMD4B
ENSG00000114541	chr3	69249226	69249248	23	-	ENST00000483668.5	FRMD4B	FRMD4B
ENSG00000114541	chr3	69249226	69249248	23	-	ENST00000483668.5	FRMD4B	FRMD4B
ENSG00000115216	chr2	27435723	27435746	24	+	ENST00000379863.7	NRBP1	NRBP1
ENSG00000115216	chr2	27435723	27435746	24	+	ENST00000379863.7	NRBP1	NRBP1
ENSG00000115216	chr2	27435723	27435746	24	+	ENST00000379863.7	NRBP1	NRBP1
ENSG00000116584	chr1	155951741	155951748	8	-	ENST00000470541.6	ARHGEF2	ARHGEF2
ENSG00000116584	chr1	155951741	155951748	8	-	ENST00000470541.6	ARHGEF2	ARHGEF2
ENSG00000116584	chr1	155951741	155951748	8	-	ENST00000470541.6	ARHGEF2	ARHGEF2
ENSG00000116641	chr1	62487398	62487412	15	-	ENST00000635253.2	DOCK7	DOCK7
ENSG00000116641	chr1	62487398	62487412	15	-	ENST00000635253.2	DOCK7	DOCK7
ENSG00000116641	chr1	62487398	62487412	15	-	ENST00000635253.2	DOCK7	DOCK7
ENSG00000117222	chr1	205115858	205115883	26	-	ENST00000264515.11	RBBP5	RBBP5
ENSG00000117222	chr1	205115858	205115883	26	-	ENST00000264515.11	RBBP5	RBBP5
ENSG00000117222	chr1	205115858	205115883	26	-	ENST00000264515.11	RBBP5	RBBP5
ENSG00000117222	chr1	205115858	205115883	26	-	ENST00000367164.1	RBBP5	RBBP5
ENSG00000117222	chr1	205115858	205115883	26	-	ENST00000367164.1	RBBP5	RBBP5
ENSG00000117222	chr1	205115858	205115883	26	-	ENST00000367164.1	RBBP5	RBBP5
ENSG00000118473	chr1	66633070	66633094	25	+	ENST00000371037.9	SGIP1	SGIP1
ENSG00000118473	chr1	66633070	66633094	25	+	ENST00000371037.9	SGIP1	SGIP1
ENSG00000118473	chr1	66633070	66633094	25	+	ENST00000371037.9	SGIP1	SGIP1
ENSG00000118473	chr1	66660513	66660524	12	+	ENST00000371037.9	SGIP1	SGIP1
ENSG00000118473	chr1	66660513	66660524	12	+	ENST00000371037.9	SGIP1	SGIP1
ENSG00000118473	chr1	66660513	66660524	12	+	ENST00000371037.9	SGIP1	SGIP1
ENSG00000118473	chr1	66667530	66667541	12	+	ENST00000371037.9	SGIP1	SGIP1
ENSG00000118473	chr1	66667530	66667541	12	+	ENST00000371037.9	SGIP1	SGIP1
ENSG00000118473	chr1	66667530	66667541	12	+	ENST00000371037.9	SGIP1	SGIP1
ENSG00000118473	chr1	66670995	66671019	25	+	ENST00000371037.9	SGIP1	SGIP1
ENSG00000118473	chr1	66670995	66671019	25	+	ENST00000371037.9	SGIP1	SGIP1
ENSG00000118473	chr1	66670995	66671019	25	+	ENST00000371037.9	SGIP1	SGIP1
ENSG00000118690	chr6	108868978	108868995	18	+	ENST00000414610.1	ARMC2	ARMC2
ENSG00000118690	chr6	108868978	108868995	18	+	ENST00000414610.1	ARMC2	ARMC2
ENSG00000118690	chr6	108868978	108868995	18	+	ENST00000414610.1	ARMC2	ARMC2
ENSG00000119681	chr14	74527347	74527366	20	-	ENST00000261978.9	LTBP2	LTBP2
ENSG00000119681	chr14	74527347	74527366	20	-	ENST00000261978.9	LTBP2	LTBP2
ENSG00000119681	chr14	74527347	74527366	20	-	ENST00000261978.9	LTBP2	LTBP2
ENSG00000120278	chr6	150823654	150823676	23	+	ENST00000358517.6	PLEKHG1	PLEKHG1
ENSG00000120278	chr6	150823654	150823676	23	+	ENST00000358517.6	PLEKHG1	PLEKHG1
ENSG00000120278	chr6	150823654	150823676	23	+	ENST00000358517.6	PLEKHG1	PLEKHG1
ENSG00000120278	chr6	150823654	150823676	23	+	ENST00000696526.1	PLEKHG1	PLEKHG1
ENSG00000120278	chr6	150823654	150823676	23	+	ENST00000696526.1	PLEKHG1	PLEKHG1
ENSG00000120278	chr6	150823654	150823676	23	+	ENST00000696526.1	PLEKHG1	PLEKHG1
ENSG00000120708	chr5	136062663	136062687	25	+	ENST00000442011.7	TGFBI	TGFBI
ENSG00000120708	chr5	136062663	136062687	25	+	ENST00000442011.7	TGFBI	TGFBI
ENSG00000120708	chr5	136062663	136062687	25	+	ENST00000442011.7	TGFBI	TGFBI
ENSG00000120899	chr8	27451485	27451509	25	+	ENST00000346049.10	PTK2B	PTK2B
ENSG00000120899	chr8	27451485	27451509	25	+	ENST00000346049.10	PTK2B	PTK2B
ENSG00000120899	chr8	27451485	27451509	25	+	ENST00000346049.10	PTK2B	PTK2B
ENSG00000120899	chr8	27451485	27451509	25	+	ENST00000397501.5	PTK2B	PTK2B
ENSG00000120899	chr8	27451485	27451509	25	+	ENST00000397501.5	PTK2B	PTK2B
ENSG00000120899	chr8	27451485	27451509	25	+	ENST00000397501.5	PTK2B	PTK2B
ENSG00000121210	chr4	153555896	153555910	15	+	ENST00000240487.5	TMEM131L	TMEM131L
ENSG00000121210	chr4	153555896	153555910	15	+	ENST00000240487.5	TMEM131L	TMEM131L
ENSG00000121210	chr4	153555896	153555910	15	+	ENST00000240487.5	TMEM131L	TMEM131L
ENSG00000122367	chr10	86685678	86685700	23	+	ENST00000693680.1	LDB3	LDB3
ENSG00000122367	chr10	86685678	86685700	23	+	ENST00000693680.1	LDB3	LDB3
ENSG00000122367	chr10	86685678	86685700	23	+	ENST00000693680.1	LDB3	LDB3
ENSG00000122483	chr1	93278463	93278477	15	+	ENST00000343253.11	CCDC18	CCDC18
ENSG00000122483	chr1	93278463	93278477	15	+	ENST00000343253.11	CCDC18	CCDC18
ENSG00000122483	chr1	93278463	93278477	15	+	ENST00000343253.11	CCDC18	CCDC18
ENSG00000124140	chr20	46056897	46056911	15	+	ENST00000243964.7	SLC12A5	SLC12A5
ENSG00000124140	chr20	46056897	46056911	15	+	ENST00000243964.7	SLC12A5	SLC12A5
ENSG00000124140	chr20	46056897	46056911	15	+	ENST00000243964.7	SLC12A5	SLC12A5
ENSG00000125675	chrX	123488713	123488736	24	+	ENST00000620581.4	GRIA3	GRIA3
ENSG00000125675	chrX	123488713	123488736	24	+	ENST00000620581.4	GRIA3	GRIA3
ENSG00000125675	chrX	123488713	123488736	24	+	ENST00000620581.4	GRIA3	GRIA3
ENSG00000126218	chr13	113138457	113138481	25	+	ENST00000375551.7	F10	F10
ENSG00000126218	chr13	113138457	113138481	25	+	ENST00000375551.7	F10	F10
ENSG00000126218	chr13	113138457	113138481	25	+	ENST00000375551.7	F10	F10
ENSG00000126822	chr14	64737356	64737375	20	+	ENST00000634379.2	PLEKHG3	PLEKHG3
ENSG00000126822	chr14	64737356	64737375	20	+	ENST00000634379.2	PLEKHG3	PLEKHG3
ENSG00000126822	chr14	64737356	64737375	20	+	ENST00000634379.2	PLEKHG3	PLEKHG3
ENSG00000126838	chr12	9201327	9201347	21	-	ENST00000535230.5	PZP	PZP
ENSG00000126838	chr12	9201327	9201347	21	-	ENST00000535230.5	PZP	PZP
ENSG00000126838	chr12	9201327	9201347	21	-	ENST00000535230.5	PZP	PZP
ENSG00000127948	chr7	75915155	75915179	25	+	ENST00000461988.6	POR	POR
ENSG00000127948	chr7	75915155	75915179	25	+	ENST00000461988.6	POR	POR
ENSG00000127948	chr7	75915155	75915179	25	+	ENST00000461988.6	POR	POR
ENSG00000130511	chr19	18432200	18432214	15	+	ENST00000593641.3	SSBP4	SSBP4
ENSG00000130511	chr19	18432200	18432214	15	+	ENST00000593641.3	SSBP4	SSBP4
ENSG00000130511	chr19	18432200	18432214	15	+	ENST00000593641.3	SSBP4	SSBP4
ENSG00000131591	chr1	1084481	1084506	26	-	ENST00000421241.7	C1orf159	C1orf159
ENSG00000131591	chr1	1084481	1084506	26	-	ENST00000421241.7	C1orf159	C1orf159
ENSG00000131591	chr1	1084481	1084506	26	-	ENST00000421241.7	C1orf159	C1orf159
ENSG00000131771	chr17	39629540	39629562	23	+	ENST00000254079.9	PPP1R1B	PPP1R1B
ENSG00000131771	chr17	39629540	39629562	23	+	ENST00000254079.9	PPP1R1B	PPP1R1B
ENSG00000131771	chr17	39629540	39629562	23	+	ENST00000254079.9	PPP1R1B	PPP1R1B
ENSG00000131771	chr17	39629540	39629562	23	+	ENST00000394267.2	PPP1R1B	PPP1R1B
ENSG00000131771	chr17	39629540	39629562	23	+	ENST00000394267.2	PPP1R1B	PPP1R1B
ENSG00000131771	chr17	39629540	39629562	23	+	ENST00000394267.2	PPP1R1B	PPP1R1B
ENSG00000132361	chr17	2704362	2704371	10	-	ENST00000575014.5	CLUH	CLUH
ENSG00000132361	chr17	2704362	2704371	10	-	ENST00000575014.5	CLUH	CLUH
ENSG00000132361	chr17	2704362	2704371	10	-	ENST00000575014.5	CLUH	CLUH
ENSG00000132470	chr17	75740982	75741005	24	+	ENST00000200181.8	ITGB4	ITGB4
ENSG00000132470	chr17	75740982	75741005	24	+	ENST00000200181.8	ITGB4	ITGB4
ENSG00000132470	chr17	75740982	75741005	24	+	ENST00000200181.8	ITGB4	ITGB4
ENSG00000132470	chr17	75740982	75741005	24	+	ENST00000450894.7	ITGB4	ITGB4
ENSG00000132470	chr17	75740982	75741005	24	+	ENST00000450894.7	ITGB4	ITGB4
ENSG00000132470	chr17	75740982	75741005	24	+	ENST00000450894.7	ITGB4	ITGB4
ENSG00000132694	chr1	156957792	156957815	24	-	ENST00000368194.8	ARHGEF11	ARHGEF11
ENSG00000132694	chr1	156957792	156957815	24	-	ENST00000368194.8	ARHGEF11	ARHGEF11
ENSG00000132694	chr1	156957792	156957815	24	-	ENST00000368194.8	ARHGEF11	ARHGEF11
ENSG00000133657	chr3	194437556	194437573	18	-	ENST00000645319.2	ATP13A3	ATP13A3
ENSG00000133657	chr3	194437556	194437573	18	-	ENST00000645319.2	ATP13A3	ATP13A3
ENSG00000133657	chr3	194437556	194437573	18	-	ENST00000645319.2	ATP13A3	ATP13A3
ENSG00000133835	chr5	119475706	119475727	22	+	ENST00000510025.7	HSD17B4	HSD17B4
ENSG00000133835	chr5	119475706	119475727	22	+	ENST00000510025.7	HSD17B4	HSD17B4
ENSG00000133835	chr5	119475706	119475727	22	+	ENST00000510025.7	HSD17B4	HSD17B4
ENSG00000133835	chr5	119492100	119492124	25	+	ENST00000510025.7	HSD17B4	HSD17B4
ENSG00000133835	chr5	119492100	119492124	25	+	ENST00000510025.7	HSD17B4	HSD17B4
ENSG00000133835	chr5	119492100	119492124	25	+	ENST00000510025.7	HSD17B4	HSD17B4
ENSG00000134369	chr1	201790554	201790577	24	+	ENST00000367295.5	NAV1	NAV1
ENSG00000134369	chr1	201790554	201790577	24	+	ENST00000367295.5	NAV1	NAV1
ENSG00000134369	chr1	201790554	201790577	24	+	ENST00000367295.5	NAV1	NAV1
ENSG00000134376	chr1	197435600	197435612	13	+	ENST00000538660.5	CRB1	CRB1
ENSG00000134376	chr1	197435600	197435612	13	+	ENST00000538660.5	CRB1	CRB1
ENSG00000134376	chr1	197435600	197435612	13	+	ENST00000538660.5	CRB1	CRB1
ENSG00000134769	chr18	34866111	34866131	21	+	ENST00000399121.9	DTNA	DTNA
ENSG00000134769	chr18	34866111	34866131	21	+	ENST00000399121.9	DTNA	DTNA
ENSG00000134769	chr18	34866111	34866131	21	+	ENST00000399121.9	DTNA	DTNA
ENSG00000135587	chr6	109441603	109441628	26	+	ENST00000439615.1	SMPD2	SMPD2
ENSG00000135587	chr6	109441603	109441628	26	+	ENST00000439615.1	SMPD2	SMPD2
ENSG00000135587	chr6	109441603	109441628	26	+	ENST00000439615.1	SMPD2	SMPD2
ENSG00000136021	chr12	100317681	100317692	12	+	ENST00000635101.1	SCYL2	SCYL2
ENSG00000136021	chr12	100317681	100317692	12	+	ENST00000635101.1	SCYL2	SCYL2
ENSG00000136021	chr12	100317681	100317692	12	+	ENST00000635101.1	SCYL2	SCYL2
ENSG00000136021	chr12	100337387	100337404	18	+	ENST00000549687.5	SCYL2	SCYL2
ENSG00000136021	chr12	100337387	100337404	18	+	ENST00000549687.5	SCYL2	SCYL2
ENSG00000136021	chr12	100337387	100337404	18	+	ENST00000549687.5	SCYL2	SCYL2
ENSG00000136492	chr17	61780261	61780277	17	-	ENST00000583837.5	BRIP1	BRIP1
ENSG00000136492	chr17	61780261	61780277	17	-	ENST00000583837.5	BRIP1	BRIP1
ENSG00000136492	chr17	61780261	61780277	17	-	ENST00000583837.5	BRIP1	BRIP1
ENSG00000136717	chr2	127053422	127053445	24	-	ENST00000357970.7	BIN1	BIN1
ENSG00000136717	chr2	127053422	127053445	24	-	ENST00000357970.7	BIN1	BIN1
ENSG00000136717	chr2	127053422	127053445	24	-	ENST00000357970.7	BIN1	BIN1
ENSG00000136754	chr10	26771075	26771089	15	-	ENST00000359188.8	ABI1	ABI1
ENSG00000136754	chr10	26771075	26771089	15	-	ENST00000359188.8	ABI1	ABI1
ENSG00000136754	chr10	26771075	26771089	15	-	ENST00000359188.8	ABI1	ABI1
ENSG00000137177	chr6	17898168	17898180	13	-	ENST00000378814.9	KIF13A	KIF13A
ENSG00000137177	chr6	17898168	17898180	13	-	ENST00000378814.9	KIF13A	KIF13A
ENSG00000137177	chr6	17898168	17898180	13	-	ENST00000378814.9	KIF13A	KIF13A
ENSG00000137177	chr6	17898168	17898180	13	-	ENST00000378843.6	KIF13A	KIF13A
ENSG00000137177	chr6	17898168	17898180	13	-	ENST00000378843.6	KIF13A	KIF13A
ENSG00000137177	chr6	17898168	17898180	13	-	ENST00000378843.6	KIF13A	KIF13A
ENSG00000137449	chr4	15040464	15040487	24	+	ENST00000442003.6	CPEB2	CPEB2
ENSG00000137449	chr4	15040464	15040487	24	+	ENST00000442003.6	CPEB2	CPEB2
ENSG00000137449	chr4	15040464	15040487	24	+	ENST00000442003.6	CPEB2	CPEB2
ENSG00000138443	chr2	203382189	203382206	18	+	ENST00000295851.10	ABI2	ABI2
ENSG00000138443	chr2	203382189	203382206	18	+	ENST00000295851.10	ABI2	ABI2
ENSG00000138443	chr2	203382189	203382206	18	+	ENST00000295851.10	ABI2	ABI2
ENSG00000138821	chr4	102285949	102285973	25	-	ENST00000424970.7	SLC39A8	SLC39A8
ENSG00000138821	chr4	102285949	102285973	25	-	ENST00000424970.7	SLC39A8	SLC39A8
ENSG00000138821	chr4	102285949	102285973	25	-	ENST00000424970.7	SLC39A8	SLC39A8
ENSG00000138834	chr16	1758148	1758159	12	+	ENST00000356010.9	MAPK8IP3	MAPK8IP3
ENSG00000138834	chr16	1758148	1758159	12	+	ENST00000356010.9	MAPK8IP3	MAPK8IP3
ENSG00000138834	chr16	1758148	1758159	12	+	ENST00000356010.9	MAPK8IP3	MAPK8IP3
ENSG00000139116	chr12	39315229	39315240	12	-	ENST00000361418.10	KIF21A	KIF21A
ENSG00000139116	chr12	39315229	39315240	12	-	ENST00000361418.10	KIF21A	KIF21A
ENSG00000139116	chr12	39315229	39315240	12	-	ENST00000361418.10	KIF21A	KIF21A
ENSG00000139116	chr12	39315229	39315240	12	-	ENST00000361961.7	KIF21A	KIF21A
ENSG00000139116	chr12	39315229	39315240	12	-	ENST00000361961.7	KIF21A	KIF21A
ENSG00000139116	chr12	39315229	39315240	12	-	ENST00000361961.7	KIF21A	KIF21A
ENSG00000139116	chr12	39330242	39330262	21	-	ENST00000361418.10	KIF21A	KIF21A
ENSG00000139116	chr12	39330242	39330262	21	-	ENST00000361418.10	KIF21A	KIF21A
ENSG00000139116	chr12	39330242	39330262	21	-	ENST00000361418.10	KIF21A	KIF21A
ENSG00000139116	chr12	39330242	39330262	21	-	ENST00000361961.7	KIF21A	KIF21A
ENSG00000139116	chr12	39330242	39330262	21	-	ENST00000361961.7	KIF21A	KIF21A
ENSG00000139116	chr12	39330242	39330262	21	-	ENST00000361961.7	KIF21A	KIF21A
ENSG00000140332	chr15	70064454	70064470	17	-	ENST00000451782.7	TLE3	TLE3
ENSG00000140332	chr15	70064454	70064470	17	-	ENST00000451782.7	TLE3	TLE3
ENSG00000140332	chr15	70064454	70064470	17	-	ENST00000451782.7	TLE3	TLE3
ENSG00000140859	chr16	57771661	57771686	26	-	ENST00000566975.5	KIFC3	KIFC3
ENSG00000140859	chr16	57771661	57771686	26	-	ENST00000566975.5	KIFC3	KIFC3
ENSG00000140859	chr16	57771661	57771686	26	-	ENST00000566975.5	KIFC3	KIFC3
ENSG00000141068	chr17	27585657	27585661	5	+	ENST00000644974.2	KSR1	KSR1
ENSG00000141068	chr17	27585657	27585661	5	+	ENST00000644974.2	KSR1	KSR1
ENSG00000141068	chr17	27585657	27585661	5	+	ENST00000644974.2	KSR1	KSR1
ENSG00000141314	chr17	32267902	32267925	24	+	ENST00000269051.9	RHBDL3	RHBDL3
ENSG00000141314	chr17	32267902	32267925	24	+	ENST00000269051.9	RHBDL3	RHBDL3
ENSG00000141314	chr17	32267902	32267925	24	+	ENST00000269051.9	RHBDL3	RHBDL3
ENSG00000141510	chr17	7676382	7676403	22	-	ENST00000445888.6	TP53	TP53
ENSG00000141510	chr17	7676382	7676403	22	-	ENST00000445888.6	TP53	TP53
ENSG00000141510	chr17	7676382	7676403	22	-	ENST00000445888.6	TP53	TP53
ENSG00000141510	chr17	7676382	7676403	22	-	ENST00000619485.4	TP53	TP53
ENSG00000141510	chr17	7676382	7676403	22	-	ENST00000619485.4	TP53	TP53
ENSG00000141510	chr17	7676382	7676403	22	-	ENST00000619485.4	TP53	TP53
ENSG00000141556	chr17	82909285	82909307	23	+	ENST00000355528.9	TBCD	TBCD
ENSG00000141556	chr17	82909285	82909307	23	+	ENST00000355528.9	TBCD	TBCD
ENSG00000141556	chr17	82909285	82909307	23	+	ENST00000355528.9	TBCD	TBCD
ENSG00000142156	chr21	45987155	45987175	21	+	ENST00000361866.8	COL6A1	COL6A1
ENSG00000142156	chr21	45987155	45987175	21	+	ENST00000361866.8	COL6A1	COL6A1
ENSG00000142156	chr21	45987155	45987175	21	+	ENST00000361866.8	COL6A1	COL6A1
ENSG00000142156	chr21	45987499	45987519	21	+	ENST00000361866.8	COL6A1	COL6A1
ENSG00000142156	chr21	45987499	45987519	21	+	ENST00000361866.8	COL6A1	COL6A1
ENSG00000142156	chr21	45987499	45987519	21	+	ENST00000361866.8	COL6A1	COL6A1
ENSG00000142156	chr21	46000759	46000767	9	+	ENST00000361866.8	COL6A1	COL6A1
ENSG00000142156	chr21	46000759	46000767	9	+	ENST00000361866.8	COL6A1	COL6A1
ENSG00000142156	chr21	46000759	46000767	9	+	ENST00000361866.8	COL6A1	COL6A1
ENSG00000143207	chr1	176043186	176043203	18	-	ENST00000461830.6	COP1	COP1
ENSG00000143207	chr1	176043186	176043203	18	-	ENST00000461830.6	COP1	COP1
ENSG00000143207	chr1	176043186	176043203	18	-	ENST00000461830.6	COP1	COP1
ENSG00000143207	chr1	176043810	176043818	9	-	ENST00000461830.6	COP1	COP1
ENSG00000143207	chr1	176043810	176043818	9	-	ENST00000461830.6	COP1	COP1
ENSG00000143207	chr1	176043810	176043818	9	-	ENST00000461830.6	COP1	COP1
ENSG00000143248	chr1	163161954	163161976	23	-	ENST00000428971.2	RGS5	RGS5
ENSG00000143248	chr1	163161954	163161976	23	-	ENST00000428971.2	RGS5	RGS5
ENSG00000143248	chr1	163161954	163161976	23	-	ENST00000428971.2	RGS5	RGS5
ENSG00000143434	chr1	151146433	151146457	25	-	ENST00000368913.7	SEMA6C	SEMA6C
ENSG00000143434	chr1	151146433	151146457	25	-	ENST00000368913.7	SEMA6C	SEMA6C
ENSG00000143434	chr1	151146433	151146457	25	-	ENST00000368913.7	SEMA6C	SEMA6C
ENSG00000143569	chr1	154220955	154220975	21	+	ENST00000428931.6	UBAP2L	UBAP2L
ENSG00000143569	chr1	154220955	154220975	21	+	ENST00000428931.6	UBAP2L	UBAP2L
ENSG00000143569	chr1	154220955	154220975	21	+	ENST00000428931.6	UBAP2L	UBAP2L
ENSG00000143947	chr2	55232688	55232708	21	+	ENST00000272317.11	RPS27A	RPS27A
ENSG00000143947	chr2	55232688	55232708	21	+	ENST00000272317.11	RPS27A	RPS27A
ENSG00000143947	chr2	55232688	55232708	21	+	ENST00000272317.11	RPS27A	RPS27A
ENSG00000144040	chr2	73020239	73020264	26	-	ENST00000272433.7	SFXN5	SFXN5
ENSG00000144040	chr2	73020239	73020264	26	-	ENST00000272433.7	SFXN5	SFXN5
ENSG00000144040	chr2	73020239	73020264	26	-	ENST00000272433.7	SFXN5	SFXN5
ENSG00000144040	chr2	73020239	73020264	26	-	ENST00000497144.5	SFXN5	SFXN5
ENSG00000144040	chr2	73020239	73020264	26	-	ENST00000497144.5	SFXN5	SFXN5
ENSG00000144040	chr2	73020239	73020264	26	-	ENST00000497144.5	SFXN5	SFXN5
ENSG00000144674	chr3	37337143	37337163	21	+	ENST00000437131.2	GOLGA4	GOLGA4
ENSG00000144674	chr3	37337143	37337163	21	+	ENST00000437131.2	GOLGA4	GOLGA4
ENSG00000144674	chr3	37337143	37337163	21	+	ENST00000437131.2	GOLGA4	GOLGA4
ENSG00000145087	chr3	120908314	120908334	21	+	ENST00000492541.5	STXBP5L	STXBP5L
ENSG00000145087	chr3	120908314	120908334	21	+	ENST00000492541.5	STXBP5L	STXBP5L
ENSG00000145087	chr3	120908314	120908334	21	+	ENST00000492541.5	STXBP5L	STXBP5L
ENSG00000145362	chr4	113237599	113237622	24	+	ENST00000357077.9	ANK2	ANK2
ENSG00000145362	chr4	113237599	113237622	24	+	ENST00000357077.9	ANK2	ANK2
ENSG00000145362	chr4	113237599	113237622	24	+	ENST00000357077.9	ANK2	ANK2
ENSG00000145362	chr4	113237599	113237622	24	+	ENST00000671971.1	ANK2	ANK2
ENSG00000145362	chr4	113237599	113237622	24	+	ENST00000671971.1	ANK2	ANK2
ENSG00000145362	chr4	113237599	113237622	24	+	ENST00000671971.1	ANK2	ANK2
ENSG00000145362	chr4	113237599	113237622	24	+	ENST00000673363.1	ANK2	ANK2
ENSG00000145362	chr4	113237599	113237622	24	+	ENST00000673363.1	ANK2	ANK2
ENSG00000145362	chr4	113237599	113237622	24	+	ENST00000673363.1	ANK2	ANK2
ENSG00000145362	chr4	113350228	113350249	22	+	ENST00000357077.9	ANK2	ANK2
ENSG00000145362	chr4	113350228	113350249	22	+	ENST00000357077.9	ANK2	ANK2
ENSG00000145362	chr4	113350228	113350249	22	+	ENST00000357077.9	ANK2	ANK2
ENSG00000145362	chr4	113350228	113350249	22	+	ENST00000671971.1	ANK2	ANK2
ENSG00000145362	chr4	113350228	113350249	22	+	ENST00000671971.1	ANK2	ANK2
ENSG00000145362	chr4	113350228	113350249	22	+	ENST00000671971.1	ANK2	ANK2
ENSG00000145362	chr4	113350228	113350249	22	+	ENST00000673363.1	ANK2	ANK2
ENSG00000145362	chr4	113350228	113350249	22	+	ENST00000673363.1	ANK2	ANK2
ENSG00000145362	chr4	113350228	113350249	22	+	ENST00000673363.1	ANK2	ANK2
ENSG00000147044	chrX	41622617	41622634	18	-	ENST00000378163.7	CASK	CASK
ENSG00000147044	chrX	41622617	41622634	18	-	ENST00000378163.7	CASK	CASK
ENSG00000147044	chrX	41622617	41622634	18	-	ENST00000378163.7	CASK	CASK
ENSG00000147044	chrX	41622617	41622634	18	-	ENST00000378168.8	CASK	CASK
ENSG00000147044	chrX	41622617	41622634	18	-	ENST00000378168.8	CASK	CASK
ENSG00000147044	chrX	41622617	41622634	18	-	ENST00000378168.8	CASK	CASK
ENSG00000148341	chr9	129009453	129009467	15	-	ENST00000479237.5	SH3GLB2	SH3GLB2
ENSG00000148341	chr9	129009453	129009467	15	-	ENST00000479237.5	SH3GLB2	SH3GLB2
ENSG00000148341	chr9	129009453	129009467	15	-	ENST00000479237.5	SH3GLB2	SH3GLB2
ENSG00000148341	chr9	129010670	129010693	24	-	ENST00000372564.8	SH3GLB2	SH3GLB2
ENSG00000148341	chr9	129010670	129010693	24	-	ENST00000372564.8	SH3GLB2	SH3GLB2
ENSG00000148341	chr9	129010670	129010693	24	-	ENST00000372564.8	SH3GLB2	SH3GLB2
ENSG00000149177	chr11	48110058	48110076	19	+	ENST00000418331.7	PTPRJ	PTPRJ
ENSG00000149177	chr11	48110058	48110076	19	+	ENST00000418331.7	PTPRJ	PTPRJ
ENSG00000149177	chr11	48110058	48110076	19	+	ENST00000418331.7	PTPRJ	PTPRJ
ENSG00000149177	chr11	48110058	48110076	19	+	ENST00000698881.1	PTPRJ	PTPRJ
ENSG00000149177	chr11	48110058	48110076	19	+	ENST00000698881.1	PTPRJ	PTPRJ
ENSG00000149177	chr11	48110058	48110076	19	+	ENST00000698881.1	PTPRJ	PTPRJ
ENSG00000149177	chr11	48149990	48149998	9	+	ENST00000418331.7	PTPRJ	PTPRJ
ENSG00000149177	chr11	48149990	48149998	9	+	ENST00000418331.7	PTPRJ	PTPRJ
ENSG00000149177	chr11	48149990	48149998	9	+	ENST00000418331.7	PTPRJ	PTPRJ
ENSG00000149177	chr11	48149990	48149998	9	+	ENST00000698881.1	PTPRJ	PTPRJ
ENSG00000149177	chr11	48149990	48149998	9	+	ENST00000698881.1	PTPRJ	PTPRJ
ENSG00000149177	chr11	48149990	48149998	9	+	ENST00000698881.1	PTPRJ	PTPRJ
ENSG00000149292	chr11	113323994	113324015	22	+	ENST00000393020.5	TTC12	TTC12
ENSG00000149292	chr11	113323994	113324015	22	+	ENST00000393020.5	TTC12	TTC12
ENSG00000149292	chr11	113323994	113324015	22	+	ENST00000393020.5	TTC12	TTC12
ENSG00000150401	chr13	113490667	113490691	25	-	ENST00000332592.7	DCUN1D2	DCUN1D2
ENSG00000150401	chr13	113490667	113490691	25	-	ENST00000332592.7	DCUN1D2	DCUN1D2
ENSG00000150401	chr13	113490667	113490691	25	-	ENST00000332592.7	DCUN1D2	DCUN1D2
ENSG00000150627	chr4	176166124	176166144	21	+	ENST00000443118.3	WDR17	WDR17
ENSG00000150627	chr4	176166124	176166144	21	+	ENST00000443118.3	WDR17	WDR17
ENSG00000150627	chr4	176166124	176166144	21	+	ENST00000443118.3	WDR17	WDR17
ENSG00000151532	chr10	112533530	112533550	21	+	ENST00000705995.1	VTI1A	VTI1A
ENSG00000151532	chr10	112533530	112533550	21	+	ENST00000705995.1	VTI1A	VTI1A
ENSG00000151532	chr10	112533530	112533550	21	+	ENST00000705995.1	VTI1A	VTI1A
ENSG00000151611	chr4	145619385	145619407	23	+	ENST00000649156.2	MMAA	MMAA
ENSG00000151611	chr4	145619385	145619407	23	+	ENST00000649156.2	MMAA	MMAA
ENSG00000151611	chr4	145619385	145619407	23	+	ENST00000649156.2	MMAA	MMAA
ENSG00000151914	chr6	56468982	56468999	18	-	ENST00000370788.6	DST	DST
ENSG00000151914	chr6	56468982	56468999	18	-	ENST00000370788.6	DST	DST
ENSG00000151914	chr6	56468982	56468999	18	-	ENST00000370788.6	DST	DST
ENSG00000151914	chr6	56468982	56468999	18	-	ENST00000680361.1	DST	DST
ENSG00000151914	chr6	56468982	56468999	18	-	ENST00000680361.1	DST	DST
ENSG00000151914	chr6	56468982	56468999	18	-	ENST00000680361.1	DST	DST
ENSG00000153707	chr9	8523513	8523524	12	-	ENST00000381196.9	PTPRD	PTPRD
ENSG00000153707	chr9	8523513	8523524	12	-	ENST00000381196.9	PTPRD	PTPRD
ENSG00000153707	chr9	8523513	8523524	12	-	ENST00000381196.9	PTPRD	PTPRD
ENSG00000153707	chr9	8526627	8526644	18	-	ENST00000381196.9	PTPRD	PTPRD
ENSG00000153707	chr9	8526627	8526644	18	-	ENST00000381196.9	PTPRD	PTPRD
ENSG00000153707	chr9	8526627	8526644	18	-	ENST00000381196.9	PTPRD	PTPRD
ENSG00000153707	chr9	8527345	8527353	9	-	ENST00000381196.9	PTPRD	PTPRD
ENSG00000153707	chr9	8527345	8527353	9	-	ENST00000381196.9	PTPRD	PTPRD
ENSG00000153707	chr9	8527345	8527353	9	-	ENST00000381196.9	PTPRD	PTPRD
ENSG00000154134	chr11	124877161	124877184	24	+	ENST00000527196.5	ROBO3	ROBO3
ENSG00000154134	chr11	124877161	124877184	24	+	ENST00000527196.5	ROBO3	ROBO3
ENSG00000154134	chr11	124877161	124877184	24	+	ENST00000527196.5	ROBO3	ROBO3
ENSG00000154217	chr17	67553610	67553617	8	+	ENST00000580974.6	PITPNC1	PITPNC1
ENSG00000154217	chr17	67553610	67553617	8	+	ENST00000580974.6	PITPNC1	PITPNC1
ENSG00000154217	chr17	67553610	67553617	8	+	ENST00000580974.6	PITPNC1	PITPNC1
ENSG00000154277	chr4	41257115	41257126	12	+	ENST00000284440.9	UCHL1	UCHL1
ENSG00000154277	chr4	41257115	41257126	12	+	ENST00000284440.9	UCHL1	UCHL1
ENSG00000154277	chr4	41257115	41257126	12	+	ENST00000284440.9	UCHL1	UCHL1
ENSG00000155256	chr10	97752857	97752877	21	+	ENST00000423811.3	ZFYVE27	ZFYVE27
ENSG00000155256	chr10	97752857	97752877	21	+	ENST00000423811.3	ZFYVE27	ZFYVE27
ENSG00000155256	chr10	97752857	97752877	21	+	ENST00000423811.3	ZFYVE27	ZFYVE27
ENSG00000155755	chr2	201640261	201640265	5	-	ENST00000409444.6	TMEM237	TMEM237
ENSG00000155755	chr2	201640261	201640265	5	-	ENST00000409444.6	TMEM237	TMEM237
ENSG00000155755	chr2	201640261	201640265	5	-	ENST00000409444.6	TMEM237	TMEM237
ENSG00000156642	chr15	73563236	73563257	22	-	ENST00000345330.9	NPTN	NPTN
ENSG00000156642	chr15	73563236	73563257	22	-	ENST00000345330.9	NPTN	NPTN
ENSG00000156642	chr15	73563236	73563257	22	-	ENST00000345330.9	NPTN	NPTN
ENSG00000156642	chr15	73563236	73563257	22	-	ENST00000351217.10	NPTN	NPTN
ENSG00000156642	chr15	73563236	73563257	22	-	ENST00000351217.10	NPTN	NPTN
ENSG00000156642	chr15	73563236	73563257	22	-	ENST00000351217.10	NPTN	NPTN
ENSG00000157168	chr8	32749561	32749584	24	+	ENST00000651333.2	NRG1	NRG1
ENSG00000157168	chr8	32749561	32749584	24	+	ENST00000651333.2	NRG1	NRG1
ENSG00000157168	chr8	32749561	32749584	24	+	ENST00000651333.2	NRG1	NRG1
ENSG00000157168	chr8	32749561	32749584	24	+	ENST00000652592.1	NRG1	NRG1
ENSG00000157168	chr8	32749561	32749584	24	+	ENST00000652592.1	NRG1	NRG1
ENSG00000157168	chr8	32749561	32749584	24	+	ENST00000652592.1	NRG1	NRG1
ENSG00000157168	chr8	32749561	32749584	24	+	ENST00000652698.1	NRG1	NRG1
ENSG00000157168	chr8	32749561	32749584	24	+	ENST00000652698.1	NRG1	NRG1
ENSG00000157168	chr8	32749561	32749584	24	+	ENST00000652698.1	NRG1	NRG1
ENSG00000157680	chr7	137444077	137444102	26	-	ENST00000453654.6	DGKI	DGKI
ENSG00000157680	chr7	137444077	137444102	26	-	ENST00000453654.6	DGKI	DGKI
ENSG00000157680	chr7	137444077	137444102	26	-	ENST00000453654.6	DGKI	DGKI
ENSG00000158417	chr2	99371138	99371139	2	+	ENST00000617677.1	EIF5B	EIF5B
ENSG00000158417	chr2	99371138	99371139	2	+	ENST00000617677.1	EIF5B	EIF5B
ENSG00000158417	chr2	99371138	99371139	2	+	ENST00000617677.1	EIF5B	EIF5B
ENSG00000158528	chr7	95287110	95287133	24	+	ENST00000340694.8	PPP1R9A	PPP1R9A
ENSG00000158528	chr7	95287110	95287133	24	+	ENST00000340694.8	PPP1R9A	PPP1R9A
ENSG00000158528	chr7	95287110	95287133	24	+	ENST00000340694.8	PPP1R9A	PPP1R9A
ENSG00000158528	chr7	95287110	95287133	24	+	ENST00000433881.5	PPP1R9A	PPP1R9A
ENSG00000158528	chr7	95287110	95287133	24	+	ENST00000433881.5	PPP1R9A	PPP1R9A
ENSG00000158528	chr7	95287110	95287133	24	+	ENST00000433881.5	PPP1R9A	PPP1R9A
ENSG00000158856	chr8	22080618	22080625	8	+	ENST00000358242.6	DMTN	DMTN
ENSG00000158856	chr8	22080618	22080625	8	+	ENST00000358242.6	DMTN	DMTN
ENSG00000158856	chr8	22080618	22080625	8	+	ENST00000358242.6	DMTN	DMTN
ENSG00000159082	chr21	32634861	32634884	24	-	ENST00000382491.7	SYNJ1	SYNJ1
ENSG00000159082	chr21	32634861	32634884	24	-	ENST00000382491.7	SYNJ1	SYNJ1
ENSG00000159082	chr21	32634861	32634884	24	-	ENST00000382491.7	SYNJ1	SYNJ1
ENSG00000159082	chr21	32634861	32634884	24	-	ENST00000438952.5	SYNJ1	SYNJ1
ENSG00000159082	chr21	32634861	32634884	24	-	ENST00000438952.5	SYNJ1	SYNJ1
ENSG00000159082	chr21	32634861	32634884	24	-	ENST00000438952.5	SYNJ1	SYNJ1
ENSG00000159377	chr1	151400174	151400187	14	+	ENST00000474100.1	PSMB4	PSMB4
ENSG00000159377	chr1	151400174	151400187	14	+	ENST00000474100.1	PSMB4	PSMB4
ENSG00000159377	chr1	151400174	151400187	14	+	ENST00000474100.1	PSMB4	PSMB4
ENSG00000159788	chr4	3386416	3386437	22	+	ENST00000336727.8	RGS12	RGS12
ENSG00000159788	chr4	3386416	3386437	22	+	ENST00000336727.8	RGS12	RGS12
ENSG00000159788	chr4	3386416	3386437	22	+	ENST00000336727.8	RGS12	RGS12
ENSG00000159788	chr4	3386416	3386437	22	+	ENST00000382788.7	RGS12	RGS12
ENSG00000159788	chr4	3386416	3386437	22	+	ENST00000382788.7	RGS12	RGS12
ENSG00000159788	chr4	3386416	3386437	22	+	ENST00000382788.7	RGS12	RGS12
ENSG00000160050	chr1	32204598	32204620	23	+	ENST00000681230.1	CCDC28B	CCDC28B
ENSG00000160050	chr1	32204598	32204620	23	+	ENST00000681230.1	CCDC28B	CCDC28B
ENSG00000160050	chr1	32204598	32204620	23	+	ENST00000681230.1	CCDC28B	CCDC28B
ENSG00000160111	chr19	17009303	17009320	18	-	ENST00000651564.2	CPAMD8	CPAMD8
ENSG00000160111	chr19	17009303	17009320	18	-	ENST00000651564.2	CPAMD8	CPAMD8
ENSG00000160111	chr19	17009303	17009320	18	-	ENST00000651564.2	CPAMD8	CPAMD8
ENSG00000160111	chr19	17020331	17020353	23	-	ENST00000651564.2	CPAMD8	CPAMD8
ENSG00000160111	chr19	17020331	17020353	23	-	ENST00000651564.2	CPAMD8	CPAMD8
ENSG00000160111	chr19	17020331	17020353	23	-	ENST00000651564.2	CPAMD8	CPAMD8
ENSG00000160299	chr21	46398235	46398255	21	+	ENST00000359568.10	PCNT	PCNT
ENSG00000160299	chr21	46398235	46398255	21	+	ENST00000359568.10	PCNT	PCNT
ENSG00000160299	chr21	46398235	46398255	21	+	ENST00000359568.10	PCNT	PCNT
ENSG00000160299	chr21	46398235	46398255	21	+	ENST00000480896.5	PCNT	PCNT
ENSG00000160299	chr21	46398235	46398255	21	+	ENST00000480896.5	PCNT	PCNT
ENSG00000160299	chr21	46398235	46398255	21	+	ENST00000480896.5	PCNT	PCNT
ENSG00000161249	chr19	35498874	35498897	24	-	ENST00000408915.6	DMKN	DMKN
ENSG00000161249	chr19	35498874	35498897	24	-	ENST00000408915.6	DMKN	DMKN
ENSG00000161249	chr19	35498874	35498897	24	-	ENST00000408915.6	DMKN	DMKN
ENSG00000161647	chr17	43816677	43816697	21	-	ENST00000398393.5	MPP3	MPP3
ENSG00000161647	chr17	43816677	43816697	21	-	ENST00000398393.5	MPP3	MPP3
ENSG00000161647	chr17	43816677	43816697	21	-	ENST00000398393.5	MPP3	MPP3
ENSG00000161888	chr19	11147870	11147894	25	-	ENST00000585567.5	SPC24	SPC24
ENSG00000161888	chr19	11147870	11147894	25	-	ENST00000585567.5	SPC24	SPC24
ENSG00000161888	chr19	11147870	11147894	25	-	ENST00000585567.5	SPC24	SPC24
ENSG00000161904	chr6	33777138	33777144	7	-	ENST00000506578.5	LEMD2	LEMD2
ENSG00000161904	chr6	33777138	33777144	7	-	ENST00000506578.5	LEMD2	LEMD2
ENSG00000161904	chr6	33777138	33777144	7	-	ENST00000506578.5	LEMD2	LEMD2
ENSG00000162105	chr11	70489328	70489348	21	-	ENST00000601538.6	SHANK2	SHANK2
ENSG00000162105	chr11	70489328	70489348	21	-	ENST00000601538.6	SHANK2	SHANK2
ENSG00000162105	chr11	70489328	70489348	21	-	ENST00000601538.6	SHANK2	SHANK2
ENSG00000162105	chr11	70500570	70500590	21	-	ENST00000601538.6	SHANK2	SHANK2
ENSG00000162105	chr11	70500570	70500590	21	-	ENST00000601538.6	SHANK2	SHANK2
ENSG00000162105	chr11	70500570	70500590	21	-	ENST00000601538.6	SHANK2	SHANK2
ENSG00000162105	chr11	70501923	70501931	9	-	ENST00000601538.6	SHANK2	SHANK2
ENSG00000162105	chr11	70501923	70501931	9	-	ENST00000601538.6	SHANK2	SHANK2
ENSG00000162105	chr11	70501923	70501931	9	-	ENST00000601538.6	SHANK2	SHANK2
ENSG00000162576	chr1	1356681	1356704	24	-	ENST00000309212.11	MXRA8	MXRA8
ENSG00000162576	chr1	1356681	1356704	24	-	ENST00000309212.11	MXRA8	MXRA8
ENSG00000162576	chr1	1356681	1356704	24	-	ENST00000309212.11	MXRA8	MXRA8
ENSG00000162601	chr1	58690226	58690249	24	-	ENST00000472487.6	MYSM1	MYSM1
ENSG00000162601	chr1	58690226	58690249	24	-	ENST00000472487.6	MYSM1	MYSM1
ENSG00000162601	chr1	58690226	58690249	24	-	ENST00000472487.6	MYSM1	MYSM1
ENSG00000162909	chr1	223757369	223757380	12	+	ENST00000295006.6	CAPN2	CAPN2
ENSG00000162909	chr1	223757369	223757380	12	+	ENST00000295006.6	CAPN2	CAPN2
ENSG00000162909	chr1	223757369	223757380	12	+	ENST00000295006.6	CAPN2	CAPN2
ENSG00000162944	chr2	197644247	197644272	26	-	ENST00000429081.1	RFTN2	RFTN2
ENSG00000162944	chr2	197644247	197644272	26	-	ENST00000429081.1	RFTN2	RFTN2
ENSG00000162944	chr2	197644247	197644272	26	-	ENST00000429081.1	RFTN2	RFTN2
ENSG00000163539	chr3	33566732	33566734	3	-	ENST00000682230.1	CLASP2	CLASP2
ENSG00000163539	chr3	33566732	33566734	3	-	ENST00000682230.1	CLASP2	CLASP2
ENSG00000163539	chr3	33566732	33566734	3	-	ENST00000682230.1	CLASP2	CLASP2
ENSG00000163539	chr3	33594951	33594968	18	-	ENST00000650653.1	CLASP2	CLASP2
ENSG00000163539	chr3	33594951	33594968	18	-	ENST00000650653.1	CLASP2	CLASP2
ENSG00000163539	chr3	33594951	33594968	18	-	ENST00000650653.1	CLASP2	CLASP2
ENSG00000163539	chr3	33594951	33594968	18	-	ENST00000682230.1	CLASP2	CLASP2
ENSG00000163539	chr3	33594951	33594968	18	-	ENST00000682230.1	CLASP2	CLASP2
ENSG00000163539	chr3	33594951	33594968	18	-	ENST00000682230.1	CLASP2	CLASP2
ENSG00000163539	chr3	33596711	33596734	24	-	ENST00000650653.1	CLASP2	CLASP2
ENSG00000163539	chr3	33596711	33596734	24	-	ENST00000650653.1	CLASP2	CLASP2
ENSG00000163539	chr3	33596711	33596734	24	-	ENST00000650653.1	CLASP2	CLASP2
ENSG00000163539	chr3	33596711	33596734	24	-	ENST00000682230.1	CLASP2	CLASP2
ENSG00000163539	chr3	33596711	33596734	24	-	ENST00000682230.1	CLASP2	CLASP2
ENSG00000163539	chr3	33596711	33596734	24	-	ENST00000682230.1	CLASP2	CLASP2
ENSG00000163618	chr3	62467298	62467312	15	-	ENST00000613879.4	CADPS	CADPS
ENSG00000163618	chr3	62467298	62467312	15	-	ENST00000613879.4	CADPS	CADPS
ENSG00000163618	chr3	62467298	62467312	15	-	ENST00000613879.4	CADPS	CADPS
ENSG00000163618	chr3	62493645	62493665	21	-	ENST00000383710.9	CADPS	CADPS
ENSG00000163618	chr3	62493645	62493665	21	-	ENST00000383710.9	CADPS	CADPS
ENSG00000163618	chr3	62493645	62493665	21	-	ENST00000383710.9	CADPS	CADPS
ENSG00000163618	chr3	62512751	62512768	18	-	ENST00000383710.9	CADPS	CADPS
ENSG00000163618	chr3	62512751	62512768	18	-	ENST00000383710.9	CADPS	CADPS
ENSG00000163618	chr3	62512751	62512768	18	-	ENST00000383710.9	CADPS	CADPS
ENSG00000163701	chr3	9903397	9903412	16	+	ENST00000383814.8	IL17RE	IL17RE
ENSG00000163701	chr3	9903397	9903412	16	+	ENST00000383814.8	IL17RE	IL17RE
ENSG00000163701	chr3	9903397	9903412	16	+	ENST00000383814.8	IL17RE	IL17RE
ENSG00000165113	chr9	83780382	83780404	23	-	ENST00000376365.7	GKAP1	GKAP1
ENSG00000165113	chr9	83780382	83780404	23	-	ENST00000376365.7	GKAP1	GKAP1
ENSG00000165113	chr9	83780382	83780404	23	-	ENST00000376365.7	GKAP1	GKAP1
ENSG00000165113	chr9	83780382	83780404	23	-	ENST00000376371.7	GKAP1	GKAP1
ENSG00000165113	chr9	83780382	83780404	23	-	ENST00000376371.7	GKAP1	GKAP1
ENSG00000165113	chr9	83780382	83780404	23	-	ENST00000376371.7	GKAP1	GKAP1
ENSG00000165521	chr14	88634469	88634489	21	-	ENST00000380664.9	EML5	EML5
ENSG00000165521	chr14	88634469	88634489	21	-	ENST00000380664.9	EML5	EML5
ENSG00000165521	chr14	88634469	88634489	21	-	ENST00000380664.9	EML5	EML5
ENSG00000165521	chr14	88634469	88634489	21	-	ENST00000554922.6	EML5	EML5
ENSG00000165521	chr14	88634469	88634489	21	-	ENST00000554922.6	EML5	EML5
ENSG00000165521	chr14	88634469	88634489	21	-	ENST00000554922.6	EML5	EML5
ENSG00000165521	chr14	88646947	88646955	9	-	ENST00000554922.6	EML5	EML5
ENSG00000165521	chr14	88646947	88646955	9	-	ENST00000554922.6	EML5	EML5
ENSG00000165521	chr14	88646947	88646955	9	-	ENST00000554922.6	EML5	EML5
ENSG00000165521	chr14	88649912	88649926	15	-	ENST00000554922.6	EML5	EML5
ENSG00000165521	chr14	88649912	88649926	15	-	ENST00000554922.6	EML5	EML5
ENSG00000165521	chr14	88649912	88649926	15	-	ENST00000554922.6	EML5	EML5
ENSG00000166833	chr11	20068186	20068209	24	+	ENST00000349880.9	NAV2	NAV2
ENSG00000166833	chr11	20068186	20068209	24	+	ENST00000349880.9	NAV2	NAV2
ENSG00000166833	chr11	20068186	20068209	24	+	ENST00000349880.9	NAV2	NAV2
ENSG00000166833	chr11	20068186	20068209	24	+	ENST00000396085.6	NAV2	NAV2
ENSG00000166833	chr11	20068186	20068209	24	+	ENST00000396085.6	NAV2	NAV2
ENSG00000166833	chr11	20068186	20068209	24	+	ENST00000396085.6	NAV2	NAV2
ENSG00000166833	chr11	20082592	20082600	9	+	ENST00000396085.6	NAV2	NAV2
ENSG00000166833	chr11	20082592	20082600	9	+	ENST00000396085.6	NAV2	NAV2
ENSG00000166833	chr11	20082592	20082600	9	+	ENST00000396085.6	NAV2	NAV2
ENSG00000167468	chr19	1106242	1106266	25	+	ENST00000354171.13	GPX4	GPX4
ENSG00000167468	chr19	1106242	1106266	25	+	ENST00000354171.13	GPX4	GPX4
ENSG00000167468	chr19	1106242	1106266	25	+	ENST00000354171.13	GPX4	GPX4
ENSG00000168676	chr16	67326705	67326729	25	-	ENST00000569333.5	KCTD19	KCTD19
ENSG00000168676	chr16	67326705	67326729	25	-	ENST00000569333.5	KCTD19	KCTD19
ENSG00000168676	chr16	67326705	67326729	25	-	ENST00000569333.5	KCTD19	KCTD19
ENSG00000170448	chr4	47879096	47879117	22	-	ENST00000329043.7	NFXL1	NFXL1
ENSG00000170448	chr4	47879096	47879117	22	-	ENST00000329043.7	NFXL1	NFXL1
ENSG00000170448	chr4	47879096	47879117	22	-	ENST00000329043.7	NFXL1	NFXL1
ENSG00000170448	chr4	47879096	47879117	22	-	ENST00000381538.7	NFXL1	NFXL1
ENSG00000170448	chr4	47879096	47879117	22	-	ENST00000381538.7	NFXL1	NFXL1
ENSG00000170448	chr4	47879096	47879117	22	-	ENST00000381538.7	NFXL1	NFXL1
ENSG00000170448	chr4	47879096	47879117	22	-	ENST00000507131.5	NFXL1	NFXL1
ENSG00000170448	chr4	47879096	47879117	22	-	ENST00000507131.5	NFXL1	NFXL1
ENSG00000170448	chr4	47879096	47879117	22	-	ENST00000507131.5	NFXL1	NFXL1
ENSG00000172270	chr19	582306	582330	25	+	ENST00000333511.9	BSG	BSG
ENSG00000172270	chr19	582306	582330	25	+	ENST00000333511.9	BSG	BSG
ENSG00000172270	chr19	582306	582330	25	+	ENST00000333511.9	BSG	BSG
ENSG00000172270	chr19	582306	582330	25	+	ENST00000353555.9	BSG	BSG
ENSG00000172270	chr19	582306	582330	25	+	ENST00000353555.9	BSG	BSG
ENSG00000172270	chr19	582306	582330	25	+	ENST00000353555.9	BSG	BSG
ENSG00000172292	chr2	168766322	168766345	24	+	ENST00000392687.4	CERS6	CERS6
ENSG00000172292	chr2	168766322	168766345	24	+	ENST00000392687.4	CERS6	CERS6
ENSG00000172292	chr2	168766322	168766345	24	+	ENST00000392687.4	CERS6	CERS6
ENSG00000173210	chr5	149252201	149252208	8	+	ENST00000506113.5	ABLIM3	ABLIM3
ENSG00000173210	chr5	149252201	149252208	8	+	ENST00000506113.5	ABLIM3	ABLIM3
ENSG00000173210	chr5	149252201	149252208	8	+	ENST00000506113.5	ABLIM3	ABLIM3
ENSG00000173599	chr11	66858336	66858356	21	-	ENST00000530187.1	PC	PC
ENSG00000173599	chr11	66858336	66858356	21	-	ENST00000530187.1	PC	PC
ENSG00000173599	chr11	66858336	66858356	21	-	ENST00000530187.1	PC	PC
ENSG00000173599	chr11	66872024	66872039	16	-	ENST00000628663.1	PC	PC
ENSG00000173599	chr11	66872024	66872039	16	-	ENST00000628663.1	PC	PC
ENSG00000173599	chr11	66872024	66872039	16	-	ENST00000628663.1	PC	PC
ENSG00000174233	chr12	48775673	48775698	26	-	ENST00000357869.8	ADCY6	ADCY6
ENSG00000174233	chr12	48775673	48775698	26	-	ENST00000357869.8	ADCY6	ADCY6
ENSG00000174233	chr12	48775673	48775698	26	-	ENST00000357869.8	ADCY6	ADCY6
ENSG00000176406	chr8	103716309	103716320	12	+	ENST00000696799.1	RIMS2	RIMS2
ENSG00000176406	chr8	103716309	103716320	12	+	ENST00000696799.1	RIMS2	RIMS2
ENSG00000176406	chr8	103716309	103716320	12	+	ENST00000696799.1	RIMS2	RIMS2
ENSG00000177990	chr12	63583812	63583836	25	-	ENST00000324472.9	DPY19L2	DPY19L2
ENSG00000177990	chr12	63583812	63583836	25	-	ENST00000324472.9	DPY19L2	DPY19L2
ENSG00000177990	chr12	63583812	63583836	25	-	ENST00000324472.9	DPY19L2	DPY19L2
ENSG00000177990	chr12	63665835	63665859	25	-	ENST00000324472.9	DPY19L2	DPY19L2
ENSG00000177990	chr12	63665835	63665859	25	-	ENST00000324472.9	DPY19L2	DPY19L2
ENSG00000177990	chr12	63665835	63665859	25	-	ENST00000324472.9	DPY19L2	DPY19L2
ENSG00000178921	chr17	8266006	8266017	12	+	ENST00000546020.2	PFAS	PFAS
ENSG00000178921	chr17	8266006	8266017	12	+	ENST00000546020.2	PFAS	PFAS
ENSG00000178921	chr17	8266006	8266017	12	+	ENST00000546020.2	PFAS	PFAS
ENSG00000179915	chr2	50921869	50921880	12	-	ENST00000626899.1	NRXN1	NRXN1
ENSG00000179915	chr2	50921869	50921880	12	-	ENST00000626899.1	NRXN1	NRXN1
ENSG00000179915	chr2	50921869	50921880	12	-	ENST00000626899.1	NRXN1	NRXN1
ENSG00000179915	chr2	50925938	50925952	15	-	ENST00000626899.1	NRXN1	NRXN1
ENSG00000179915	chr2	50925938	50925952	15	-	ENST00000626899.1	NRXN1	NRXN1
ENSG00000179915	chr2	50925938	50925952	15	-	ENST00000626899.1	NRXN1	NRXN1
ENSG00000179950	chr8	143829280	143829303	24	-	ENST00000456095.6	PUF60	PUF60
ENSG00000179950	chr8	143829280	143829303	24	-	ENST00000456095.6	PUF60	PUF60
ENSG00000179950	chr8	143829280	143829303	24	-	ENST00000456095.6	PUF60	PUF60
ENSG00000180071	chr9	38595486	38595509	24	-	ENST00000602295.5	ANKRD18A	ANKRD18A
ENSG00000180071	chr9	38595486	38595509	24	-	ENST00000602295.5	ANKRD18A	ANKRD18A
ENSG00000180071	chr9	38595486	38595509	24	-	ENST00000602295.5	ANKRD18A	ANKRD18A
ENSG00000180957	chr22	27897130	27897137	8	-	ENST00000320996.14	PITPNB	PITPNB
ENSG00000180957	chr22	27897130	27897137	8	-	ENST00000320996.14	PITPNB	PITPNB
ENSG00000180957	chr22	27897130	27897137	8	-	ENST00000320996.14	PITPNB	PITPNB
ENSG00000180957	chr22	27897130	27897137	8	-	ENST00000335272.10	PITPNB	PITPNB
ENSG00000180957	chr22	27897130	27897137	8	-	ENST00000335272.10	PITPNB	PITPNB
ENSG00000180957	chr22	27897130	27897137	8	-	ENST00000335272.10	PITPNB	PITPNB
ENSG00000182389	chr2	151870842	151870861	20	-	ENST00000534999.7	CACNB4	CACNB4
ENSG00000182389	chr2	151870842	151870861	20	-	ENST00000534999.7	CACNB4	CACNB4
ENSG00000182389	chr2	151870842	151870861	20	-	ENST00000534999.7	CACNB4	CACNB4
ENSG00000182979	chr14	105468338	105468349	12	+	ENST00000434050.5	MTA1	MTA1
ENSG00000182979	chr14	105468338	105468349	12	+	ENST00000434050.5	MTA1	MTA1
ENSG00000182979	chr14	105468338	105468349	12	+	ENST00000434050.5	MTA1	MTA1
ENSG00000183087	chr13	113848026	113848050	25	-	ENST00000327773.7	GAS6	GAS6
ENSG00000183087	chr13	113848026	113848050	25	-	ENST00000327773.7	GAS6	GAS6
ENSG00000183087	chr13	113848026	113848050	25	-	ENST00000327773.7	GAS6	GAS6
ENSG00000184887	chr14	105248538	105248560	23	+	ENST00000536364.6	BTBD6	BTBD6
ENSG00000184887	chr14	105248538	105248560	23	+	ENST00000536364.6	BTBD6	BTBD6
ENSG00000184887	chr14	105248538	105248560	23	+	ENST00000536364.6	BTBD6	BTBD6
ENSG00000184985	chr4	7735400	7735405	6	+	ENST00000329016.10	SORCS2	SORCS2
ENSG00000184985	chr4	7735400	7735405	6	+	ENST00000329016.10	SORCS2	SORCS2
ENSG00000184985	chr4	7735400	7735405	6	+	ENST00000329016.10	SORCS2	SORCS2
ENSG00000185046	chr12	98782126	98782137	12	-	ENST00000549558.6	ANKS1B	ANKS1B
ENSG00000185046	chr12	98782126	98782137	12	-	ENST00000549558.6	ANKS1B	ANKS1B
ENSG00000185046	chr12	98782126	98782137	12	-	ENST00000549558.6	ANKS1B	ANKS1B
ENSG00000185046	chr12	98782126	98782137	12	-	ENST00000683438.2	ANKS1B	ANKS1B
ENSG00000185046	chr12	98782126	98782137	12	-	ENST00000683438.2	ANKS1B	ANKS1B
ENSG00000185046	chr12	98782126	98782137	12	-	ENST00000683438.2	ANKS1B	ANKS1B
ENSG00000185189	chr8	143839172	143839195	24	-	ENST00000529747.5	NRBP2	NRBP2
ENSG00000185189	chr8	143839172	143839195	24	-	ENST00000529747.5	NRBP2	NRBP2
ENSG00000185189	chr8	143839172	143839195	24	-	ENST00000529747.5	NRBP2	NRBP2
ENSG00000185189	chr8	143839172	143839195	24	-	ENST00000533093.5	NRBP2	NRBP2
ENSG00000185189	chr8	143839172	143839195	24	-	ENST00000533093.5	NRBP2	NRBP2
ENSG00000185189	chr8	143839172	143839195	24	-	ENST00000533093.5	NRBP2	NRBP2
ENSG00000185515	chrX	155072327	155072343	17	+	ENST00000330045.12	BRCC3	BRCC3
ENSG00000185515	chrX	155072327	155072343	17	+	ENST00000330045.12	BRCC3	BRCC3
ENSG00000185515	chrX	155072327	155072343	17	+	ENST00000330045.12	BRCC3	BRCC3
ENSG00000185697	chr8	66597525	66597550	26	-	ENST00000517885.5	MYBL1	MYBL1
ENSG00000185697	chr8	66597525	66597550	26	-	ENST00000517885.5	MYBL1	MYBL1
ENSG00000185697	chr8	66597525	66597550	26	-	ENST00000517885.5	MYBL1	MYBL1
ENSG00000185728	chr8	63169387	63169411	25	+	ENST00000615676.1	YTHDF3	YTHDF3
ENSG00000185728	chr8	63169387	63169411	25	+	ENST00000615676.1	YTHDF3	YTHDF3
ENSG00000185728	chr8	63169387	63169411	25	+	ENST00000615676.1	YTHDF3	YTHDF3
ENSG00000187017	chr1	6457361	6457372	12	+	ENST00000461727.6	ESPN	ESPN
ENSG00000187017	chr1	6457361	6457372	12	+	ENST00000461727.6	ESPN	ESPN
ENSG00000187017	chr1	6457361	6457372	12	+	ENST00000461727.6	ESPN	ESPN
ENSG00000187017	chr1	6457361	6457372	12	+	ENST00000633239.1	ESPN	ESPN
ENSG00000187017	chr1	6457361	6457372	12	+	ENST00000633239.1	ESPN	ESPN
ENSG00000187017	chr1	6457361	6457372	12	+	ENST00000633239.1	ESPN	ESPN
ENSG00000187017	chr1	6457361	6457372	12	+	ENST00000645284.1	ESPN	ESPN
ENSG00000187017	chr1	6457361	6457372	12	+	ENST00000645284.1	ESPN	ESPN
ENSG00000187017	chr1	6457361	6457372	12	+	ENST00000645284.1	ESPN	ESPN
ENSG00000187239	chr9	129915966	129915980	15	-	ENST00000699492.1	FNBP1	FNBP1
ENSG00000187239	chr9	129915966	129915980	15	-	ENST00000699492.1	FNBP1	FNBP1
ENSG00000187239	chr9	129915966	129915980	15	-	ENST00000699492.1	FNBP1	FNBP1
ENSG00000187240	chr11	103241527	103241547	21	+	ENST00000650373.2	DYNC2H1	DYNC2H1
ENSG00000187240	chr11	103241527	103241547	21	+	ENST00000650373.2	DYNC2H1	DYNC2H1
ENSG00000187240	chr11	103241527	103241547	21	+	ENST00000650373.2	DYNC2H1	DYNC2H1
ENSG00000187634	chr1	930312	930336	25	+	ENST00000341065.8	SAMD11	SAMD11
ENSG00000187634	chr1	930312	930336	25	+	ENST00000341065.8	SAMD11	SAMD11
ENSG00000187634	chr1	930312	930336	25	+	ENST00000341065.8	SAMD11	SAMD11
ENSG00000188313	chr3	146536540	146536565	26	-	ENST00000448787.6	PLSCR1	PLSCR1
ENSG00000188313	chr3	146536540	146536565	26	-	ENST00000448787.6	PLSCR1	PLSCR1
ENSG00000188313	chr3	146536540	146536565	26	-	ENST00000448787.6	PLSCR1	PLSCR1
ENSG00000188313	chr3	146536540	146536565	26	-	ENST00000463777.5	PLSCR1	PLSCR1
ENSG00000188313	chr3	146536540	146536565	26	-	ENST00000463777.5	PLSCR1	PLSCR1
ENSG00000188313	chr3	146536540	146536565	26	-	ENST00000463777.5	PLSCR1	PLSCR1
ENSG00000188517	chr4	108852902	108852925	24	-	ENST00000399132.6	COL25A1	COL25A1
ENSG00000188517	chr4	108852902	108852925	24	-	ENST00000399132.6	COL25A1	COL25A1
ENSG00000188517	chr4	108852902	108852925	24	-	ENST00000399132.6	COL25A1	COL25A1
ENSG00000188517	chr4	108852902	108852925	24	-	ENST00000642955.1	COL25A1	COL25A1
ENSG00000188517	chr4	108852902	108852925	24	-	ENST00000642955.1	COL25A1	COL25A1
ENSG00000188517	chr4	108852902	108852925	24	-	ENST00000642955.1	COL25A1	COL25A1
ENSG00000188517	chr4	109010358	109010375	18	-	ENST00000399132.6	COL25A1	COL25A1
ENSG00000188517	chr4	109010358	109010375	18	-	ENST00000399132.6	COL25A1	COL25A1
ENSG00000188517	chr4	109010358	109010375	18	-	ENST00000399132.6	COL25A1	COL25A1
ENSG00000188517	chr4	109010358	109010375	18	-	ENST00000642955.1	COL25A1	COL25A1
ENSG00000188517	chr4	109010358	109010375	18	-	ENST00000642955.1	COL25A1	COL25A1
ENSG00000188517	chr4	109010358	109010375	18	-	ENST00000642955.1	COL25A1	COL25A1
ENSG00000188517	chr4	109048168	109048175	8	-	ENST00000399132.6	COL25A1	COL25A1
ENSG00000188517	chr4	109048168	109048175	8	-	ENST00000399132.6	COL25A1	COL25A1
ENSG00000188517	chr4	109048168	109048175	8	-	ENST00000399132.6	COL25A1	COL25A1
ENSG00000188517	chr4	109048168	109048175	8	-	ENST00000642955.1	COL25A1	COL25A1
ENSG00000188517	chr4	109048168	109048175	8	-	ENST00000642955.1	COL25A1	COL25A1
ENSG00000188517	chr4	109048168	109048175	8	-	ENST00000642955.1	COL25A1	COL25A1
ENSG00000196358	chr9	132230572	132230595	24	+	ENST00000393229.4	NTNG2	NTNG2
ENSG00000196358	chr9	132230572	132230595	24	+	ENST00000393229.4	NTNG2	NTNG2
ENSG00000196358	chr9	132230572	132230595	24	+	ENST00000393229.4	NTNG2	NTNG2
ENSG00000196367	chr7	98945930	98945950	21	+	ENST00000456197.2	TRRAP	TRRAP
ENSG00000196367	chr7	98945930	98945950	21	+	ENST00000456197.2	TRRAP	TRRAP
ENSG00000196367	chr7	98945930	98945950	21	+	ENST00000456197.2	TRRAP	TRRAP
ENSG00000196535	chr17	29116444	29116455	12	-	ENST00000531253.5	MYO18A	MYO18A
ENSG00000196535	chr17	29116444	29116455	12	-	ENST00000531253.5	MYO18A	MYO18A
ENSG00000196535	chr17	29116444	29116455	12	-	ENST00000531253.5	MYO18A	MYO18A
ENSG00000196924	chrX	154357251	154357274	24	-	ENST00000369856.8	FLNA	FLNA
ENSG00000196924	chrX	154357251	154357274	24	-	ENST00000369856.8	FLNA	FLNA
ENSG00000196924	chrX	154357251	154357274	24	-	ENST00000369856.8	FLNA	FLNA
ENSG00000198276	chr20	63943653	63943669	17	-	ENST00000354216.11	UCKL1	UCKL1
ENSG00000198276	chr20	63943653	63943669	17	-	ENST00000354216.11	UCKL1	UCKL1
ENSG00000198276	chr20	63943653	63943669	17	-	ENST00000354216.11	UCKL1	UCKL1
ENSG00000198276	chr20	63943653	63943669	17	-	ENST00000369908.9	UCKL1	UCKL1
ENSG00000198276	chr20	63943653	63943669	17	-	ENST00000369908.9	UCKL1	UCKL1
ENSG00000198276	chr20	63943653	63943669	17	-	ENST00000369908.9	UCKL1	UCKL1
ENSG00000198399	chr2	24360304	24360309	6	-	ENST00000361999.7	ITSN2	ITSN2
ENSG00000198399	chr2	24360304	24360309	6	-	ENST00000361999.7	ITSN2	ITSN2
ENSG00000198399	chr2	24360304	24360309	6	-	ENST00000361999.7	ITSN2	ITSN2
ENSG00000198626	chr1	237355965	237355985	21	+	ENST00000609119.2	RYR2	RYR2
ENSG00000198626	chr1	237355965	237355985	21	+	ENST00000609119.2	RYR2	RYR2
ENSG00000198626	chr1	237355965	237355985	21	+	ENST00000609119.2	RYR2	RYR2
ENSG00000198626	chr1	237364358	237364372	15	+	ENST00000609119.2	RYR2	RYR2
ENSG00000198626	chr1	237364358	237364372	15	+	ENST00000609119.2	RYR2	RYR2
ENSG00000198626	chr1	237364358	237364372	15	+	ENST00000609119.2	RYR2	RYR2
ENSG00000204843	chr2	74372928	74372948	21	-	ENST00000409438.5	DCTN1	DCTN1
ENSG00000204843	chr2	74372928	74372948	21	-	ENST00000409438.5	DCTN1	DCTN1
ENSG00000204843	chr2	74372928	74372948	21	-	ENST00000409438.5	DCTN1	DCTN1
ENSG00000205726	chr21	33802430	33802444	15	+	ENST00000381318.8	ITSN1	ITSN1
ENSG00000205726	chr21	33802430	33802444	15	+	ENST00000381318.8	ITSN1	ITSN1
ENSG00000205726	chr21	33802430	33802444	15	+	ENST00000381318.8	ITSN1	ITSN1
ENSG00000213380	chr16	69335326	69335348	23	-	ENST00000562595.5	COG8	COG8
ENSG00000213380	chr16	69335326	69335348	23	-	ENST00000562595.5	COG8	COG8
ENSG00000213380	chr16	69335326	69335348	23	-	ENST00000562595.5	COG8	COG8
ENSG00000230453	chr9	33548832	33548855	24	+	ENST00000357927.7	ANKRD18B	ANKRD18B
ENSG00000230453	chr9	33548832	33548855	24	+	ENST00000357927.7	ANKRD18B	ANKRD18B
ENSG00000230453	chr9	33548832	33548855	24	+	ENST00000357927.7	ANKRD18B	ANKRD18B
ENSG00000231672	chr2	217319167	217319177	11	-	ENST00000486365.5	DIRC3	DIRC3
ENSG00000231672	chr2	217319167	217319177	11	-	ENST00000486365.5	DIRC3	DIRC3
ENSG00000231672	chr2	217319167	217319177	11	-	ENST00000486365.5	DIRC3	DIRC3
ENSG00000232973	chr2	38108073	38108080	8	+	ENST00000413828.3	CYP1B1-AS1	CYP1B1-AS1
ENSG00000232973	chr2	38108073	38108080	8	+	ENST00000413828.3	CYP1B1-AS1	CYP1B1-AS1
ENSG00000232973	chr2	38108073	38108080	8	+	ENST00000413828.3	CYP1B1-AS1	CYP1B1-AS1
ENSG00000236432	chr2	227325168	227325188	21	-	ENST00000433324.2	MFF-DT	MFF-DT
ENSG00000236432	chr2	227325168	227325188	21	-	ENST00000433324.2	MFF-DT	MFF-DT
ENSG00000236432	chr2	227325168	227325188	21	-	ENST00000433324.2	MFF-DT	MFF-DT
ENSG00000265681	chr18	49488561	49488566	6	-	ENST00000578532.5	RPL17	RPL17
ENSG00000265681	chr18	49488561	49488566	6	-	ENST00000578532.5	RPL17	RPL17
ENSG00000265681	chr18	49488561	49488566	6	-	ENST00000578532.5	RPL17	RPL17
ENSG00000266338	chr1	144459366	144459380	15	-	ENST00000584793.7	NBPF15	NBPF15
ENSG00000266338	chr1	144459366	144459380	15	-	ENST00000584793.7	NBPF15	NBPF15
ENSG00000266338	chr1	144459366	144459380	15	-	ENST00000584793.7	NBPF15	NBPF15
ENSG00000291133	chr7	35106044	35106068	25	-	ENST00000458672.5		
ENSG00000291133	chr7	35106044	35106068	25	-	ENST00000458672.5		
ENSG00000291133	chr7	35106044	35106068	25	-	ENST00000458672.5		
ENSG00000291139	chr7	103277614	103277638	25	-	ENST00000411491.5	DPY19L2P2	DPY19L2P2
ENSG00000291139	chr7	103277614	103277638	25	-	ENST00000411491.5	DPY19L2P2	DPY19L2P2
ENSG00000291139	chr7	103277614	103277638	25	-	ENST00000411491.5	DPY19L2P2	DPY19L2P2
ENSG00000291139	chr7	103277614	103277638	25	-	ENST00000446373.3	DPY19L2P2	DPY19L2P2
ENSG00000291139	chr7	103277614	103277638	25	-	ENST00000446373.3	DPY19L2P2	DPY19L2P2
ENSG00000291139	chr7	103277614	103277638	25	-	ENST00000446373.3	DPY19L2P2	DPY19L2P2
