gene_ref	gene_id	gene_name	condition_1	condition_2	gene_switch_q_value	Rank
geneComp_00111709	HSPA8	HSPA8	RO_D209	RO_D45	1.845937711029838e-39	1
geneComp_00124704	RP1	RP1	RO_D209	RO_D45	2.7128370115050483e-35	2
geneComp_00128414	STX3	STX3	RO_D209	RO_D45	7.228833367736083e-35	3
geneComp_00130263	TSC22D4	TSC22D4	RO_D209	RO_D45	9.789663523216315e-34	4
geneComp_00111389	HMGN1	HMGN1	RO_D209	RO_D45	4.3385799371390394e-33	5
geneComp_00090626	BSG	BSG	RO_D209	RO_D45	8.819109920957814e-28	6
geneComp_00023321	HSPA8	HSPA8	RO_D100	RO_D209	1.5724953805557859e-24	7
geneComp_00031971	PDE4DIP	PDE4DIP	RO_D100	RO_D209	1.5724953805557859e-24	8
geneComp_00092484	CLK4	CLK4	RO_D209	RO_D45	3.4678845728490694e-23	9
geneComp_00122610	REEP6	REEP6	RO_D209	RO_D45	1.1308197497031195e-22	10
geneComp_00084163	STMN1	STMN1	RO_D100	RO_D45	1.5662587054449505e-22	11
geneComp_00110825	GUK1	GUK1	RO_D209	RO_D45	5.483279110317095e-22	12
geneComp_00128692	TAFA5	TAFA5	RO_D209	RO_D45	1.4531134460638605e-21	13
geneComp_00129346	TMCC2	TMCC2	RO_D209	RO_D45	3.7142246608649705e-18	14
geneComp_00080510	RP1	RP1	RO_D100	RO_D45	9.057736993390299e-17	15
geneComp_00119324	OLFM3	OLFM3	RO_D209	RO_D45	4.927855645485548e-14	16
geneComp_00004096	CLK4	CLK4	RO_D100	RO_D209	1.2059042343593357e-13	17
geneComp_00087829	ZNF326	ZNF326	RO_D100	RO_D45	1.706851228733386e-13	18
geneComp_00041533	TPT1	TPT1	RO_D100	RO_D209	4.387117758906126e-13	19
geneComp_00025159	LGR4	LGR4	RO_D100	RO_D209	5.941005473417212e-13	20
geneComp_00081327	RPS13	RPS13	RO_D100	RO_D45	1.0873054285666157e-12	21
geneComp_00108571	EPB41L2	EPB41L2	RO_D209	RO_D45	1.6443677033194086e-12	22
geneComp_00084220	STX3	STX3	RO_D100	RO_D45	1.6453242554918297e-12	23
geneComp_00078252	RBBP6	RBBP6	RO_D100	RO_D45	3.78160926671327e-12	24
geneComp_00067345	HOMER2	HOMER2	RO_D100	RO_D45	5.6617060279788396e-12	25
geneComp_00086069	TSC22D4	TSC22D4	RO_D100	RO_D45	2.674059868878805e-11	26
geneComp_00090751	C12orf57	C12orf57	RO_D209	RO_D45	4.529802081418643e-11	27
geneComp_00030376	NME2	NME2	RO_D100	RO_D209	5.933160553363103e-11	28
geneComp_00131738	ZDHHC5	ZDHHC5	RO_D209	RO_D45	7.074480966535275e-11	29
geneComp_00122821	RIMS2	RIMS2	RO_D209	RO_D45	7.694722164137581e-11	30
geneComp_00030913	OGA	OGA	RO_D100	RO_D209	1.2252150181953577e-10	31
geneComp_00129868	TPD52	TPD52	RO_D209	RO_D45	1.7561255036753401e-10	32
geneComp_00085764	TRAK1	TRAK1	RO_D100	RO_D45	1.8014699578132515e-10	33
geneComp_00119831	OSBPL1A	OSBPL1A	RO_D209	RO_D45	2.1356073473554524e-10	34
geneComp_00081728	RTN4	RTN4	RO_D100	RO_D45	2.795458874331349e-10	35
geneComp_00075107	OGA	OGA	RO_D100	RO_D45	2.970041474675294e-10	36
geneComp_00078152	RANBP2	RANBP2	RO_D100	RO_D45	2.970041474675294e-10	37
geneComp_00091234	CARHSP1	CARHSP1	RO_D209	RO_D45	6.067035749995163e-10	38
geneComp_00130430	TUB	TUB	RO_D209	RO_D45	6.067035749995163e-10	39
geneComp_00037240	RPS27A	RPS27A	RO_D100	RO_D209	8.649618719106486e-10	40
geneComp_00117349	MORF4L2	MORF4L2	RO_D209	RO_D45	9.213986726731056e-10	41
geneComp_00094545	EFCAB12	EFCAB12	RO_D209	RO_D45	9.230496226054048e-10	42
geneComp_00112390	IQSEC1	IQSEC1	RO_D209	RO_D45	1.0014227384439449e-9	43
geneComp_00075746	P3H3	P3H3	RO_D100	RO_D45	1.2381220400110884e-9	44
geneComp_00124688	ROM1	ROM1	RO_D209	RO_D45	1.2840603184487185e-9	45
geneComp_00122253	RABGAP1	RABGAP1	RO_D209	RO_D45	1.3242757843027546e-9	46
geneComp_00076432	PHC2	PHC2	RO_D100	RO_D45	1.8378384396643731e-9	47
geneComp_00119017	NRG1	NRG1	RO_D209	RO_D45	2.061841331569797e-9	48
geneComp_00048287	CLK1	CLK1	RO_D100	RO_D45	3.053731020424636e-9	49
geneComp_00108830	EZR	EZR	RO_D209	RO_D45	5.529443872397512e-9	50
geneComp_00111499	HNRNPC	HNRNPC	RO_D209	RO_D45	5.630409282553759e-9	51
geneComp_00092481	CLK1	CLK1	RO_D209	RO_D45	7.73254086805488e-9	52
geneComp_00121740	PRR5	PRR5	RO_D209	RO_D45	1.182953425847083e-8	53
geneComp_00031443	OSBPL1A	OSBPL1A	RO_D100	RO_D209	1.264808992823414e-8	54
geneComp_00089680	ARHGEF7	ARHGEF7	RO_D209	RO_D45	1.9191985590670322e-8	55
geneComp_00081746	RUFY3	RUFY3	RO_D100	RO_D45	1.983221533179675e-8	56
geneComp_00034058	RBBP6	RBBP6	RO_D100	RO_D209	2.08076672411702e-8	57
geneComp_00127519	SNHG6	SNHG6	RO_D209	RO_D45	2.3700702347108145e-8	58
geneComp_00130739	UCKL1	UCKL1	RO_D209	RO_D45	2.509518701811476e-8	59
geneComp_00047040	CARHSP1	CARHSP1	RO_D100	RO_D45	2.6459531197204457e-8	60
geneComp_00075863	PAPOLA	PAPOLA	RO_D100	RO_D45	2.6459531197204457e-8	61
geneComp_00029878	NAV2	NAV2	RO_D100	RO_D209	2.704439935463612e-8	62
geneComp_00121453	PPP2R5C	PPP2R5C	RO_D209	RO_D45	2.925750483200493e-8	63
geneComp_00048946	CTBP2	CTBP2	RO_D100	RO_D45	3.0298770000860974e-8	64
geneComp_00132023	ZNF326	ZNF326	RO_D209	RO_D45	3.059683782900411e-8	65
geneComp_00080490	ROCK1P1	ROCK1P1	RO_D100	RO_D45	3.303382424628361e-8	66
geneComp_00072050	MATR3	MATR3	RO_D100	RO_D45	4.031779088815441e-8	67
geneComp_00040026	STX3	STX3	RO_D100	RO_D209	4.378853042092058e-8	68
geneComp_00126689	SHROOM3	SHROOM3	RO_D209	RO_D45	4.5934470716060634e-8	69
geneComp_00131247	WARS2-AS1	WARS2-AS1	RO_D209	RO_D45	4.5934470716060634e-8	70
geneComp_00085985	TRIOBP	TRIOBP	RO_D100	RO_D45	5.583894881011535e-8	71
geneComp_00129086	TFPI	TFPI	RO_D209	RO_D45	6.075350857757656e-8	72
geneComp_00120961	PLEKHB1	PLEKHB1	RO_D209	RO_D45	6.235678285673297e-8	73
geneComp_00037531	RTN1	RTN1	RO_D100	RO_D209	6.924576828209887e-8	74
geneComp_00128357	STMN1	STMN1	RO_D209	RO_D45	7.431511610823789e-8	75
geneComp_00129199	TIAL1	TIAL1	RO_D209	RO_D45	7.656330016394328e-8	76
geneComp_00065341	FMNL2	FMNL2	RO_D100	RO_D45	1.0562793795312738e-7	77
geneComp_00089252	ANK3	ANK3	RO_D209	RO_D45	1.082067554249116e-7	78
geneComp_00088981	AHCY	AHCY	RO_D209	RO_D45	1.178964957975821e-7	79
geneComp_00128155	SRSF4	SRSF4	RO_D209	RO_D45	1.2081237942337947e-7	80
geneComp_00036436	RPL17	RPL17	RO_D100	RO_D209	1.30224334402256e-7	81
geneComp_00050124	DUT	DUT	RO_D100	RO_D45	1.309936371856787e-7	82
geneComp_00078192	RARS1	RARS1	RO_D100	RO_D45	1.513688764181691e-7	83
geneComp_00066631	GUK1	GUK1	RO_D100	RO_D45	1.648041432892255e-7	84
geneComp_00004681	CSNK1E	CSNK1E	RO_D100	RO_D209	1.765484856241369e-7	85
geneComp_00092517	CLTA	CLTA	RO_D209	RO_D45	1.8972951022437613e-7	86
geneComp_00066940	HECTD2	HECTD2	RO_D100	RO_D45	2.704568009267835e-7	87
geneComp_00039969	STMN1	STMN1	RO_D100	RO_D209	2.8513141977529754e-7	88
geneComp_00090379	BEX2	BEX2	RO_D209	RO_D45	2.9155534054032765e-7	89
geneComp_00038003	SENP6	SENP6	RO_D100	RO_D209	2.9897601643387346e-7	90
geneComp_00032238	PHC2	PHC2	RO_D100	RO_D209	3.4494024450457546e-7	91
geneComp_00084188	STRADB	STRADB	RO_D100	RO_D45	3.506938150557094e-7	92
geneComp_00131258	WASH5P	WASH5P	RO_D209	RO_D45	3.6587353107492147e-7	93
geneComp_00093011	CRYAB	CRYAB	RO_D209	RO_D45	5.31943766478353e-7	94
geneComp_00118253	NASP	NASP	RO_D209	RO_D45	5.716437383515837e-7	95
geneComp_00125919	RTN1	RTN1	RO_D209	RO_D45	6.353677916151319e-7	96
geneComp_00020191	EPC1	EPC1	RO_D100	RO_D209	6.762627446273428e-7	97
geneComp_00073053	MLLT10	MLLT10	RO_D100	RO_D45	6.780779783869346e-7	98
geneComp_00067329	HNRNPL	HNRNPL	RO_D100	RO_D45	8.040638091100066e-7	99
geneComp_00127313	SMAD2	SMAD2	RO_D209	RO_D45	8.058810254260065e-7	100
geneComp_00116654	MIR124-1HG	MIR124-1HG	RO_D209	RO_D45	8.182832460687178e-7	101
geneComp_00119818	ORC6	ORC6	RO_D209	RO_D45	8.506659733458598e-7	102
geneComp_00089458	APBA1	APBA1	RO_D209	RO_D45	8.901144459230782e-7	103
geneComp_00066121	GNB1	GNB1	RO_D100	RO_D45	9.308087151665411e-7	104
geneComp_00122346	RANBP2	RANBP2	RO_D209	RO_D45	9.709957121927493e-7	105
geneComp_00030348	NLGN2	NLGN2	RO_D100	RO_D209	9.81394710034435e-7	106
geneComp_00040389	TBC1D12	TBC1D12	RO_D100	RO_D209	1.074006157323304e-6	107
geneComp_00119014	NREP	NREP	RO_D209	RO_D45	1.2601935460185791e-6	108
geneComp_00094090	DNMT3A	DNMT3A	RO_D209	RO_D45	1.293872874392352e-6	109
geneComp_00049530	DENND5A	DENND5A	RO_D100	RO_D45	1.3155273368975447e-6	110
geneComp_00120358	PDE4D	PDE4D	RO_D209	RO_D45	1.353869958586752e-6	111
geneComp_00073094	MMP24OS	MMP24OS	RO_D100	RO_D45	1.4216054539530606e-6	112
geneComp_00126391	SENP6	SENP6	RO_D209	RO_D45	1.6501274462655814e-6	113
geneComp_00081258	RPL9	RPL9	RO_D100	RO_D45	1.8543818666355204e-6	114
geneComp_00074820	NREP	NREP	RO_D100	RO_D45	1.8712258908626635e-6	115
geneComp_00083119	SMAD2	SMAD2	RO_D100	RO_D45	2.024624562888158e-6	116
geneComp_00005493	DKK3	DKK3	RO_D100	RO_D209	2.171435740208442e-6	117
geneComp_00023118	HNRNPDL	HNRNPDL	RO_D100	RO_D209	2.171435740208442e-6	118
geneComp_00004284	COG8	COG8	RO_D100	RO_D209	2.3603021184459213e-6	119
geneComp_00120359	PDE4DIP	PDE4DIP	RO_D209	RO_D45	2.5694984898501844e-6	120
geneComp_00074175	NCOR2	NCOR2	RO_D100	RO_D45	2.7066105981232142e-6	121
geneComp_00045456	ARHGEF12	ARHGEF12	RO_D100	RO_D45	2.712519569740793e-6	122
geneComp_00129921	TPT1	TPT1	RO_D209	RO_D45	3.2453011718395496e-6	123
geneComp_00125922	RTN4	RTN4	RO_D209	RO_D45	3.6116885030225493e-6	124
geneComp_00090413	BIN1	BIN1	RO_D209	RO_D45	3.641317452785107e-6	125
geneComp_00078470	RFC5	RFC5	RO_D100	RO_D45	3.690965738813778e-6	126
geneComp_00045486	ARHGEF7	ARHGEF7	RO_D100	RO_D45	4.003686900736446e-6	127
geneComp_00045752	ATG5	ATG5	RO_D100	RO_D45	4.0297288022145075e-6	128
geneComp_00122664	RFC5	RFC5	RO_D209	RO_D45	4.247996811831101e-6	129
geneComp_00091386	CCDC122	CCDC122	RO_D209	RO_D45	4.337180701765378e-6	130
geneComp_00080852	RPL26	RPL26	RO_D100	RO_D45	5.0628629024675255e-6	131
geneComp_00116512	MFF-DT	MFF-DT	RO_D209	RO_D45	5.12901694046634e-6	132
geneComp_00042919	WDR33	WDR33	RO_D100	RO_D209	5.152226671238805e-6	133
geneComp_00116136	MAP7	MAP7	RO_D209	RO_D45	6.008211932566855e-6	134
geneComp_00122506	RBM4	RBM4	RO_D209	RO_D45	6.581401736996495e-6	135
geneComp_00005336	DENND5A	DENND5A	RO_D100	RO_D209	6.703316128749219e-6	136
geneComp_00108917	FAM124A	FAM124A	RO_D209	RO_D45	7.399091003600245e-6	137
geneComp_00112899	KIF21A	KIF21A	RO_D209	RO_D45	7.577454065882205e-6	138
geneComp_00023116	HNRNPD	HNRNPD	RO_D100	RO_D209	7.9671309889054e-6	139
geneComp_00047514	CD47	CD47	RO_D100	RO_D45	8.284305655846086e-6	140
geneComp_00118266	NAV2	NAV2	RO_D209	RO_D45	8.617813440140142e-6	141
geneComp_00092812	COX20	COX20	RO_D209	RO_D45	9.212296663186332e-6	142
geneComp_00064813	FAM193A	FAM193A	RO_D100	RO_D45	9.693103430043283e-6	143
geneComp_00083616	SOS1	SOS1	RO_D100	RO_D45	9.693103430043283e-6	144
geneComp_00049707	DLG5	DLG5	RO_D100	RO_D45	9.775918374429727e-6	145
geneComp_00020901	FBXW7	FBXW7	RO_D100	RO_D209	9.819152029890611e-6	146
geneComp_00021147	FMNL2	FMNL2	RO_D100	RO_D209	9.819152029890611e-6	147
geneComp_00111726	HSPB1	HSPB1	RO_D209	RO_D45	9.896757804713354e-6	148
geneComp_00114142	LINC01278	LINC01278	RO_D209	RO_D45	9.896757804713354e-6	149
geneComp_00087832	ZNF331	ZNF331	RO_D100	RO_D45	1.0442825090913804e-5	150
geneComp_00043673	ZNF385A	ZNF385A	RO_D100	RO_D209	1.1111334873696583e-5	151
geneComp_00128888	TCF12	TCF12	RO_D209	RO_D45	1.1448714931459785e-5	152
geneComp_00086506	UBP1	UBP1	RO_D100	RO_D45	1.1999193578568985e-5	153
geneComp_00081272	RPLP0	RPLP0	RO_D100	RO_D45	1.2529194283204028e-5	154
geneComp_00125891	RSPRY1	RSPRY1	RO_D209	RO_D45	1.349131380909763e-5	155
geneComp_00117820	MTMR1	MTMR1	RO_D209	RO_D45	1.3963147936071233e-5	156
geneComp_00128722	TARDBP	TARDBP	RO_D209	RO_D45	1.3963147936071233e-5	157
geneComp_00132061	ZNF385A	ZNF385A	RO_D209	RO_D45	1.3963147936071233e-5	158
geneComp_00086173	TTC3	TTC3	RO_D100	RO_D45	1.4187732591916914e-5	159
geneComp_00087293	XPO6	XPO6	RO_D100	RO_D45	1.5291841008236376e-5	160
geneComp_00108720	ESPN	ESPN	RO_D209	RO_D45	1.610946111592558e-5	161
geneComp_00093440	DAB2IP	DAB2IP	RO_D209	RO_D45	1.647990990239568e-5	162
geneComp_00050351	EFCAB12	EFCAB12	RO_D100	RO_D45	1.7193641397136134e-5	163
geneComp_00074542	NLGN2	NLGN2	RO_D100	RO_D45	1.745546290925794e-5	164
geneComp_00078576	RHOBTB1	RHOBTB1	RO_D100	RO_D45	1.758091428753363e-5	165
geneComp_00077021	POMZP3	POMZP3	RO_D100	RO_D45	1.9085483817599737e-5	166
geneComp_00125466	RPLP0	RPLP0	RO_D209	RO_D45	1.9154088991259664e-5	167
geneComp_00075624	ORC6	ORC6	RO_D100	RO_D45	1.9702387241948687e-5	168
geneComp_00049560	DFFA	DFFA	RO_D100	RO_D45	2.0187186024256002e-5	169
geneComp_00093601	DDX11-AS1	DDX11-AS1	RO_D209	RO_D45	2.09877711773017e-5	170
geneComp_00020332	ESPN	ESPN	RO_D100	RO_D209	2.1346796736712838e-5	171
geneComp_00047009	CAPN2	CAPN2	RO_D100	RO_D45	2.2289785553113433e-5	172
geneComp_00094397	E2F3	E2F3	RO_D209	RO_D45	2.2786666758946288e-5	173
geneComp_00050466	EIF3B	EIF3B	RO_D100	RO_D45	2.3796285559224416e-5	174
geneComp_00093027	CRYGS	CRYGS	RO_D209	RO_D45	2.8033971193977084e-5	175
geneComp_00005268	DDX6	DDX6	RO_D100	RO_D209	2.8307097237308038e-5	176
geneComp_00074788	NR2C2	NR2C2	RO_D100	RO_D45	3.341130861233748e-5	177
geneComp_00037980	SEMA4B	SEMA4B	RO_D100	RO_D209	3.441535336074978e-5	178
geneComp_00111511	HNRNPF	HNRNPF	RO_D209	RO_D45	3.462821949204222e-5	179
geneComp_00038301	SHROOM3	SHROOM3	RO_D100	RO_D209	3.5567923271932235e-5	180
geneComp_00022072	GPC1	GPC1	RO_D100	RO_D209	3.663830980209644e-5	181
geneComp_00128373	STOX2	STOX2	RO_D209	RO_D45	4.263108375389842e-5	182
geneComp_00048875	CSNK1E	CSNK1E	RO_D100	RO_D45	4.318885630152306e-5	183
geneComp_00065095	FBXW7	FBXW7	RO_D100	RO_D45	4.318885630152306e-5	184
geneComp_00082458	SHC2	SHC2	RO_D100	RO_D45	4.318885630152306e-5	185
geneComp_00082875	SLC35E2B	SLC35E2B	RO_D100	RO_D45	4.318885630152306e-5	186
geneComp_00083285	SNAPC3	SNAPC3	RO_D100	RO_D45	4.318885630152306e-5	187
geneComp_00045801	ATP2A2	ATP2A2	RO_D100	RO_D45	4.361405152527146e-5	188
geneComp_00109679	FRMD4B	FRMD4B	RO_D209	RO_D45	4.392083964788586e-5	189
geneComp_00132334	ZNF692	ZNF692	RO_D209	RO_D45	4.392083964788586e-5	190
geneComp_00029981	NCOR2	NCOR2	RO_D100	RO_D209	4.476386531863101e-5	191
geneComp_00083229	SMIM7	SMIM7	RO_D100	RO_D45	5.060945884830319e-5	192
geneComp_00111539	HOMER2	HOMER2	RO_D209	RO_D45	5.111094721609864e-5	193
geneComp_00029185	MRPS6	MRPS6	RO_D100	RO_D209	5.3460536830928357e-5	194
geneComp_00093890	DLEU1	DLEU1	RO_D209	RO_D45	5.470767546939968e-5	195
geneComp_00110914	H2BC5	H2BC5	RO_D209	RO_D45	5.470767546939968e-5	196
geneComp_00128097	SRGAP1	SRGAP1	RO_D209	RO_D45	5.5285512212430134e-05	197
geneComp_00002732	CADM3	CADM3	RO_D100	RO_D209	5.5343080220757475e-5	198
geneComp_00088850	ADI1	ADI1	RO_D209	RO_D45	5.69370189120434e-5	199
geneComp_00118955	NPTN	NPTN	RO_D209	RO_D45	6.0389002703043505e-5	200
geneComp_00046006	B4GALT2	B4GALT2	RO_D100	RO_D45	6.372177287497418e-5	201
geneComp_00083834	SPP1	SPP1	RO_D100	RO_D45	6.516919031869055e-5	202
geneComp_00085674	TPD52	TPD52	RO_D100	RO_D45	6.522647048944532e-5	203
geneComp_00118876	NPAS3	NPAS3	RO_D209	RO_D45	6.53405279022459e-5	204
geneComp_00045703	ASXL1	ASXL1	RO_D100	RO_D45	6.655597998423218e-5	205
geneComp_00122841	RIPOR1	RIPOR1	RO_D209	RO_D45	6.705051372284519e-5	206
geneComp_00064720	FAM120AOS	FAM120AOS	RO_D100	RO_D45	7.136808171049347e-5	207
geneComp_00093625	DDX39A	DDX39A	RO_D209	RO_D45	7.16255022214304e-5	208
geneComp_00005550	DMD	DMD	RO_D100	RO_D209	7.257664492197568e-5	209
geneComp_00006434	EML1	EML1	RO_D100	RO_D209	7.257664492197568e-5	210
geneComp_00109436	FHL1P1	FHL1P1	RO_D209	RO_D45	7.620524142320243e-5	211
geneComp_00005713	DOC2B	DOC2B	RO_D100	RO_D209	7.686301953198708e-5	212
geneComp_00027746	MAP6	MAP6	RO_D100	RO_D209	7.686301953198708e-5	213
geneComp_00022111	GPR137C	GPR137C	RO_D100	RO_D209	8.078017384211285e-5	214
geneComp_00074438	NFYB	NFYB	RO_D100	RO_D45	8.084196460806482e-5	215
geneComp_00020183	EPB41L2	EPB41L2	RO_D100	RO_D209	8.20832871557864e-5	216
geneComp_00020214	EPHB4	EPHB4	RO_D100	RO_D209	8.20832871557864e-5	217
geneComp_00040183	SYNCRIP	SYNCRIP	RO_D100	RO_D209	8.20832871557864e-5	218
geneComp_00028047	MEIS3	MEIS3	RO_D100	RO_D209	8.548869474887947e-5	219
geneComp_00111643	HSBP1L1	HSBP1L1	RO_D209	RO_D45	8.651954213646241e-5	220
geneComp_00093140	CTBP2	CTBP2	RO_D209	RO_D45	9.528658327898748e-5	221
geneComp_00091367	CCAR1	CCAR1	RO_D209	RO_D45	9.548206187093889e-5	222
geneComp_00126738	SINHCAF	SINHCAF	RO_D209	RO_D45	1.0028356386492047e-4	223
geneComp_00130723	UBXN1	UBXN1	RO_D209	RO_D45	1.0028356386492047e-4	224
geneComp_00001096	APLP1	APLP1	RO_D100	RO_D209	1.0884659340092598e-4	225
geneComp_00000832	AMZ2	AMZ2	RO_D100	RO_D209	1.1221907196068625e-4	226
geneComp_00118063	MYL6	MYL6	RO_D209	RO_D45	1.1466130715268829e-4	227
geneComp_00076544	PIGQ	PIGQ	RO_D100	RO_D45	1.1549270563708269e-4	228
geneComp_00068138	INTS3	INTS3	RO_D100	RO_D45	1.156279181615857e-4	229
geneComp_00082296	SESN1	SESN1	RO_D100	RO_D45	1.1698602127744371e-4	230
geneComp_00067045	HIKESHI	HIKESHI	RO_D100	RO_D45	1.220734917616773e-4	231
geneComp_00078612	RIF1	RIF1	RO_D100	RO_D45	1.3559890511460787e-4	232
geneComp_00092252	CHORDC1	CHORDC1	RO_D209	RO_D45	1.3715296076047614e-4	233
geneComp_00002987	CCDC106	CCDC106	RO_D100	RO_D209	1.378429862450484e-4	234
geneComp_00110406	GOLGB1	GOLGB1	RO_D209	RO_D45	1.4051519148398797e-4	235
geneComp_00049462	DDX6	DDX6	RO_D100	RO_D45	1.420913447776051e-4	236
geneComp_00069948	LINC01278	LINC01278	RO_D100	RO_D45	1.420913447776051e-4	237
geneComp_00126616	SH3BP2	SH3BP2	RO_D209	RO_D45	1.481528644016941e-4	238
geneComp_00021291	FRMD4B	FRMD4B	RO_D100	RO_D209	1.5225752967805396e-4	239
geneComp_00027748	MAP7	MAP7	RO_D100	RO_D209	1.5225752967805396e-4	240
geneComp_00132474	ZNF875	ZNF875	RO_D209	RO_D45	1.5316533370247557e-4	241
geneComp_00021396	FYN	FYN	RO_D100	RO_D209	1.5631216768899968e-4	242
geneComp_00042312	UBP1	UBP1	RO_D100	RO_D209	1.5631216768899968e-4	243
geneComp_00042898	WDFY3	WDFY3	RO_D100	RO_D209	1.5631216768899968e-4	244
geneComp_00049431	DDX39A	DDX39A	RO_D100	RO_D45	1.5862884806294234e-4	245
geneComp_00091681	CD276	CD276	RO_D209	RO_D45	1.5959758602411084e-4	246
geneComp_00064723	FAM124A	FAM124A	RO_D100	RO_D45	1.6005581145834863e-4	247
geneComp_00084429	SYT7	SYT7	RO_D100	RO_D45	1.6145121850541196e-4	248
geneComp_00115677	LRCH4	LRCH4	RO_D209	RO_D45	1.7356771642492393e-4	249
geneComp_00068897	KPNA4	KPNA4	RO_D100	RO_D45	1.7449926199499953e-4	250
geneComp_00076147	PDE10A	PDE10A	RO_D100	RO_D45	1.7558293085718357e-4	251
geneComp_00065590	FYN	FYN	RO_D100	RO_D45	1.775900150558591e-4	252
geneComp_00119103	NTM	NTM	RO_D209	RO_D45	1.7862409602945205e-4	253
geneComp_00034222	REEP6	REEP6	RO_D100	RO_D209	1.822687776426944e-4	254
geneComp_00077510	PRPF8	PRPF8	RO_D100	RO_D45	1.8257267761508173e-4	255
geneComp_00047646	CDIP1	CDIP1	RO_D100	RO_D45	1.8551659003533533e-4	256
geneComp_00130483	TUBGCP4	TUBGCP4	RO_D209	RO_D45	1.8638158128783991e-4	257
geneComp_00122458	RBIS	RBIS	RO_D209	RO_D45	1.8758461707454803e-4	258
geneComp_00124808	RPL14	RPL14	RO_D209	RO_D45	1.8991802480883334e-4	259
geneComp_00006473	ENO2	ENO2	RO_D100	RO_D209	1.9032075787109057e-4	260
geneComp_00091957	CELF2	CELF2	RO_D209	RO_D45	1.948783667084776e-4	261
geneComp_00121810	PSD	PSD	RO_D209	RO_D45	1.948783667084776e-4	262
geneComp_00110605	GRAMD1B	GRAMD1B	RO_D209	RO_D45	1.9934875317853507e-4	263
geneComp_00067056	HIP1	HIP1	RO_D100	RO_D45	1.9961201164864673e-4	264
geneComp_00064470	ERGIC3	ERGIC3	RO_D100	RO_D45	2.0211056511642157e-4	265
geneComp_00071494	LRIG1	LRIG1	RO_D100	RO_D45	2.0211056511642157e-4	266
geneComp_00078312	RBM4	RBM4	RO_D100	RO_D45	2.0211056511642157e-4	267
geneComp_00027816	MARK2	MARK2	RO_D100	RO_D209	2.0234298073973023e-4	268
geneComp_00091819	CDH23	CDH23	RO_D209	RO_D45	2.0350885449668722e-4	269
geneComp_00073936	MYRF	MYRF	RO_D100	RO_D45	2.0572648583915397e-4	270
geneComp_00069405	LIMK1	LIMK1	RO_D100	RO_D45	2.1313351309798403e-4	271
geneComp_00117954	MTTP	MTTP	RO_D209	RO_D45	2.2220549253730484e-4	272
geneComp_00086219	TTLL4	TTLL4	RO_D100	RO_D45	2.2299153756997342e-4	273
geneComp_00064408	EPHB4	EPHB4	RO_D100	RO_D45	2.238080205463197e-4	274
geneComp_00005389	DGKZ	DGKZ	RO_D100	RO_D209	2.2389415603427386e-4	275
geneComp_00045951	AUTS2	AUTS2	RO_D100	RO_D45	2.2687898509781917e-4	276
geneComp_00000593	AHCY	AHCY	RO_D100	RO_D209	2.3364246682817477e-4	277
geneComp_00090398	BHMT	BHMT	RO_D209	RO_D45	2.393203339873092e-4	278
geneComp_00022097	GPM6B	GPM6B	RO_D100	RO_D209	2.3955871252085204e-4	279
geneComp_00034433	RIMS2	RIMS2	RO_D100	RO_D209	2.4208490337337605e-4	280
geneComp_00090443	BLTP1	BLTP1	RO_D209	RO_D45	2.46311755237778e-4	281
geneComp_00131487	XPO6	XPO6	RO_D209	RO_D45	2.5374245165635386e-4	282
geneComp_00116090	MAP2	MAP2	RO_D209	RO_D45	2.7244712608421223e-4	283
geneComp_00001346	ARL6IP4	ARL6IP4	RO_D100	RO_D209	2.7676252331717145e-4	284
geneComp_00117806	MTHFD2	MTHFD2	RO_D209	RO_D45	2.779873031810609e-4	285
geneComp_00114105	LINC01224	LINC01224	RO_D209	RO_D45	2.810317821548241e-4	286
geneComp_00078416	REEP6	REEP6	RO_D100	RO_D45	2.8656481613021994e-4	287
geneComp_00083903	SRGAP1	SRGAP1	RO_D100	RO_D45	2.8656481613021994e-4	288
geneComp_00072164	MEAF6	MEAF6	RO_D100	RO_D45	3.026751957334949e-4	289
geneComp_00081434	RPS27A	RPS27A	RO_D100	RO_D45	3.0431151129513506e-4	290
geneComp_00086451	UBE2L6	UBE2L6	RO_D100	RO_D45	3.0832240279268493e-4	291
geneComp_00116126	MAP4	MAP4	RO_D209	RO_D45	3.222375433551465e-4	292
geneComp_00117961	MTX1	MTX1	RO_D209	RO_D45	3.222375433551465e-4	293
geneComp_00102247	ENSG00000268362	ENSG00000268362	RO_D209	RO_D45	3.2652312753107533e-4	294
geneComp_00077866	PTPRZ1	PTPRZ1	RO_D100	RO_D45	3.398232566680196e-4	295
geneComp_00088525	ABR	ABR	RO_D209	RO_D45	3.433441149364795e-4	296
geneComp_00094373	DYNLRB1	DYNLRB1	RO_D209	RO_D45	3.4990242640870254e-4	297
geneComp_00073767	MTX1	MTX1	RO_D100	RO_D45	3.526646070837121e-4	298
geneComp_00075130	OLFM3	OLFM3	RO_D100	RO_D45	3.526646070837121e-4	299
geneComp_00083168	SMG1	SMG1	RO_D100	RO_D45	3.560661764096781e-4	300
geneComp_00124684	ROCK1P1	ROCK1P1	RO_D209	RO_D45	3.5774611159918783e-4	301
geneComp_00122196	RAB30-DT	RAB30-DT	RO_D209	RO_D45	3.5924406469230695e-4	302
geneComp_00044817	AIMP2	AIMP2	RO_D100	RO_D45	3.605441444365298e-4	303
geneComp_00120057	PAPOLA	PAPOLA	RO_D209	RO_D45	3.689863600711147e-4	304
geneComp_00000169	ACAP3	ACAP3	RO_D100	RO_D209	3.7282912844353796e-4	305
geneComp_00091345	CBX2	CBX2	RO_D209	RO_D45	3.835009895373244e-4	306
geneComp_00108803	EXOSC10	EXOSC10	RO_D209	RO_D45	3.8886807676889637e-4	307
geneComp_00111322	HMGA2	HMGA2	RO_D209	RO_D45	3.923656744154747e-4	308
geneComp_00035377	RNASET2	RNASET2	RO_D100	RO_D209	3.9294681240425035e-4	309
geneComp_00094318	DUT	DUT	RO_D209	RO_D45	4.19948642117589e-4	310
geneComp_00023135	HNRNPL	HNRNPL	RO_D100	RO_D209	4.2692164168312447e-4	311
geneComp_00072241	MEIS3	MEIS3	RO_D100	RO_D45	4.3232867172350733e-4	312
geneComp_00110215	GLI3	GLI3	RO_D209	RO_D45	4.5167283445093323e-4	313
geneComp_00104708	ENSG00000284634	ENSG00000284634	RO_D209	RO_D45	4.5451700411390836e-4	314
geneComp_00074059	NASP	NASP	RO_D100	RO_D45	4.601507183808373e-4	315
geneComp_00084981	THRA	THRA	RO_D100	RO_D45	4.6627169827426895e-4	316
geneComp_00092531	CLUL1	CLUL1	RO_D209	RO_D45	4.675512260132234e-4	317
geneComp_00084504	TAGLN3	TAGLN3	RO_D100	RO_D45	4.696316390137937e-4	318
geneComp_00046384	BRD2	BRD2	RO_D100	RO_D45	4.763021979533062e-4	319
geneComp_00045238	AP1S2	AP1S2	RO_D100	RO_D45	4.8066889707046485e-4	320
geneComp_00092661	COASY	COASY	RO_D209	RO_D45	4.816808812931844e-4	321
geneComp_00105882	ENSG00000286833	ENSG00000286833	RO_D209	RO_D45	4.845785347640104e-4	322
geneComp_00005702	DNMT3A	DNMT3A	RO_D100	RO_D209	4.941161043170417e-4	323
geneComp_00111651	HSD17B10	HSD17B10	RO_D209	RO_D45	4.944193507199647e-4	324
geneComp_00045058	ANK3	ANK3	RO_D100	RO_D45	4.967540834008284e-4	325
geneComp_00076178	PDE7A	PDE7A	RO_D100	RO_D45	4.967540834008284e-4	326
geneComp_00077717	PSMG4	PSMG4	RO_D100	RO_D45	5.083104420334437e-4	327
geneComp_00129636	TMEM87B	TMEM87B	RO_D209	RO_D45	5.120636106591565e-4	328
geneComp_00090315	BCL2L1	BCL2L1	RO_D209	RO_D45	5.149976327158009e-4	329
geneComp_00120525	PFKP	PFKP	RO_D209	RO_D45	5.27737389125897e-4	330
geneComp_00068611	KDM2B	KDM2B	RO_D100	RO_D45	5.616555997795577e-4	331
geneComp_00072091	MCC	MCC	RO_D100	RO_D45	5.616555997795577e-4	332
geneComp_00093938	DMD	DMD	RO_D209	RO_D45	5.764934075562791e-4	333
geneComp_00033091	PPP6R1	PPP6R1	RO_D100	RO_D209	5.837849913173515e-4	334
geneComp_00122750	RHBDD3	RHBDD3	RO_D209	RO_D45	5.872504208173523e-4	335
geneComp_00126293	SEC11A	SEC11A	RO_D209	RO_D45	5.872504208173523e-4	336
geneComp_00065749	GAR1	GAR1	RO_D100	RO_D45	6.08514605549189e-4	337
geneComp_00031552	P3H3	P3H3	RO_D100	RO_D209	6.112196905814804e-4	338
geneComp_00068434	KAT8	KAT8	RO_D100	RO_D45	6.379673733487658e-4	339
geneComp_00093901	DLG5	DLG5	RO_D209	RO_D45	6.391716682515744e-4	340
geneComp_00130179	TRIOBP	TRIOBP	RO_D209	RO_D45	6.391716682515744e-4	341
geneComp_00090800	C18orf32	C18orf32	RO_D209	RO_D45	6.42350560316386e-4	342
geneComp_00130837	UPF3A	UPF3A	RO_D209	RO_D45	6.634662335044285e-4	343
geneComp_00128156	SRSF5	SRSF5	RO_D209	RO_D45	6.752976739242899e-4	344
geneComp_00090848	C1orf35	C1orf35	RO_D209	RO_D45	6.896497246322064e-4	345
geneComp_00110321	GNB5	GNB5	RO_D209	RO_D45	6.930954177160468e-4	346
geneComp_00085188	TMEM107	TMEM107	RO_D100	RO_D45	6.934254706854955e-4	347
geneComp_00083657	SP3	SP3	RO_D100	RO_D45	6.973897817688199e-4	348
geneComp_00043242	ZBTB25	ZBTB25	RO_D100	RO_D209	6.985523127341081e-4	349
geneComp_00068196	IQSEC1	IQSEC1	RO_D100	RO_D45	7.000516161802284e-4	350
geneComp_00074901	NTAN1	NTAN1	RO_D100	RO_D45	7.091022953453435e-4	351
geneComp_00127283	SLIRP	SLIRP	RO_D209	RO_D45	7.20848184507208e-4	352
geneComp_00130718	UBTF	UBTF	RO_D209	RO_D45	7.226854659615565e-4	353
geneComp_00093226	CUL2	CUL2	RO_D209	RO_D45	7.231704552797517e-4	354
geneComp_00109651	FPGS	FPGS	RO_D209	RO_D45	7.288825478991855e-4	355
geneComp_00047611	CDH11	CDH11	RO_D100	RO_D45	7.33598885192346e-4	356
geneComp_00090248	BAP1	BAP1	RO_D209	RO_D45	7.343362394060093e-4	357
geneComp_00054044	ENSG00000248540	ENSG00000248540	RO_D100	RO_D45	7.353715815199572e-4	358
geneComp_00120267	PCID2	PCID2	RO_D209	RO_D45	7.444010515044908e-4	359
geneComp_00117817	MTIF3	MTIF3	RO_D209	RO_D45	7.731161049486117e-4	360
geneComp_00121242	POU2F1	POU2F1	RO_D209	RO_D45	7.747606237633283e-4	361
geneComp_00041556	TRAF3IP1	TRAF3IP1	RO_D100	RO_D209	7.772677003788062e-4	362
geneComp_00019910	ENSG00000290832	ENSG00000290832	RO_D100	RO_D209	7.824415671746308e-4	363
geneComp_00042664	VEGFA	VEGFA	RO_D100	RO_D209	7.824866654850504e-4	364
geneComp_00081649	RRM2	RRM2	RO_D100	RO_D45	8.013247873279181e-4	365
geneComp_00130147	TRIM59	TRIM59	RO_D209	RO_D45	8.242087673989006e-4	366
geneComp_00073810	MXRA8	MXRA8	RO_D100	RO_D45	8.274483740068729e-4	367
geneComp_00074761	NPTN	NPTN	RO_D100	RO_D45	8.295792160499881e-4	368
geneComp_00085499	TMTC2	TMTC2	RO_D100	RO_D45	8.295792160499881e-4	369
geneComp_00068728	KIF5C	KIF5C	RO_D100	RO_D45	8.383128895095348e-4	370
geneComp_00077285	PPP6R1	PPP6R1	RO_D100	RO_D45	8.383128895095348e-4	371
geneComp_00109453	FILIP1	FILIP1	RO_D209	RO_D45	8.433680608635693e-4	372
geneComp_00132259	ZNF608	ZNF608	RO_D209	RO_D45	8.808793839154305e-4	373
geneComp_00083325	SNHG6	SNHG6	RO_D100	RO_D45	8.898893820180554e-4	374
geneComp_00083898	SREK1	SREK1	RO_D100	RO_D45	8.898893820180554e-4	375
geneComp_00030597	NR2E3	NR2E3	RO_D100	RO_D209	8.910900181072743e-4	376
geneComp_00120732	PIGN	PIGN	RO_D209	RO_D45	9.146044281461283e-4	377
geneComp_00046054	BAP1	BAP1	RO_D100	RO_D45	9.151514597933027e-4	378
geneComp_00068428	KAT2A	KAT2A	RO_D100	RO_D45	9.193735177792617e-4	379
geneComp_00089226	ANAPC11	ANAPC11	RO_D209	RO_D45	9.30702023932164e-4	380
geneComp_00047084	CASP3	CASP3	RO_D100	RO_D45	9.386218700775034e-4	381
geneComp_00079612	RNF157	RNF157	RO_D100	RO_D45	9.386218700775034e-4	382
geneComp_00049032	CUL2	CUL2	RO_D100	RO_D45	9.690757987266788e-4	383
geneComp_00049246	DAB2IP	DAB2IP	RO_D100	RO_D45	9.690757987266788e-4	384
geneComp_00128704	TAMM41	TAMM41	RO_D209	RO_D45	9.758916620985953e-4	385
geneComp_00042339	UBXN2B	UBXN2B	RO_D100	RO_D209	9.759310587520846e-4	386
geneComp_00084152	STK32C	STK32C	RO_D100	RO_D45	9.889503871233583e-4	387
geneComp_00115640	LOX	LOX	RO_D209	RO_D45	0.001001058214489	388
geneComp_00130645	UBE2L6	UBE2L6	RO_D209	RO_D45	0.0010032020577621322	389
geneComp_00124741	RPL10	RPL10	RO_D209	RO_D45	0.0010141944029098406	390
geneComp_00115632	LONP1	LONP1	RO_D209	RO_D45	0.0010222368077438871	391
geneComp_00086694	UROS	UROS	RO_D100	RO_D45	0.0010297026613703358	392
geneComp_00111506	HNRNPDL	HNRNPDL	RO_D209	RO_D45	0.001037262570020082	393
geneComp_00049935	DONSON	DONSON	RO_D100	RO_D45	0.0010601372292958864	394
geneComp_00132539	ZSCAN12	ZSCAN12	RO_D209	RO_D45	0.0010691329985661022	395
geneComp_00065626	GABPB1-AS1	GABPB1-AS1	RO_D100	RO_D45	0.0010700071938288618	396
geneComp_00087839	ZNF33B	ZNF33B	RO_D100	RO_D45	0.0010700071938288618	397
geneComp_00086690	URI1	URI1	RO_D100	RO_D45	0.001072619334137724	398
geneComp_00031970	PDE4D	PDE4D	RO_D100	RO_D209	0.001075536819672663	399
geneComp_00068837	KLHL42	KLHL42	RO_D100	RO_D45	0.0010907077549183316	400
geneComp_00083695	SPART	SPART	RO_D100	RO_D45	0.0010907077549183316	401
geneComp_00102031	ENSG00000267383	ENSG00000267383	RO_D209	RO_D45	0.0010962803706126571	402
geneComp_00130413	TTLL4	TTLL4	RO_D209	RO_D45	0.0010962803706126571	403
geneComp_00032344	PIGN	PIGN	RO_D100	RO_D209	0.0010994146145054317	404
geneComp_00076617	PITPNM1	PITPNM1	RO_D100	RO_D45	0.0011164341611010565	405
geneComp_00093235	CUTA	CUTA	RO_D209	RO_D45	0.0011868636929765165	406
geneComp_00001259	ARHGEF10	ARHGEF10	RO_D100	RO_D209	0.001196379401814171	407
geneComp_00025118	LEMD2	LEMD2	RO_D100	RO_D209	0.0012217760808938885	408
geneComp_00049865	DNAJC7	DNAJC7	RO_D100	RO_D45	0.001254028251998119	409
geneComp_00084518	TAOK2	TAOK2	RO_D100	RO_D45	0.0012599915575325323	410
geneComp_00032827	POMZP3	POMZP3	RO_D100	RO_D209	0.0012666535938751907	411
geneComp_00121747	PRRC2A	PRRC2A	RO_D209	RO_D45	0.0012712298733849666	412
geneComp_00047779	CENPA	CENPA	RO_D100	RO_D45	0.0012724480585117718	413
geneComp_00130840	UPF3B	UPF3B	RO_D209	RO_D45	0.0012766179156535593	414
geneComp_00085740	TRA2B	TRA2B	RO_D100	RO_D45	0.001299885797941899	415
geneComp_00005473	DIRAS2	DIRAS2	RO_D100	RO_D209	0.0013159830131925596	416
geneComp_00094548	EFCAB14	EFCAB14	RO_D209	RO_D45	0.0013171544599392888	417
geneComp_00038264	SHC2	SHC2	RO_D100	RO_D209	0.0013233574975921778	418
geneComp_00125921	RTN3	RTN3	RO_D209	RO_D45	0.0013334731131274058	419
geneComp_00046181	BET1	BET1	RO_D100	RO_D45	0.00134341492824783	420
geneComp_00089362	ANKS1B	ANKS1B	RO_D209	RO_D45	0.001362131883475	421
geneComp_00091962	CELF4	CELF4	RO_D209	RO_D45	0.0013676582761335083	422
geneComp_00128769	TAX1BP1	TAX1BP1	RO_D209	RO_D45	0.0013676582761335083	423
geneComp_00086357	TYMP	TYMP	RO_D100	RO_D45	0.0013691950312204365	424
geneComp_00077264	PPP3CB	PPP3CB	RO_D100	RO_D45	0.0013905341783657836	425
geneComp_00075718	OXR1	OXR1	RO_D100	RO_D45	0.0014195194084833768	426
geneComp_00117494	MRPL4	MRPL4	RO_D209	RO_D45	0.0014351063610457547	427
geneComp_00121135	POLA2	POLA2	RO_D209	RO_D45	0.001445959820787494	428
geneComp_00121262	POU6F2	POU6F2	RO_D209	RO_D45	0.001445959820787494	429
geneComp_00090017	ATP5IF1	ATP5IF1	RO_D209	RO_D45	0.0014808919002147313	430
geneComp_00117807	MTHFD2L	MTHFD2L	RO_D209	RO_D45	0.0014808919002147313	431
geneComp_00087620	ZFYVE9	ZFYVE9	RO_D100	RO_D45	0.0015630968026405265	432
geneComp_00126966	SLC25A46	SLC25A46	RO_D209	RO_D45	0.0015831686198433258	433
geneComp_00089031	AK6	AK6	RO_D209	RO_D45	0.0016021206979382353	434
geneComp_00001952	BCOR	BCOR	RO_D100	RO_D209	0.001610705015991794	435
geneComp_00109990	GATB	GATB	RO_D209	RO_D45	0.0016108200812918435	436
geneComp_00128957	TEAD3	TEAD3	RO_D209	RO_D45	0.0016131192991908439	437
geneComp_00049889	DNM2	DNM2	RO_D100	RO_D45	0.0016326571377066929	438
geneComp_00045685	ASPH	ASPH	RO_D100	RO_D45	0.0016519700912179577	439
geneComp_00037575	RWDD3	RWDD3	RO_D100	RO_D209	0.0016707239235735263	440
geneComp_00086485	UBE2Z	UBE2Z	RO_D100	RO_D45	0.0016733299233167487	441
geneComp_00073916	MYO9A	MYO9A	RO_D100	RO_D45	0.0016744035104896348	442
geneComp_00076165	PDE4DIP	PDE4DIP	RO_D100	RO_D45	0.0016744035104896348	443
geneComp_00078002	RAB30-DT	RAB30-DT	RO_D100	RO_D45	0.0016744035104896348	444
geneComp_00116134	MAP6	MAP6	RO_D209	RO_D45	0.001678244899670934	445
geneComp_00130367	TTC3	TTC3	RO_D209	RO_D45	0.0016789409467496527	446
geneComp_00065974	GIT1	GIT1	RO_D100	RO_D45	0.0017041832366382062	447
geneComp_00047791	CENPK	CENPK	RO_D100	RO_D45	0.0017269001901836839	448
geneComp_00044311	ABHD17C	ABHD17C	RO_D100	RO_D45	0.0017459514207056076	449
geneComp_00086634	UNG	UNG	RO_D100	RO_D45	0.001747127954992291	450
geneComp_00004273	COASY	COASY	RO_D100	RO_D209	0.0017550350350254106	451
geneComp_00040442	TBL1XR1	TBL1XR1	RO_D100	RO_D209	0.0017550350350254106	452
geneComp_00090752	C12orf60	C12orf60	RO_D209	RO_D45	0.0017833065674445567	453
geneComp_00118850	NOTCH2NLA	NOTCH2NLA	RO_D209	RO_D45	0.0017974219108459215	454
geneComp_00003363	CDC16	CDC16	RO_D100	RO_D209	0.0018212305656253277	455
geneComp_00080614	RPL14	RPL14	RO_D100	RO_D45	0.001826772027710189	456
geneComp_00082309	SETD5	SETD5	RO_D100	RO_D45	0.0018284095467597488	457
geneComp_00083836	SPPL2B	SPPL2B	RO_D100	RO_D45	0.0018284095467597488	458
geneComp_00092633	CNTN2	CNTN2	RO_D209	RO_D45	0.0018385366907944518	459
geneComp_00118680	NINL	NINL	RO_D209	RO_D45	0.0018528356352536565	460
geneComp_00119193	NUP214	NUP214	RO_D209	RO_D45	0.0018625855543925624	461
geneComp_00119844	OSGEP	OSGEP	RO_D209	RO_D45	0.0018628582133808135	462
geneComp_00128696	TAGLN	TAGLN	RO_D209	RO_D45	0.0018707101409654145	463
geneComp_00090208	B9D1	B9D1	RO_D209	RO_D45	0.00187077377609933	464
geneComp_00047720	CDV3	CDV3	RO_D100	RO_D45	0.0018760519051764207	465
geneComp_00043610	ZNF292	ZNF292	RO_D100	RO_D209	0.0018878502802030161	466
geneComp_00116379	MED18	MED18	RO_D209	RO_D45	0.001895383437449776	467
geneComp_00085577	TNPO2	TNPO2	RO_D100	RO_D45	0.0019007466560427818	468
geneComp_00045336	APP	APP	RO_D100	RO_D45	0.0019468969526621057	469
geneComp_00088297	ZNF91	ZNF91	RO_D100	RO_D45	0.0019472907147863989	470
geneComp_00088717	ADAM17	ADAM17	RO_D209	RO_D45	0.0019966062856026836	471
geneComp_00120314	PDC-AS1	PDC-AS1	RO_D209	RO_D45	0.0020002265718677523	472
geneComp_00126962	SLC25A42	SLC25A42	RO_D209	RO_D45	0.0020002265718677523	473
geneComp_00112513	ITPA	ITPA	RO_D209	RO_D45	0.002000420462259093	474
geneComp_00094731	ELAVL2	ELAVL2	RO_D209	RO_D45	0.0020237185623100474	475
geneComp_00072343	MFSD5	MFSD5	RO_D100	RO_D45	0.0020614220931692677	476
geneComp_00042826	VTI1B	VTI1B	RO_D100	RO_D209	0.0020768752093233596	477
geneComp_00044363	ACAP3	ACAP3	RO_D100	RO_D45	0.0021266759281212376	478
geneComp_00086120	TSPAN9	TSPAN9	RO_D100	RO_D45	0.0021285337745385944	479
geneComp_00087053	WARS2-AS1	WARS2-AS1	RO_D100	RO_D45	0.0021285337745385944	480
geneComp_00046121	BCL2L1	BCL2L1	RO_D100	RO_D45	0.0021380098096478737	481
geneComp_00092002	CENPX	CENPX	RO_D209	RO_D45	0.002139641828069499	482
geneComp_00002866	CASC15	CASC15	RO_D100	RO_D209	0.0021455355759905565	483
geneComp_00042870	WASH5P	WASH5P	RO_D100	RO_D209	0.0022190090014096737	484
geneComp_00132501	ZNG1B	ZNG1B	RO_D209	RO_D45	0.0022266333149033785	485
geneComp_00111981	IGF2BP3	IGF2BP3	RO_D209	RO_D45	0.002229320425310621	486
geneComp_00045492	ARID1A	ARID1A	RO_D100	RO_D45	0.0022665864242437245	487
geneComp_00120300	PCSK5	PCSK5	RO_D209	RO_D45	0.002318871242660146	488
geneComp_00093805	DHRS7	DHRS7	RO_D209	RO_D45	0.0023561305314493855	489
geneComp_00045712	ATAD3B	ATAD3B	RO_D100	RO_D45	0.002358187701094782	490
geneComp_00091254	CASC15	CASC15	RO_D209	RO_D45	0.002393141082557737	491
geneComp_00049583	DGKZ	DGKZ	RO_D100	RO_D45	0.002401202543800806	492
geneComp_00064377	EPB41L2	EPB41L2	RO_D100	RO_D45	0.002401202543800806	493
geneComp_00110707	GSE1	GSE1	RO_D209	RO_D45	0.002460986397828515	494
geneComp_00047625	CDH23	CDH23	RO_D100	RO_D45	0.002474258770566959	495
geneComp_00116386	MED25	MED25	RO_D209	RO_D45	0.0024801349543323993	496
geneComp_00132416	ZNF785	ZNF785	RO_D209	RO_D45	0.002487689292090964	497
geneComp_00049041	CUTA	CUTA	RO_D100	RO_D45	0.0024957084317443925	498
geneComp_00072054	MAX	MAX	RO_D100	RO_D45	0.0025051003727422244	499
geneComp_00020274	ERGIC1	ERGIC1	RO_D100	RO_D209	0.0025259246313480382	500
