platform,sample,stage,isoforms_per_gene_bin,n_genes
LR-salmon,EP1-BRN3B-RO,D200,1,3576
LR-salmon,EP1-BRN3B-RO,D200,2,2338
LR-salmon,EP1-BRN3B-RO,D200,3,1883
LR-salmon,EP1-BRN3B-RO,D200,4,1650
LR-salmon,EP1-BRN3B-RO,D200,5,1417
LR-salmon,EP1-BRN3B-RO,D200,6,1220
LR-salmon,EP1-BRN3B-RO,D200,7,1025
LR-salmon,EP1-BRN3B-RO,D200,8,803
LR-salmon,EP1-BRN3B-RO,D200,9,636
LR-salmon,EP1-BRN3B-RO,D200,10,516
LR-salmon,EP1-BRN3B-RO,D200,10+,2473
LR-salmon,EP1-WT_ROs_D45,D45,1,3365
LR-salmon,EP1-WT_ROs_D45,D45,2,2248
LR-salmon,EP1-WT_ROs_D45,D45,3,1874
LR-salmon,EP1-WT_ROs_D45,D45,4,1632
LR-salmon,EP1-WT_ROs_D45,D45,5,1387
LR-salmon,EP1-WT_ROs_D45,D45,6,1222
LR-salmon,EP1-WT_ROs_D45,D45,7,987
LR-salmon,EP1-WT_ROs_D45,D45,8,781
LR-salmon,EP1-WT_ROs_D45,D45,9,622
LR-salmon,EP1-WT_ROs_D45,D45,10,492
LR-salmon,EP1-WT_ROs_D45,D45,10+,2354
LR-salmon,EP1-WT_hRO_2,D100,1,3537
LR-salmon,EP1-WT_hRO_2,D100,2,2308
LR-salmon,EP1-WT_hRO_2,D100,3,1876
LR-salmon,EP1-WT_hRO_2,D100,4,1704
LR-salmon,EP1-WT_hRO_2,D100,5,1439
LR-salmon,EP1-WT_hRO_2,D100,6,1191
LR-salmon,EP1-WT_hRO_2,D100,7,962
LR-salmon,EP1-WT_hRO_2,D100,8,779
LR-salmon,EP1-WT_hRO_2,D100,9,618
LR-salmon,EP1-WT_hRO_2,D100,10,463
LR-salmon,EP1-WT_hRO_2,D100,10+,2266
LR-salmon,H9-BRN3B-RO,D200,1,3580
LR-salmon,H9-BRN3B-RO,D200,2,2347
LR-salmon,H9-BRN3B-RO,D200,3,1868
LR-salmon,H9-BRN3B-RO,D200,4,1687
LR-salmon,H9-BRN3B-RO,D200,5,1417
LR-salmon,H9-BRN3B-RO,D200,6,1223
LR-salmon,H9-BRN3B-RO,D200,7,1017
LR-salmon,H9-BRN3B-RO,D200,8,807
LR-salmon,H9-BRN3B-RO,D200,9,648
LR-salmon,H9-BRN3B-RO,D200,10,518
LR-salmon,H9-BRN3B-RO,D200,10+,2447
LR-salmon,H9-BRN3B_hRO_2,D100,1,3649
LR-salmon,H9-BRN3B_hRO_2,D100,2,2374
LR-salmon,H9-BRN3B_hRO_2,D100,3,1909
LR-salmon,H9-BRN3B_hRO_2,D100,4,1672
LR-salmon,H9-BRN3B_hRO_2,D100,5,1397
LR-salmon,H9-BRN3B_hRO_2,D100,6,1229
LR-salmon,H9-BRN3B_hRO_2,D100,7,1026
LR-salmon,H9-BRN3B_hRO_2,D100,8,771
LR-salmon,H9-BRN3B_hRO_2,D100,9,593
LR-salmon,H9-BRN3B_hRO_2,D100,10,459
LR-salmon,H9-BRN3B_hRO_2,D100,10+,2236
LR-salmon,H9-CRX_ROs_D45,D45,1,3363
LR-salmon,H9-CRX_ROs_D45,D45,2,2274
LR-salmon,H9-CRX_ROs_D45,D45,3,1863
LR-salmon,H9-CRX_ROs_D45,D45,4,1636
LR-salmon,H9-CRX_ROs_D45,D45,5,1401
LR-salmon,H9-CRX_ROs_D45,D45,6,1221
LR-salmon,H9-CRX_ROs_D45,D45,7,993
LR-salmon,H9-CRX_ROs_D45,D45,8,788
LR-salmon,H9-CRX_ROs_D45,D45,9,615
LR-salmon,H9-CRX_ROs_D45,D45,10,499
LR-salmon,H9-CRX_ROs_D45,D45,10+,2342
LR-salmon,H9-CRX_hRO_2,D100,1,3597
LR-salmon,H9-CRX_hRO_2,D100,2,2311
LR-salmon,H9-CRX_hRO_2,D100,3,1955
LR-salmon,H9-CRX_hRO_2,D100,4,1632
LR-salmon,H9-CRX_hRO_2,D100,5,1383
LR-salmon,H9-CRX_hRO_2,D100,6,1234
LR-salmon,H9-CRX_hRO_2,D100,7,1016
LR-salmon,H9-CRX_hRO_2,D100,8,778
LR-salmon,H9-CRX_hRO_2,D100,9,577
LR-salmon,H9-CRX_hRO_2,D100,10,507
LR-salmon,H9-CRX_hRO_2,D100,10+,2186
SR-salmon,D0_1,D0,1,4201
SR-salmon,D0_1,D0,2,2478
SR-salmon,D0_1,D0,3,2029
SR-salmon,D0_1,D0,4,1576
SR-salmon,D0_1,D0,5,1280
SR-salmon,D0_1,D0,6,1025
SR-salmon,D0_1,D0,7,797
SR-salmon,D0_1,D0,8,648
SR-salmon,D0_1,D0,9,482
SR-salmon,D0_1,D0,10,372
SR-salmon,D0_1,D0,10+,1407
SR-salmon,D0_2,D0,1,4266
SR-salmon,D0_2,D0,2,2545
SR-salmon,D0_2,D0,3,2048
SR-salmon,D0_2,D0,4,1525
SR-salmon,D0_2,D0,5,1301
SR-salmon,D0_2,D0,6,1000
SR-salmon,D0_2,D0,7,776
SR-salmon,D0_2,D0,8,616
SR-salmon,D0_2,D0,9,472
SR-salmon,D0_2,D0,10,359
SR-salmon,D0_2,D0,10+,1251
SR-salmon,D0_3,D0,1,4269
SR-salmon,D0_3,D0,2,2487
SR-salmon,D0_3,D0,3,2030
SR-salmon,D0_3,D0,4,1516
SR-salmon,D0_3,D0,5,1306
SR-salmon,D0_3,D0,6,1043
SR-salmon,D0_3,D0,7,785
SR-salmon,D0_3,D0,8,608
SR-salmon,D0_3,D0,9,453
SR-salmon,D0_3,D0,10,357
SR-salmon,D0_3,D0,10+,1295
SR-salmon,D100_3,D100,1,4148
SR-salmon,D100_3,D100,2,2466
SR-salmon,D100_3,D100,3,1979
SR-salmon,D100_3,D100,4,1646
SR-salmon,D100_3,D100,5,1325
SR-salmon,D100_3,D100,6,1120
SR-salmon,D100_3,D100,7,887
SR-salmon,D100_3,D100,8,678
SR-salmon,D100_3,D100,9,502
SR-salmon,D100_3,D100,10,419
SR-salmon,D100_3,D100,10+,1510
SR-salmon,D100_4,D100,1,4221
SR-salmon,D100_4,D100,2,2518
SR-salmon,D100_4,D100,3,1988
SR-salmon,D100_4,D100,4,1591
SR-salmon,D100_4,D100,5,1360
SR-salmon,D100_4,D100,6,1072
SR-salmon,D100_4,D100,7,860
SR-salmon,D100_4,D100,8,646
SR-salmon,D100_4,D100,9,520
SR-salmon,D100_4,D100,10,361
SR-salmon,D100_4,D100,10+,1450
SR-salmon,D100_5,D100,1,4002
SR-salmon,D100_5,D100,2,2488
SR-salmon,D100_5,D100,3,2021
SR-salmon,D100_5,D100,4,1575
SR-salmon,D100_5,D100,5,1406
SR-salmon,D100_5,D100,6,1114
SR-salmon,D100_5,D100,7,869
SR-salmon,D100_5,D100,8,685
SR-salmon,D100_5,D100,9,558
SR-salmon,D100_5,D100,10,427
SR-salmon,D100_5,D100,10+,1636
SR-salmon,D100_6,D100,1,4049
SR-salmon,D100_6,D100,2,2455
SR-salmon,D100_6,D100,3,2053
SR-salmon,D100_6,D100,4,1627
SR-salmon,D100_6,D100,5,1330
SR-salmon,D100_6,D100,6,1149
SR-salmon,D100_6,D100,7,814
SR-salmon,D100_6,D100,8,695
SR-salmon,D100_6,D100,9,547
SR-salmon,D100_6,D100,10,431
SR-salmon,D100_6,D100,10+,1601
SR-salmon,D10_3,D10,1,4168
SR-salmon,D10_3,D10,2,2475
SR-salmon,D10_3,D10,3,1914
SR-salmon,D10_3,D10,4,1618
SR-salmon,D10_3,D10,5,1298
SR-salmon,D10_3,D10,6,1045
SR-salmon,D10_3,D10,7,826
SR-salmon,D10_3,D10,8,707
SR-salmon,D10_3,D10,9,458
SR-salmon,D10_3,D10,10,382
SR-salmon,D10_3,D10,10+,1460
SR-salmon,D10_4,D10,1,4195
SR-salmon,D10_4,D10,2,2571
SR-salmon,D10_4,D10,3,2008
SR-salmon,D10_4,D10,4,1590
SR-salmon,D10_4,D10,5,1346
SR-salmon,D10_4,D10,6,1022
SR-salmon,D10_4,D10,7,766
SR-salmon,D10_4,D10,8,577
SR-salmon,D10_4,D10,9,463
SR-salmon,D10_4,D10,10,337
SR-salmon,D10_4,D10,10+,1173
SR-salmon,D10_5,D10,1,4146
SR-salmon,D10_5,D10,2,2446
SR-salmon,D10_5,D10,3,1975
SR-salmon,D10_5,D10,4,1564
SR-salmon,D10_5,D10,5,1309
SR-salmon,D10_5,D10,6,1038
SR-salmon,D10_5,D10,7,828
SR-salmon,D10_5,D10,8,639
SR-salmon,D10_5,D10,9,483
SR-salmon,D10_5,D10,10,414
SR-salmon,D10_5,D10,10+,1354
SR-salmon,D10_6,D10,1,4144
SR-salmon,D10_6,D10,2,2441
SR-salmon,D10_6,D10,3,1952
SR-salmon,D10_6,D10,4,1579
SR-salmon,D10_6,D10,5,1261
SR-salmon,D10_6,D10,6,1096
SR-salmon,D10_6,D10,7,759
SR-salmon,D10_6,D10,8,647
SR-salmon,D10_6,D10,9,489
SR-salmon,D10_6,D10,10,415
SR-salmon,D10_6,D10,10+,1425
SR-salmon,D180_1,D180,1,4017
SR-salmon,D180_1,D180,2,2353
SR-salmon,D180_1,D180,3,1997
SR-salmon,D180_1,D180,4,1657
SR-salmon,D180_1,D180,5,1404
SR-salmon,D180_1,D180,6,1146
SR-salmon,D180_1,D180,7,891
SR-salmon,D180_1,D180,8,720
SR-salmon,D180_1,D180,9,571
SR-salmon,D180_1,D180,10,457
SR-salmon,D180_1,D180,10+,1771
SR-salmon,D180_2,D180,1,3936
SR-salmon,D180_2,D180,2,2500
SR-salmon,D180_2,D180,3,2029
SR-salmon,D180_2,D180,4,1622
SR-salmon,D180_2,D180,5,1377
SR-salmon,D180_2,D180,6,1115
SR-salmon,D180_2,D180,7,900
SR-salmon,D180_2,D180,8,671
SR-salmon,D180_2,D180,9,572
SR-salmon,D180_2,D180,10,427
SR-salmon,D180_2,D180,10+,1607
SR-salmon,D180_3,D180,1,3978
SR-salmon,D180_3,D180,2,2447
SR-salmon,D180_3,D180,3,1944
SR-salmon,D180_3,D180,4,1669
SR-salmon,D180_3,D180,5,1323
SR-salmon,D180_3,D180,6,1101
SR-salmon,D180_3,D180,7,880
SR-salmon,D180_3,D180,8,728
SR-salmon,D180_3,D180,9,545
SR-salmon,D180_3,D180,10,468
SR-salmon,D180_3,D180,10+,1662
SR-salmon,D180_4,D180,1,4057
SR-salmon,D180_4,D180,2,2374
SR-salmon,D180_4,D180,3,1915
SR-salmon,D180_4,D180,4,1730
SR-salmon,D180_4,D180,5,1355
SR-salmon,D180_4,D180,6,1106
SR-salmon,D180_4,D180,7,856
SR-salmon,D180_4,D180,8,696
SR-salmon,D180_4,D180,9,527
SR-salmon,D180_4,D180,10,502
SR-salmon,D180_4,D180,10+,1703
SR-salmon,D180_5,D180,1,3831
SR-salmon,D180_5,D180,2,2418
SR-salmon,D180_5,D180,3,1990
SR-salmon,D180_5,D180,4,1625
SR-salmon,D180_5,D180,5,1380
SR-salmon,D180_5,D180,6,1156
SR-salmon,D180_5,D180,7,864
SR-salmon,D180_5,D180,8,670
SR-salmon,D180_5,D180,9,591
SR-salmon,D180_5,D180,10,430
SR-salmon,D180_5,D180,10+,1772
SR-salmon,D180_6,D180,1,4022
SR-salmon,D180_6,D180,2,2460
SR-salmon,D180_6,D180,3,2080
SR-salmon,D180_6,D180,4,1642
SR-salmon,D180_6,D180,5,1385
SR-salmon,D180_6,D180,6,1102
SR-salmon,D180_6,D180,7,848
SR-salmon,D180_6,D180,8,661
SR-salmon,D180_6,D180,9,567
SR-salmon,D180_6,D180,10,454
SR-salmon,D180_6,D180,10+,1572
SR-salmon,D25_1,D25,1,4139
SR-salmon,D25_1,D25,2,2486
SR-salmon,D25_1,D25,3,1901
SR-salmon,D25_1,D25,4,1567
SR-salmon,D25_1,D25,5,1255
SR-salmon,D25_1,D25,6,1063
SR-salmon,D25_1,D25,7,861
SR-salmon,D25_1,D25,8,641
SR-salmon,D25_1,D25,9,528
SR-salmon,D25_1,D25,10,391
SR-salmon,D25_1,D25,10+,1501
SR-salmon,D25_2,D25,1,4105
SR-salmon,D25_2,D25,2,2447
SR-salmon,D25_2,D25,3,1920
SR-salmon,D25_2,D25,4,1518
SR-salmon,D25_2,D25,5,1327
SR-salmon,D25_2,D25,6,1046
SR-salmon,D25_2,D25,7,884
SR-salmon,D25_2,D25,8,694
SR-salmon,D25_2,D25,9,521
SR-salmon,D25_2,D25,10,419
SR-salmon,D25_2,D25,10+,1630
SR-salmon,D25_3,D25,1,4203
SR-salmon,D25_3,D25,2,2459
SR-salmon,D25_3,D25,3,1917
SR-salmon,D25_3,D25,4,1571
SR-salmon,D25_3,D25,5,1276
SR-salmon,D25_3,D25,6,1086
SR-salmon,D25_3,D25,7,814
SR-salmon,D25_3,D25,8,661
SR-salmon,D25_3,D25,9,505
SR-salmon,D25_3,D25,10,412
SR-salmon,D25_3,D25,10+,1430
SR-salmon,D25_4,D25,1,4134
SR-salmon,D25_4,D25,2,2432
SR-salmon,D25_4,D25,3,1941
SR-salmon,D25_4,D25,4,1537
SR-salmon,D25_4,D25,5,1296
SR-salmon,D25_4,D25,6,1113
SR-salmon,D25_4,D25,7,851
SR-salmon,D25_4,D25,8,593
SR-salmon,D25_4,D25,9,495
SR-salmon,D25_4,D25,10,442
SR-salmon,D25_4,D25,10+,1486
SR-salmon,D280_A2,D280,1,4018
SR-salmon,D280_A2,D280,2,2412
SR-salmon,D280_A2,D280,3,2043
SR-salmon,D280_A2,D280,4,1603
SR-salmon,D280_A2,D280,5,1395
SR-salmon,D280_A2,D280,6,1115
SR-salmon,D280_A2,D280,7,894
SR-salmon,D280_A2,D280,8,689
SR-salmon,D280_A2,D280,9,573
SR-salmon,D280_A2,D280,10,441
SR-salmon,D280_A2,D280,10+,1674
SR-salmon,D280_B1,D280,1,3927
SR-salmon,D280_B1,D280,2,2469
SR-salmon,D280_B1,D280,3,2045
SR-salmon,D280_B1,D280,4,1673
SR-salmon,D280_B1,D280,5,1376
SR-salmon,D280_B1,D280,6,1112
SR-salmon,D280_B1,D280,7,862
SR-salmon,D280_B1,D280,8,679
SR-salmon,D280_B1,D280,9,563
SR-salmon,D280_B1,D280,10,430
SR-salmon,D280_B1,D280,10+,1596
SR-salmon,D280_C1,D280,1,3927
SR-salmon,D280_C1,D280,2,2408
SR-salmon,D280_C1,D280,3,2013
SR-salmon,D280_C1,D280,4,1678
SR-salmon,D280_C1,D280,5,1348
SR-salmon,D280_C1,D280,6,1088
SR-salmon,D280_C1,D280,7,887
SR-salmon,D280_C1,D280,8,709
SR-salmon,D280_C1,D280,9,553
SR-salmon,D280_C1,D280,10,452
SR-salmon,D280_C1,D280,10+,1716
SR-salmon,D65_2,D65,1,4046
SR-salmon,D65_2,D65,2,2498
SR-salmon,D65_2,D65,3,1993
SR-salmon,D65_2,D65,4,1618
SR-salmon,D65_2,D65,5,1362
SR-salmon,D65_2,D65,6,1076
SR-salmon,D65_2,D65,7,833
SR-salmon,D65_2,D65,8,680
SR-salmon,D65_2,D65,9,514
SR-salmon,D65_2,D65,10,394
SR-salmon,D65_2,D65,10+,1509
SR-salmon,D65_3,D65,1,4046
SR-salmon,D65_3,D65,2,2514
SR-salmon,D65_3,D65,3,2028
SR-salmon,D65_3,D65,4,1682
SR-salmon,D65_3,D65,5,1335
SR-salmon,D65_3,D65,6,1075
SR-salmon,D65_3,D65,7,814
SR-salmon,D65_3,D65,8,674
SR-salmon,D65_3,D65,9,541
SR-salmon,D65_3,D65,10,424
SR-salmon,D65_3,D65,10+,1406
SR-salmon,D65_5,D65,1,4115
SR-salmon,D65_5,D65,2,2476
SR-salmon,D65_5,D65,3,2050
SR-salmon,D65_5,D65,4,1612
SR-salmon,D65_5,D65,5,1377
SR-salmon,D65_5,D65,6,1090
SR-salmon,D65_5,D65,7,814
SR-salmon,D65_5,D65,8,677
SR-salmon,D65_5,D65,9,500
SR-salmon,D65_5,D65,10,422
SR-salmon,D65_5,D65,10+,1413
SR-salmon,D65_6,D65,1,4046
SR-salmon,D65_6,D65,2,2479
SR-salmon,D65_6,D65,3,1985
SR-salmon,D65_6,D65,4,1656
SR-salmon,D65_6,D65,5,1304
SR-salmon,D65_6,D65,6,1142
SR-salmon,D65_6,D65,7,817
SR-salmon,D65_6,D65,8,677
SR-salmon,D65_6,D65,9,541
SR-salmon,D65_6,D65,10,406
SR-salmon,D65_6,D65,10+,1482
